ISO-10303-21;
HEADER;
/* Generated by software containing ST-Developer
 * from STEP Tools, Inc. (www.steptools.com) 
 */

FILE_DESCRIPTION(
/* description */ (''),
/* implementation_level */ '2;1');

FILE_NAME(
/* name */ 'Nose Cone.step',
/* time_stamp */ '2026-09-19T00:04:36+05:30',
/* author */ (''),
/* organization */ (''),
/* preprocessor_version */ 'ST-DEVELOPER v20.2',
/* originating_system */ 'Autodesk Translation Framework v15.15.0.0',
/* authorisation */ '');

FILE_SCHEMA (('AUTOMOTIVE_DESIGN { 1 0 10303 214 3 1 1 }'));
ENDSEC;

DATA;
#10=MECHANICAL_DESIGN_GEOMETRIC_PRESENTATION_REPRESENTATION('',(#13),#3275);
#11=SHAPE_REPRESENTATION_RELATIONSHIP('SRR','None',#3282,#12);
#12=ADVANCED_BREP_SHAPE_REPRESENTATION('',(#14),#3274);
#13=STYLED_ITEM('',(#3291),#14);
#14=MANIFOLD_SOLID_BREP('Body1',#99);
#15=LINE('',#1709,#17);
#16=LINE('',#1717,#18);
#17=VECTOR('',#134,27.);
#18=VECTOR('',#145,29.);
#19=CYLINDRICAL_SURFACE('',#116,27.);
#20=CYLINDRICAL_SURFACE('',#120,29.);
#21=FACE_BOUND('',#36,.T.);
#22=FACE_BOUND('',#39,.T.);
#23=FACE_BOUND('',#42,.T.);
#24=PLANE('',#114);
#25=PLANE('',#118);
#26=PLANE('',#122);
#27=FACE_OUTER_BOUND('',#34,.T.);
#28=FACE_OUTER_BOUND('',#35,.T.);
#29=FACE_OUTER_BOUND('',#37,.T.);
#30=FACE_OUTER_BOUND('',#38,.T.);
#31=FACE_OUTER_BOUND('',#40,.T.);
#32=FACE_OUTER_BOUND('',#41,.T.);
#33=FACE_OUTER_BOUND('',#43,.T.);
#34=EDGE_LOOP('',(#70,#71,#72));
#35=EDGE_LOOP('',(#73));
#36=EDGE_LOOP('',(#74));
#37=EDGE_LOOP('',(#75,#76,#77,#78));
#38=EDGE_LOOP('',(#79));
#39=EDGE_LOOP('',(#80));
#40=EDGE_LOOP('',(#81,#82,#83,#84));
#41=EDGE_LOOP('',(#85));
#42=EDGE_LOOP('',(#86));
#43=EDGE_LOOP('',(#87,#88,#89));
#44=CIRCLE('',#113,28.);
#45=CIRCLE('',#115,27.);
#46=CIRCLE('',#117,27.);
#47=CIRCLE('',#119,29.);
#48=CIRCLE('',#121,29.);
#49=CIRCLE('',#123,30.);
#50=(
BOUNDED_CURVE()
B_SPLINE_CURVE(5,(#1548,#1549,#1550,#1551,#1552,#1553,#1554,#1555,#1556,
#1557,#1558,#1559,#1560,#1561,#1562,#1563,#1564,#1565,#1566,#1567,#1568,
#1569,#1570,#1571,#1572,#1573,#1574,#1575,#1576,#1577,#1578,#1579,#1580,
#1581,#1582,#1583,#1584,#1585,#1586,#1587,#1588,#1589,#1590,#1591,#1592,
#1593,#1594,#1595,#1596,#1597,#1598,#1599,#1600,#1601,#1602,#1603,#1604,
#1605,#1606,#1607,#1608,#1609,#1610,#1611,#1612,#1613,#1614,#1615,#1616,
#1617,#1618,#1619,#1620,#1621,#1622,#1623,#1624,#1625,#1626,#1627,#1628,
#1629,#1630,#1631,#1632,#1633,#1634,#1635,#1636,#1637,#1638,#1639,#1640,
#1641,#1642,#1643,#1644,#1645,#1646,#1647,#1648,#1649,#1650,#1651,#1652,
#1653,#1654,#1655,#1656,#1657,#1658,#1659,#1660,#1661,#1662,#1663,#1664,
#1665,#1666,#1667,#1668,#1669,#1670,#1671,#1672,#1673,#1674,#1675,#1676,
#1677,#1678,#1679,#1680,#1681,#1682,#1683,#1684,#1685,#1686,#1687,#1688,
#1689,#1690,#1691,#1692,#1693,#1694,#1695,#1696,#1697,#1698,#1699,#1700,
#1701,#1702),.UNSPECIFIED.,.F.,.F.)
B_SPLINE_CURVE_WITH_KNOTS((6,1,1,1,1,1,1,1,1,1,1,1,1,1,1,1,1,1,1,1,1,1,
1,1,1,1,1,1,1,1,1,1,1,1,1,1,1,1,1,1,1,1,1,1,1,1,1,1,1,1,1,1,1,1,1,1,1,1,
1,1,1,1,1,1,1,1,1,1,1,1,1,1,1,1,1,1,1,1,1,1,1,1,1,1,1,1,1,1,1,1,1,1,1,1,
1,1,1,1,1,1,1,1,1,1,1,1,1,1,1,1,1,1,1,1,1,1,1,1,1,1,1,1,1,1,1,1,1,1,1,1,
1,1,1,1,1,1,1,1,1,1,1,1,1,1,1,1,1,1,1,1,6),(0.,0.00666666666666667,0.0133333333333333,
0.02,0.0266666666666667,0.0333333333333333,0.04,0.0466666666666667,0.0533333333333333,
0.06,0.0666666666666667,0.0733333333333333,0.08,0.0866666666666667,0.0933333333333333,
0.1,0.106666666666667,0.113333333333333,0.12,0.126666666666667,0.133333333333333,
0.14,0.146666666666667,0.153333333333333,0.16,0.166666666666667,0.173333333333333,
0.18,0.186666666666667,0.193333333333333,0.2,0.206666666666667,0.213333333333333,
0.22,0.226666666666666,0.233333333333333,0.24,0.246666666666666,0.253333333333333,
0.26,0.266666666666666,0.273333333333333,0.28,0.286666666666666,0.293333333333333,
0.3,0.306666666666666,0.313333333333333,0.32,0.326666666666666,0.333333333333333,
0.34,0.346666666666666,0.353333333333333,0.36,0.366666666666666,0.373333333333333,
0.38,0.386666666666666,0.393333333333333,0.4,0.406666666666666,0.413333333333333,
0.419999999999999,0.426666666666666,0.433333333333333,0.439999999999999,
0.446666666666666,0.453333333333333,0.459999999999999,0.466666666666666,
0.473333333333333,0.479999999999999,0.486666666666666,0.493333333333333,
0.499999999999999,0.506666666666666,0.513333333333333,0.519999999999999,
0.526666666666666,0.533333333333333,0.54,0.546666666666666,0.553333333333333,
0.56,0.566666666666666,0.573333333333333,0.58,0.586666666666667,0.593333333333333,
0.6,0.606666666666667,0.613333333333333,0.62,0.626666666666667,0.633333333333334,
0.64,0.646666666666667,0.653333333333334,0.66,0.666666666666667,0.673333333333334,
0.68,0.686666666666667,0.693333333333334,0.700000000000001,0.706666666666667,
0.713333333333334,0.720000000000001,0.726666666666667,0.733333333333334,
0.740000000000001,0.746666666666668,0.753333333333334,0.760000000000001,
0.766666666666668,0.773333333333334,0.780000000000001,0.786666666666668,
0.793333333333335,0.800000000000001,0.806666666666668,0.813333333333335,
0.820000000000001,0.826666666666668,0.833333333333335,0.840000000000002,
0.846666666666668,0.853333333333335,0.860000000000002,0.866666666666668,
0.873333333333335,0.880000000000002,0.886666666666668,0.893333333333335,
0.900000000000002,0.906666666666669,0.913333333333335,0.920000000000002,
0.926666666666669,0.933333333333335,0.940000000000002,0.946666666666669,
0.953333333333336,0.960000000000002,0.966666666666669,0.973333333333336,
0.980000000000002,0.986666666666669,0.993333333333336,1.),.UNSPECIFIED.)
CURVE()
GEOMETRIC_REPRESENTATION_ITEM()
RATIONAL_B_SPLINE_CURVE((1.,1.,1.,1.,1.,1.,1.,1.,1.,1.,1.,1.,1.,1.,1.,1.,
1.,1.,1.,1.,1.,1.,1.,1.,1.,1.,1.,1.,1.,1.,1.,1.,1.,1.,1.,1.,1.,1.,1.,1.,
1.,1.,1.,1.,1.,1.,1.,1.,1.,1.,1.,1.,1.,1.,1.,1.,1.,1.,1.,1.,1.,1.,1.,1.,
1.,1.,1.,1.,1.,1.,1.,1.,1.,1.,1.,1.,1.,1.,1.,1.,1.,1.,1.,1.,1.,1.,1.,1.,
1.,1.,1.,1.,1.,1.,1.,1.,1.,1.,1.,1.,1.,1.,1.,1.,1.,1.,1.,1.,1.,1.,1.,1.,
1.,1.,1.,1.,1.,1.,1.,1.,1.,1.,1.,1.,1.,1.,1.,1.,1.,1.,1.,1.,1.,1.,1.,1.,
1.,1.,1.,1.,1.,1.,1.,1.,1.,1.,1.,1.,1.,1.,1.,1.,1.,1.,1.))
REPRESENTATION_ITEM('')
);
#51=(
BOUNDED_CURVE()
B_SPLINE_CURVE(5,(#3117,#3118,#3119,#3120,#3121,#3122,#3123,#3124,#3125,
#3126,#3127,#3128,#3129,#3130,#3131,#3132,#3133,#3134,#3135,#3136,#3137,
#3138,#3139,#3140,#3141,#3142,#3143,#3144,#3145,#3146,#3147,#3148,#3149,
#3150,#3151,#3152,#3153,#3154,#3155,#3156,#3157,#3158,#3159,#3160,#3161,
#3162,#3163,#3164,#3165,#3166,#3167,#3168,#3169,#3170,#3171,#3172,#3173,
#3174,#3175,#3176,#3177,#3178,#3179,#3180,#3181,#3182,#3183,#3184,#3185,
#3186,#3187,#3188,#3189,#3190,#3191,#3192,#3193,#3194,#3195,#3196,#3197,
#3198,#3199,#3200,#3201,#3202,#3203,#3204,#3205,#3206,#3207,#3208,#3209,
#3210,#3211,#3212,#3213,#3214,#3215,#3216,#3217,#3218,#3219,#3220,#3221,
#3222,#3223,#3224,#3225,#3226,#3227,#3228,#3229,#3230,#3231,#3232,#3233,
#3234,#3235,#3236,#3237,#3238,#3239,#3240,#3241,#3242,#3243,#3244,#3245,
#3246,#3247,#3248,#3249,#3250,#3251,#3252,#3253,#3254,#3255,#3256,#3257,
#3258,#3259,#3260,#3261,#3262,#3263,#3264,#3265,#3266,#3267,#3268,#3269,
#3270,#3271),.UNSPECIFIED.,.F.,.F.)
B_SPLINE_CURVE_WITH_KNOTS((6,1,1,1,1,1,1,1,1,1,1,1,1,1,1,1,1,1,1,1,1,1,
1,1,1,1,1,1,1,1,1,1,1,1,1,1,1,1,1,1,1,1,1,1,1,1,1,1,1,1,1,1,1,1,1,1,1,1,
1,1,1,1,1,1,1,1,1,1,1,1,1,1,1,1,1,1,1,1,1,1,1,1,1,1,1,1,1,1,1,1,1,1,1,1,
1,1,1,1,1,1,1,1,1,1,1,1,1,1,1,1,1,1,1,1,1,1,1,1,1,1,1,1,1,1,1,1,1,1,1,1,
1,1,1,1,1,1,1,1,1,1,1,1,1,1,1,1,1,1,1,1,6),(0.,0.00666666666666667,0.0133333333333333,
0.02,0.0266666666666667,0.0333333333333333,0.04,0.0466666666666667,0.0533333333333333,
0.06,0.0666666666666667,0.0733333333333333,0.08,0.0866666666666667,0.0933333333333333,
0.1,0.106666666666667,0.113333333333333,0.12,0.126666666666667,0.133333333333333,
0.14,0.146666666666667,0.153333333333333,0.16,0.166666666666667,0.173333333333333,
0.18,0.186666666666667,0.193333333333333,0.2,0.206666666666667,0.213333333333333,
0.22,0.226666666666666,0.233333333333333,0.24,0.246666666666666,0.253333333333333,
0.26,0.266666666666666,0.273333333333333,0.28,0.286666666666666,0.293333333333333,
0.3,0.306666666666666,0.313333333333333,0.32,0.326666666666666,0.333333333333333,
0.34,0.346666666666666,0.353333333333333,0.36,0.366666666666666,0.373333333333333,
0.38,0.386666666666666,0.393333333333333,0.4,0.406666666666666,0.413333333333333,
0.419999999999999,0.426666666666666,0.433333333333333,0.439999999999999,
0.446666666666666,0.453333333333333,0.459999999999999,0.466666666666666,
0.473333333333333,0.479999999999999,0.486666666666666,0.493333333333333,
0.499999999999999,0.506666666666666,0.513333333333333,0.519999999999999,
0.526666666666666,0.533333333333333,0.54,0.546666666666666,0.553333333333333,
0.56,0.566666666666666,0.573333333333333,0.58,0.586666666666667,0.593333333333333,
0.6,0.606666666666667,0.613333333333333,0.62,0.626666666666667,0.633333333333334,
0.64,0.646666666666667,0.653333333333334,0.66,0.666666666666667,0.673333333333334,
0.68,0.686666666666667,0.693333333333334,0.700000000000001,0.706666666666667,
0.713333333333334,0.720000000000001,0.726666666666667,0.733333333333334,
0.740000000000001,0.746666666666668,0.753333333333334,0.760000000000001,
0.766666666666668,0.773333333333334,0.780000000000001,0.786666666666668,
0.793333333333335,0.800000000000001,0.806666666666668,0.813333333333335,
0.820000000000001,0.826666666666668,0.833333333333335,0.840000000000002,
0.846666666666668,0.853333333333335,0.860000000000002,0.866666666666668,
0.873333333333335,0.880000000000002,0.886666666666668,0.893333333333335,
0.900000000000002,0.906666666666669,0.913333333333335,0.920000000000002,
0.926666666666669,0.933333333333335,0.940000000000002,0.946666666666669,
0.953333333333336,0.960000000000002,0.966666666666669,0.973333333333336,
0.980000000000002,0.986666666666669,0.993333333333336,1.),.UNSPECIFIED.)
CURVE()
GEOMETRIC_REPRESENTATION_ITEM()
RATIONAL_B_SPLINE_CURVE((1.,1.,1.,1.,1.,1.,1.,1.,1.,1.,1.,1.,1.,1.,1.,1.,
1.,1.,1.,1.,1.,1.,1.,1.,1.,1.,1.,1.,1.,1.,1.,1.,1.,1.,1.,1.,1.,1.,1.,1.,
1.,1.,1.,1.,1.,1.,1.,1.,1.,1.,1.,1.,1.,1.,1.,1.,1.,1.,1.,1.,1.,1.,1.,1.,
1.,1.,1.,1.,1.,1.,1.,1.,1.,1.,1.,1.,1.,1.,1.,1.,1.,1.,1.,1.,1.,1.,1.,1.,
1.,1.,1.,1.,1.,1.,1.,1.,1.,1.,1.,1.,1.,1.,1.,1.,1.,1.,1.,1.,1.,1.,1.,1.,
1.,1.,1.,1.,1.,1.,1.,1.,1.,1.,1.,1.,1.,1.,1.,1.,1.,1.,1.,1.,1.,1.,1.,1.,
1.,1.,1.,1.,1.,1.,1.,1.,1.,1.,1.,1.,1.,1.,1.,1.,1.,1.,1.))
REPRESENTATION_ITEM('')
);
#52=VERTEX_POINT('',#1546);
#53=VERTEX_POINT('',#1547);
#54=VERTEX_POINT('',#1705);
#55=VERTEX_POINT('',#1708);
#56=VERTEX_POINT('',#1712);
#57=VERTEX_POINT('',#1715);
#58=VERTEX_POINT('',#1719);
#59=VERTEX_POINT('',#3116);
#60=EDGE_CURVE('',#52,#53,#50,.T.);
#61=EDGE_CURVE('',#53,#53,#44,.T.);
#62=EDGE_CURVE('',#54,#54,#45,.T.);
#63=EDGE_CURVE('',#54,#55,#15,.T.);
#64=EDGE_CURVE('',#55,#55,#46,.T.);
#65=EDGE_CURVE('',#56,#56,#47,.T.);
#66=EDGE_CURVE('',#57,#57,#48,.T.);
#67=EDGE_CURVE('',#57,#56,#16,.T.);
#68=EDGE_CURVE('',#58,#58,#49,.T.);
#69=EDGE_CURVE('',#59,#58,#51,.T.);
#70=ORIENTED_EDGE('',*,*,#60,.F.);
#71=ORIENTED_EDGE('',*,*,#60,.T.);
#72=ORIENTED_EDGE('',*,*,#61,.F.);
#73=ORIENTED_EDGE('',*,*,#61,.T.);
#74=ORIENTED_EDGE('',*,*,#62,.F.);
#75=ORIENTED_EDGE('',*,*,#62,.T.);
#76=ORIENTED_EDGE('',*,*,#63,.T.);
#77=ORIENTED_EDGE('',*,*,#64,.F.);
#78=ORIENTED_EDGE('',*,*,#63,.F.);
#79=ORIENTED_EDGE('',*,*,#65,.F.);
#80=ORIENTED_EDGE('',*,*,#64,.T.);
#81=ORIENTED_EDGE('',*,*,#66,.F.);
#82=ORIENTED_EDGE('',*,*,#67,.T.);
#83=ORIENTED_EDGE('',*,*,#65,.T.);
#84=ORIENTED_EDGE('',*,*,#67,.F.);
#85=ORIENTED_EDGE('',*,*,#68,.F.);
#86=ORIENTED_EDGE('',*,*,#66,.T.);
#87=ORIENTED_EDGE('',*,*,#69,.T.);
#88=ORIENTED_EDGE('',*,*,#68,.T.);
#89=ORIENTED_EDGE('',*,*,#69,.F.);
#90=(
BOUNDED_SURFACE()
B_SPLINE_SURFACE(5,2,((#151,#152,#153,#154,#155,#156,#157,#158,#159),(#160,
#161,#162,#163,#164,#165,#166,#167,#168),(#169,#170,#171,#172,#173,#174,
#175,#176,#177),(#178,#179,#180,#181,#182,#183,#184,#185,#186),(#187,#188,
#189,#190,#191,#192,#193,#194,#195),(#196,#197,#198,#199,#200,#201,#202,
#203,#204),(#205,#206,#207,#208,#209,#210,#211,#212,#213),(#214,#215,#216,
#217,#218,#219,#220,#221,#222),(#223,#224,#225,#226,#227,#228,#229,#230,
#231),(#232,#233,#234,#235,#236,#237,#238,#239,#240),(#241,#242,#243,#244,
#245,#246,#247,#248,#249),(#250,#251,#252,#253,#254,#255,#256,#257,#258),
(#259,#260,#261,#262,#263,#264,#265,#266,#267),(#268,#269,#270,#271,#272,
#273,#274,#275,#276),(#277,#278,#279,#280,#281,#282,#283,#284,#285),(#286,
#287,#288,#289,#290,#291,#292,#293,#294),(#295,#296,#297,#298,#299,#300,
#301,#302,#303),(#304,#305,#306,#307,#308,#309,#310,#311,#312),(#313,#314,
#315,#316,#317,#318,#319,#320,#321),(#322,#323,#324,#325,#326,#327,#328,
#329,#330),(#331,#332,#333,#334,#335,#336,#337,#338,#339),(#340,#341,#342,
#343,#344,#345,#346,#347,#348),(#349,#350,#351,#352,#353,#354,#355,#356,
#357),(#358,#359,#360,#361,#362,#363,#364,#365,#366),(#367,#368,#369,#370,
#371,#372,#373,#374,#375),(#376,#377,#378,#379,#380,#381,#382,#383,#384),
(#385,#386,#387,#388,#389,#390,#391,#392,#393),(#394,#395,#396,#397,#398,
#399,#400,#401,#402),(#403,#404,#405,#406,#407,#408,#409,#410,#411),(#412,
#413,#414,#415,#416,#417,#418,#419,#420),(#421,#422,#423,#424,#425,#426,
#427,#428,#429),(#430,#431,#432,#433,#434,#435,#436,#437,#438),(#439,#440,
#441,#442,#443,#444,#445,#446,#447),(#448,#449,#450,#451,#452,#453,#454,
#455,#456),(#457,#458,#459,#460,#461,#462,#463,#464,#465),(#466,#467,#468,
#469,#470,#471,#472,#473,#474),(#475,#476,#477,#478,#479,#480,#481,#482,
#483),(#484,#485,#486,#487,#488,#489,#490,#491,#492),(#493,#494,#495,#496,
#497,#498,#499,#500,#501),(#502,#503,#504,#505,#506,#507,#508,#509,#510),
(#511,#512,#513,#514,#515,#516,#517,#518,#519),(#520,#521,#522,#523,#524,
#525,#526,#527,#528),(#529,#530,#531,#532,#533,#534,#535,#536,#537),(#538,
#539,#540,#541,#542,#543,#544,#545,#546),(#547,#548,#549,#550,#551,#552,
#553,#554,#555),(#556,#557,#558,#559,#560,#561,#562,#563,#564),(#565,#566,
#567,#568,#569,#570,#571,#572,#573),(#574,#575,#576,#577,#578,#579,#580,
#581,#582),(#583,#584,#585,#586,#587,#588,#589,#590,#591),(#592,#593,#594,
#595,#596,#597,#598,#599,#600),(#601,#602,#603,#604,#605,#606,#607,#608,
#609),(#610,#611,#612,#613,#614,#615,#616,#617,#618),(#619,#620,#621,#622,
#623,#624,#625,#626,#627),(#628,#629,#630,#631,#632,#633,#634,#635,#636),
(#637,#638,#639,#640,#641,#642,#643,#644,#645),(#646,#647,#648,#649,#650,
#651,#652,#653,#654),(#655,#656,#657,#658,#659,#660,#661,#662,#663),(#664,
#665,#666,#667,#668,#669,#670,#671,#672),(#673,#674,#675,#676,#677,#678,
#679,#680,#681),(#682,#683,#684,#685,#686,#687,#688,#689,#690),(#691,#692,
#693,#694,#695,#696,#697,#698,#699),(#700,#701,#702,#703,#704,#705,#706,
#707,#708),(#709,#710,#711,#712,#713,#714,#715,#716,#717),(#718,#719,#720,
#721,#722,#723,#724,#725,#726),(#727,#728,#729,#730,#731,#732,#733,#734,
#735),(#736,#737,#738,#739,#740,#741,#742,#743,#744),(#745,#746,#747,#748,
#749,#750,#751,#752,#753),(#754,#755,#756,#757,#758,#759,#760,#761,#762),
(#763,#764,#765,#766,#767,#768,#769,#770,#771),(#772,#773,#774,#775,#776,
#777,#778,#779,#780),(#781,#782,#783,#784,#785,#786,#787,#788,#789),(#790,
#791,#792,#793,#794,#795,#796,#797,#798),(#799,#800,#801,#802,#803,#804,
#805,#806,#807),(#808,#809,#810,#811,#812,#813,#814,#815,#816),(#817,#818,
#819,#820,#821,#822,#823,#824,#825),(#826,#827,#828,#829,#830,#831,#832,
#833,#834),(#835,#836,#837,#838,#839,#840,#841,#842,#843),(#844,#845,#846,
#847,#848,#849,#850,#851,#852),(#853,#854,#855,#856,#857,#858,#859,#860,
#861),(#862,#863,#864,#865,#866,#867,#868,#869,#870),(#871,#872,#873,#874,
#875,#876,#877,#878,#879),(#880,#881,#882,#883,#884,#885,#886,#887,#888),
(#889,#890,#891,#892,#893,#894,#895,#896,#897),(#898,#899,#900,#901,#902,
#903,#904,#905,#906),(#907,#908,#909,#910,#911,#912,#913,#914,#915),(#916,
#917,#918,#919,#920,#921,#922,#923,#924),(#925,#926,#927,#928,#929,#930,
#931,#932,#933),(#934,#935,#936,#937,#938,#939,#940,#941,#942),(#943,#944,
#945,#946,#947,#948,#949,#950,#951),(#952,#953,#954,#955,#956,#957,#958,
#959,#960),(#961,#962,#963,#964,#965,#966,#967,#968,#969),(#970,#971,#972,
#973,#974,#975,#976,#977,#978),(#979,#980,#981,#982,#983,#984,#985,#986,
#987),(#988,#989,#990,#991,#992,#993,#994,#995,#996),(#997,#998,#999,#1000,
#1001,#1002,#1003,#1004,#1005),(#1006,#1007,#1008,#1009,#1010,#1011,#1012,
#1013,#1014),(#1015,#1016,#1017,#1018,#1019,#1020,#1021,#1022,#1023),(#1024,
#1025,#1026,#1027,#1028,#1029,#1030,#1031,#1032),(#1033,#1034,#1035,#1036,
#1037,#1038,#1039,#1040,#1041),(#1042,#1043,#1044,#1045,#1046,#1047,#1048,
#1049,#1050),(#1051,#1052,#1053,#1054,#1055,#1056,#1057,#1058,#1059),(#1060,
#1061,#1062,#1063,#1064,#1065,#1066,#1067,#1068),(#1069,#1070,#1071,#1072,
#1073,#1074,#1075,#1076,#1077),(#1078,#1079,#1080,#1081,#1082,#1083,#1084,
#1085,#1086),(#1087,#1088,#1089,#1090,#1091,#1092,#1093,#1094,#1095),(#1096,
#1097,#1098,#1099,#1100,#1101,#1102,#1103,#1104),(#1105,#1106,#1107,#1108,
#1109,#1110,#1111,#1112,#1113),(#1114,#1115,#1116,#1117,#1118,#1119,#1120,
#1121,#1122),(#1123,#1124,#1125,#1126,#1127,#1128,#1129,#1130,#1131),(#1132,
#1133,#1134,#1135,#1136,#1137,#1138,#1139,#1140),(#1141,#1142,#1143,#1144,
#1145,#1146,#1147,#1148,#1149),(#1150,#1151,#1152,#1153,#1154,#1155,#1156,
#1157,#1158),(#1159,#1160,#1161,#1162,#1163,#1164,#1165,#1166,#1167),(#1168,
#1169,#1170,#1171,#1172,#1173,#1174,#1175,#1176),(#1177,#1178,#1179,#1180,
#1181,#1182,#1183,#1184,#1185),(#1186,#1187,#1188,#1189,#1190,#1191,#1192,
#1193,#1194),(#1195,#1196,#1197,#1198,#1199,#1200,#1201,#1202,#1203),(#1204,
#1205,#1206,#1207,#1208,#1209,#1210,#1211,#1212),(#1213,#1214,#1215,#1216,
#1217,#1218,#1219,#1220,#1221),(#1222,#1223,#1224,#1225,#1226,#1227,#1228,
#1229,#1230),(#1231,#1232,#1233,#1234,#1235,#1236,#1237,#1238,#1239),(#1240,
#1241,#1242,#1243,#1244,#1245,#1246,#1247,#1248),(#1249,#1250,#1251,#1252,
#1253,#1254,#1255,#1256,#1257),(#1258,#1259,#1260,#1261,#1262,#1263,#1264,
#1265,#1266),(#1267,#1268,#1269,#1270,#1271,#1272,#1273,#1274,#1275),(#1276,
#1277,#1278,#1279,#1280,#1281,#1282,#1283,#1284),(#1285,#1286,#1287,#1288,
#1289,#1290,#1291,#1292,#1293),(#1294,#1295,#1296,#1297,#1298,#1299,#1300,
#1301,#1302),(#1303,#1304,#1305,#1306,#1307,#1308,#1309,#1310,#1311),(#1312,
#1313,#1314,#1315,#1316,#1317,#1318,#1319,#1320),(#1321,#1322,#1323,#1324,
#1325,#1326,#1327,#1328,#1329),(#1330,#1331,#1332,#1333,#1334,#1335,#1336,
#1337,#1338),(#1339,#1340,#1341,#1342,#1343,#1344,#1345,#1346,#1347),(#1348,
#1349,#1350,#1351,#1352,#1353,#1354,#1355,#1356),(#1357,#1358,#1359,#1360,
#1361,#1362,#1363,#1364,#1365),(#1366,#1367,#1368,#1369,#1370,#1371,#1372,
#1373,#1374),(#1375,#1376,#1377,#1378,#1379,#1380,#1381,#1382,#1383),(#1384,
#1385,#1386,#1387,#1388,#1389,#1390,#1391,#1392),(#1393,#1394,#1395,#1396,
#1397,#1398,#1399,#1400,#1401),(#1402,#1403,#1404,#1405,#1406,#1407,#1408,
#1409,#1410),(#1411,#1412,#1413,#1414,#1415,#1416,#1417,#1418,#1419),(#1420,
#1421,#1422,#1423,#1424,#1425,#1426,#1427,#1428),(#1429,#1430,#1431,#1432,
#1433,#1434,#1435,#1436,#1437),(#1438,#1439,#1440,#1441,#1442,#1443,#1444,
#1445,#1446),(#1447,#1448,#1449,#1450,#1451,#1452,#1453,#1454,#1455),(#1456,
#1457,#1458,#1459,#1460,#1461,#1462,#1463,#1464),(#1465,#1466,#1467,#1468,
#1469,#1470,#1471,#1472,#1473),(#1474,#1475,#1476,#1477,#1478,#1479,#1480,
#1481,#1482),(#1483,#1484,#1485,#1486,#1487,#1488,#1489,#1490,#1491),(#1492,
#1493,#1494,#1495,#1496,#1497,#1498,#1499,#1500),(#1501,#1502,#1503,#1504,
#1505,#1506,#1507,#1508,#1509),(#1510,#1511,#1512,#1513,#1514,#1515,#1516,
#1517,#1518),(#1519,#1520,#1521,#1522,#1523,#1524,#1525,#1526,#1527),(#1528,
#1529,#1530,#1531,#1532,#1533,#1534,#1535,#1536),(#1537,#1538,#1539,#1540,
#1541,#1542,#1543,#1544,#1545)),.UNSPECIFIED.,.F.,.T.,.F.)
B_SPLINE_SURFACE_WITH_KNOTS((6,1,1,1,1,1,1,1,1,1,1,1,1,1,1,1,1,1,1,1,1,
1,1,1,1,1,1,1,1,1,1,1,1,1,1,1,1,1,1,1,1,1,1,1,1,1,1,1,1,1,1,1,1,1,1,1,1,
1,1,1,1,1,1,1,1,1,1,1,1,1,1,1,1,1,1,1,1,1,1,1,1,1,1,1,1,1,1,1,1,1,1,1,1,
1,1,1,1,1,1,1,1,1,1,1,1,1,1,1,1,1,1,1,1,1,1,1,1,1,1,1,1,1,1,1,1,1,1,1,1,
1,1,1,1,1,1,1,1,1,1,1,1,1,1,1,1,1,1,1,1,1,6),(3,2,2,2,3),(-1.,-0.993333333333336,
-0.986666666666669,-0.980000000000002,-0.973333333333336,-0.966666666666669,
-0.960000000000002,-0.953333333333336,-0.946666666666669,-0.940000000000002,
-0.933333333333335,-0.926666666666669,-0.920000000000002,-0.913333333333335,
-0.906666666666669,-0.900000000000002,-0.893333333333335,-0.886666666666668,
-0.880000000000002,-0.873333333333335,-0.866666666666668,-0.860000000000002,
-0.853333333333335,-0.846666666666668,-0.840000000000002,-0.833333333333335,
-0.826666666666668,-0.820000000000001,-0.813333333333335,-0.806666666666668,
-0.800000000000001,-0.793333333333335,-0.786666666666668,-0.780000000000001,
-0.773333333333334,-0.766666666666668,-0.760000000000001,-0.753333333333334,
-0.746666666666668,-0.740000000000001,-0.733333333333334,-0.726666666666667,
-0.720000000000001,-0.713333333333334,-0.706666666666667,-0.700000000000001,
-0.693333333333334,-0.686666666666667,-0.68,-0.673333333333334,-0.666666666666667,
-0.66,-0.653333333333334,-0.646666666666667,-0.64,-0.633333333333334,-0.626666666666667,
-0.62,-0.613333333333333,-0.606666666666667,-0.6,-0.593333333333333,-0.586666666666667,
-0.58,-0.573333333333333,-0.566666666666666,-0.56,-0.553333333333333,-0.546666666666666,
-0.54,-0.533333333333333,-0.526666666666666,-0.519999999999999,-0.513333333333333,
-0.506666666666666,-0.499999999999999,-0.493333333333333,-0.486666666666666,
-0.479999999999999,-0.473333333333333,-0.466666666666666,-0.459999999999999,
-0.453333333333333,-0.446666666666666,-0.439999999999999,-0.433333333333333,
-0.426666666666666,-0.419999999999999,-0.413333333333333,-0.406666666666666,
-0.4,-0.393333333333333,-0.386666666666666,-0.38,-0.373333333333333,-0.366666666666666,
-0.36,-0.353333333333333,-0.346666666666666,-0.34,-0.333333333333333,-0.326666666666666,
-0.32,-0.313333333333333,-0.306666666666666,-0.3,-0.293333333333333,-0.286666666666666,
-0.28,-0.273333333333333,-0.266666666666666,-0.26,-0.253333333333333,-0.246666666666666,
-0.24,-0.233333333333333,-0.226666666666666,-0.22,-0.213333333333333,-0.206666666666667,
-0.2,-0.193333333333333,-0.186666666666667,-0.18,-0.173333333333333,-0.166666666666667,
-0.16,-0.153333333333333,-0.146666666666667,-0.14,-0.133333333333333,-0.126666666666667,
-0.12,-0.113333333333333,-0.106666666666667,-0.1,-0.0933333333333333,-0.0866666666666667,
-0.08,-0.0733333333333333,-0.0666666666666667,-0.06,-0.0533333333333333,
-0.0466666666666667,-0.04,-0.0333333333333333,-0.0266666666666667,-0.02,
-0.0133333333333333,-0.00666666666666667,0.),(0.,1.5707963267949,3.14159265358979,
4.71238898038469,6.28318530717959),.UNSPECIFIED.)
GEOMETRIC_REPRESENTATION_ITEM()
RATIONAL_B_SPLINE_SURFACE(((1.,0.707106781186548,1.,0.707106781186548,1.,
0.707106781186548,1.,0.707106781186548,1.),(1.,0.707106781186548,1.,0.707106781186548,
1.,0.707106781186548,1.,0.707106781186548,1.),(1.,0.707106781186548,1.,
0.707106781186548,1.,0.707106781186548,1.,0.707106781186548,1.),(1.,0.707106781186548,
1.,0.707106781186548,1.,0.707106781186548,1.,0.707106781186548,1.),(1.,
0.707106781186548,1.,0.707106781186548,1.,0.707106781186548,1.,0.707106781186548,
1.),(1.,0.707106781186548,1.,0.707106781186548,1.,0.707106781186548,1.,
0.707106781186548,1.),(1.,0.707106781186548,1.,0.707106781186548,1.,0.707106781186548,
1.,0.707106781186548,1.),(1.,0.707106781186548,1.,0.707106781186548,1.,
0.707106781186548,1.,0.707106781186548,1.),(1.,0.707106781186548,1.,0.707106781186548,
1.,0.707106781186548,1.,0.707106781186548,1.),(1.,0.707106781186548,1.,
0.707106781186548,1.,0.707106781186548,1.,0.707106781186548,1.),(1.,0.707106781186548,
1.,0.707106781186548,1.,0.707106781186548,1.,0.707106781186548,1.),(1.,
0.707106781186548,1.,0.707106781186548,1.,0.707106781186548,1.,0.707106781186548,
1.),(1.,0.707106781186548,1.,0.707106781186548,1.,0.707106781186548,1.,
0.707106781186548,1.),(1.,0.707106781186548,1.,0.707106781186548,1.,0.707106781186548,
1.,0.707106781186548,1.),(1.,0.707106781186548,1.,0.707106781186548,1.,
0.707106781186548,1.,0.707106781186548,1.),(1.,0.707106781186548,1.,0.707106781186548,
1.,0.707106781186548,1.,0.707106781186548,1.),(1.,0.707106781186548,1.,
0.707106781186548,1.,0.707106781186548,1.,0.707106781186548,1.),(1.,0.707106781186548,
1.,0.707106781186548,1.,0.707106781186548,1.,0.707106781186548,1.),(1.,
0.707106781186548,1.,0.707106781186548,1.,0.707106781186548,1.,0.707106781186548,
1.),(1.,0.707106781186548,1.,0.707106781186548,1.,0.707106781186548,1.,
0.707106781186548,1.),(1.,0.707106781186548,1.,0.707106781186548,1.,0.707106781186548,
1.,0.707106781186548,1.),(1.,0.707106781186548,1.,0.707106781186548,1.,
0.707106781186548,1.,0.707106781186548,1.),(1.,0.707106781186548,1.,0.707106781186548,
1.,0.707106781186548,1.,0.707106781186548,1.),(1.,0.707106781186548,1.,
0.707106781186548,1.,0.707106781186548,1.,0.707106781186548,1.),(1.,0.707106781186548,
1.,0.707106781186548,1.,0.707106781186548,1.,0.707106781186548,1.),(1.,
0.707106781186548,1.,0.707106781186548,1.,0.707106781186548,1.,0.707106781186548,
1.),(1.,0.707106781186548,1.,0.707106781186548,1.,0.707106781186548,1.,
0.707106781186548,1.),(1.,0.707106781186548,1.,0.707106781186548,1.,0.707106781186548,
1.,0.707106781186548,1.),(1.,0.707106781186548,1.,0.707106781186548,1.,
0.707106781186548,1.,0.707106781186548,1.),(1.,0.707106781186548,1.,0.707106781186548,
1.,0.707106781186548,1.,0.707106781186548,1.),(1.,0.707106781186548,1.,
0.707106781186548,1.,0.707106781186548,1.,0.707106781186548,1.),(1.,0.707106781186548,
1.,0.707106781186548,1.,0.707106781186548,1.,0.707106781186548,1.),(1.,
0.707106781186548,1.,0.707106781186548,1.,0.707106781186548,1.,0.707106781186548,
1.),(1.,0.707106781186548,1.,0.707106781186548,1.,0.707106781186548,1.,
0.707106781186548,1.),(1.,0.707106781186548,1.,0.707106781186548,1.,0.707106781186548,
1.,0.707106781186548,1.),(1.,0.707106781186548,1.,0.707106781186548,1.,
0.707106781186548,1.,0.707106781186548,1.),(1.,0.707106781186548,1.,0.707106781186548,
1.,0.707106781186548,1.,0.707106781186548,1.),(1.,0.707106781186548,1.,
0.707106781186548,1.,0.707106781186548,1.,0.707106781186548,1.),(1.,0.707106781186548,
1.,0.707106781186548,1.,0.707106781186548,1.,0.707106781186548,1.),(1.,
0.707106781186548,1.,0.707106781186548,1.,0.707106781186548,1.,0.707106781186548,
1.),(1.,0.707106781186548,1.,0.707106781186548,1.,0.707106781186548,1.,
0.707106781186548,1.),(1.,0.707106781186548,1.,0.707106781186548,1.,0.707106781186548,
1.,0.707106781186548,1.),(1.,0.707106781186548,1.,0.707106781186548,1.,
0.707106781186548,1.,0.707106781186548,1.),(1.,0.707106781186548,1.,0.707106781186548,
1.,0.707106781186548,1.,0.707106781186548,1.),(1.,0.707106781186548,1.,
0.707106781186548,1.,0.707106781186548,1.,0.707106781186548,1.),(1.,0.707106781186548,
1.,0.707106781186548,1.,0.707106781186548,1.,0.707106781186548,1.),(1.,
0.707106781186548,1.,0.707106781186548,1.,0.707106781186548,1.,0.707106781186548,
1.),(1.,0.707106781186548,1.,0.707106781186548,1.,0.707106781186548,1.,
0.707106781186548,1.),(1.,0.707106781186548,1.,0.707106781186548,1.,0.707106781186548,
1.,0.707106781186548,1.),(1.,0.707106781186548,1.,0.707106781186548,1.,
0.707106781186548,1.,0.707106781186548,1.),(1.,0.707106781186548,1.,0.707106781186548,
1.,0.707106781186548,1.,0.707106781186548,1.),(1.,0.707106781186548,1.,
0.707106781186548,1.,0.707106781186548,1.,0.707106781186548,1.),(1.,0.707106781186548,
1.,0.707106781186548,1.,0.707106781186548,1.,0.707106781186548,1.),(1.,
0.707106781186548,1.,0.707106781186548,1.,0.707106781186548,1.,0.707106781186548,
1.),(1.,0.707106781186548,1.,0.707106781186548,1.,0.707106781186548,1.,
0.707106781186548,1.),(1.,0.707106781186548,1.,0.707106781186548,1.,0.707106781186548,
1.,0.707106781186548,1.),(1.,0.707106781186548,1.,0.707106781186548,1.,
0.707106781186548,1.,0.707106781186548,1.),(1.,0.707106781186548,1.,0.707106781186548,
1.,0.707106781186548,1.,0.707106781186548,1.),(1.,0.707106781186548,1.,
0.707106781186548,1.,0.707106781186548,1.,0.707106781186548,1.),(1.,0.707106781186548,
1.,0.707106781186548,1.,0.707106781186548,1.,0.707106781186548,1.),(1.,
0.707106781186548,1.,0.707106781186548,1.,0.707106781186548,1.,0.707106781186548,
1.),(1.,0.707106781186548,1.,0.707106781186548,1.,0.707106781186548,1.,
0.707106781186548,1.),(1.,0.707106781186548,1.,0.707106781186548,1.,0.707106781186548,
1.,0.707106781186548,1.),(1.,0.707106781186548,1.,0.707106781186548,1.,
0.707106781186548,1.,0.707106781186548,1.),(1.,0.707106781186548,1.,0.707106781186548,
1.,0.707106781186548,1.,0.707106781186548,1.),(1.,0.707106781186548,1.,
0.707106781186548,1.,0.707106781186548,1.,0.707106781186548,1.),(1.,0.707106781186548,
1.,0.707106781186548,1.,0.707106781186548,1.,0.707106781186548,1.),(1.,
0.707106781186548,1.,0.707106781186548,1.,0.707106781186548,1.,0.707106781186548,
1.),(1.,0.707106781186548,1.,0.707106781186548,1.,0.707106781186548,1.,
0.707106781186548,1.),(1.,0.707106781186548,1.,0.707106781186548,1.,0.707106781186548,
1.,0.707106781186548,1.),(1.,0.707106781186548,1.,0.707106781186548,1.,
0.707106781186548,1.,0.707106781186548,1.),(1.,0.707106781186548,1.,0.707106781186548,
1.,0.707106781186548,1.,0.707106781186548,1.),(1.,0.707106781186548,1.,
0.707106781186548,1.,0.707106781186548,1.,0.707106781186548,1.),(1.,0.707106781186548,
1.,0.707106781186548,1.,0.707106781186548,1.,0.707106781186548,1.),(1.,
0.707106781186548,1.,0.707106781186548,1.,0.707106781186548,1.,0.707106781186548,
1.),(1.,0.707106781186548,1.,0.707106781186548,1.,0.707106781186548,1.,
0.707106781186548,1.),(1.,0.707106781186548,1.,0.707106781186548,1.,0.707106781186548,
1.,0.707106781186548,1.),(1.,0.707106781186548,1.,0.707106781186548,1.,
0.707106781186548,1.,0.707106781186548,1.),(1.,0.707106781186548,1.,0.707106781186548,
1.,0.707106781186548,1.,0.707106781186548,1.),(1.,0.707106781186548,1.,
0.707106781186548,1.,0.707106781186548,1.,0.707106781186548,1.),(1.,0.707106781186548,
1.,0.707106781186548,1.,0.707106781186548,1.,0.707106781186548,1.),(1.,
0.707106781186548,1.,0.707106781186548,1.,0.707106781186548,1.,0.707106781186548,
1.),(1.,0.707106781186548,1.,0.707106781186548,1.,0.707106781186548,1.,
0.707106781186548,1.),(1.,0.707106781186548,1.,0.707106781186548,1.,0.707106781186548,
1.,0.707106781186548,1.),(1.,0.707106781186548,1.,0.707106781186548,1.,
0.707106781186548,1.,0.707106781186548,1.),(1.,0.707106781186548,1.,0.707106781186548,
1.,0.707106781186548,1.,0.707106781186548,1.),(1.,0.707106781186548,1.,
0.707106781186548,1.,0.707106781186548,1.,0.707106781186548,1.),(1.,0.707106781186548,
1.,0.707106781186548,1.,0.707106781186548,1.,0.707106781186548,1.),(1.,
0.707106781186548,1.,0.707106781186548,1.,0.707106781186548,1.,0.707106781186548,
1.),(1.,0.707106781186548,1.,0.707106781186548,1.,0.707106781186548,1.,
0.707106781186548,1.),(1.,0.707106781186548,1.,0.707106781186548,1.,0.707106781186548,
1.,0.707106781186548,1.),(1.,0.707106781186548,1.,0.707106781186548,1.,
0.707106781186548,1.,0.707106781186548,1.),(1.,0.707106781186548,1.,0.707106781186548,
1.,0.707106781186548,1.,0.707106781186548,1.),(1.,0.707106781186548,1.,
0.707106781186548,1.,0.707106781186548,1.,0.707106781186548,1.),(1.,0.707106781186548,
1.,0.707106781186548,1.,0.707106781186548,1.,0.707106781186548,1.),(1.,
0.707106781186548,1.,0.707106781186548,1.,0.707106781186548,1.,0.707106781186548,
1.),(1.,0.707106781186548,1.,0.707106781186548,1.,0.707106781186548,1.,
0.707106781186548,1.),(1.,0.707106781186548,1.,0.707106781186548,1.,0.707106781186548,
1.,0.707106781186548,1.),(1.,0.707106781186548,1.,0.707106781186548,1.,
0.707106781186548,1.,0.707106781186548,1.),(1.,0.707106781186548,1.,0.707106781186548,
1.,0.707106781186548,1.,0.707106781186548,1.),(1.,0.707106781186548,1.,
0.707106781186548,1.,0.707106781186548,1.,0.707106781186548,1.),(1.,0.707106781186548,
1.,0.707106781186548,1.,0.707106781186548,1.,0.707106781186548,1.),(1.,
0.707106781186548,1.,0.707106781186548,1.,0.707106781186548,1.,0.707106781186548,
1.),(1.,0.707106781186548,1.,0.707106781186548,1.,0.707106781186548,1.,
0.707106781186548,1.),(1.,0.707106781186548,1.,0.707106781186548,1.,0.707106781186548,
1.,0.707106781186548,1.),(1.,0.707106781186548,1.,0.707106781186548,1.,
0.707106781186548,1.,0.707106781186548,1.),(1.,0.707106781186548,1.,0.707106781186548,
1.,0.707106781186548,1.,0.707106781186548,1.),(1.,0.707106781186548,1.,
0.707106781186548,1.,0.707106781186548,1.,0.707106781186548,1.),(1.,0.707106781186548,
1.,0.707106781186548,1.,0.707106781186548,1.,0.707106781186548,1.),(1.,
0.707106781186548,1.,0.707106781186548,1.,0.707106781186548,1.,0.707106781186548,
1.),(1.,0.707106781186548,1.,0.707106781186548,1.,0.707106781186548,1.,
0.707106781186548,1.),(1.,0.707106781186548,1.,0.707106781186548,1.,0.707106781186548,
1.,0.707106781186548,1.),(1.,0.707106781186548,1.,0.707106781186548,1.,
0.707106781186548,1.,0.707106781186548,1.),(1.,0.707106781186548,1.,0.707106781186548,
1.,0.707106781186548,1.,0.707106781186548,1.),(1.,0.707106781186548,1.,
0.707106781186548,1.,0.707106781186548,1.,0.707106781186548,1.),(1.,0.707106781186548,
1.,0.707106781186548,1.,0.707106781186548,1.,0.707106781186548,1.),(1.,
0.707106781186548,1.,0.707106781186548,1.,0.707106781186548,1.,0.707106781186548,
1.),(1.,0.707106781186548,1.,0.707106781186548,1.,0.707106781186548,1.,
0.707106781186548,1.),(1.,0.707106781186548,1.,0.707106781186548,1.,0.707106781186548,
1.,0.707106781186548,1.),(1.,0.707106781186548,1.,0.707106781186548,1.,
0.707106781186548,1.,0.707106781186548,1.),(1.,0.707106781186548,1.,0.707106781186548,
1.,0.707106781186548,1.,0.707106781186548,1.),(1.,0.707106781186548,1.,
0.707106781186548,1.,0.707106781186548,1.,0.707106781186548,1.),(1.,0.707106781186548,
1.,0.707106781186548,1.,0.707106781186548,1.,0.707106781186548,1.),(1.,
0.707106781186548,1.,0.707106781186548,1.,0.707106781186548,1.,0.707106781186548,
1.),(1.,0.707106781186548,1.,0.707106781186548,1.,0.707106781186548,1.,
0.707106781186548,1.),(1.,0.707106781186548,1.,0.707106781186548,1.,0.707106781186548,
1.,0.707106781186548,1.),(1.,0.707106781186548,1.,0.707106781186548,1.,
0.707106781186548,1.,0.707106781186548,1.),(1.,0.707106781186548,1.,0.707106781186548,
1.,0.707106781186548,1.,0.707106781186548,1.),(1.,0.707106781186548,1.,
0.707106781186548,1.,0.707106781186548,1.,0.707106781186548,1.),(1.,0.707106781186548,
1.,0.707106781186548,1.,0.707106781186548,1.,0.707106781186548,1.),(1.,
0.707106781186548,1.,0.707106781186548,1.,0.707106781186548,1.,0.707106781186548,
1.),(1.,0.707106781186548,1.,0.707106781186548,1.,0.707106781186548,1.,
0.707106781186548,1.),(1.,0.707106781186548,1.,0.707106781186548,1.,0.707106781186548,
1.,0.707106781186548,1.),(1.,0.707106781186548,1.,0.707106781186548,1.,
0.707106781186548,1.,0.707106781186548,1.),(1.,0.707106781186548,1.,0.707106781186548,
1.,0.707106781186548,1.,0.707106781186548,1.),(1.,0.707106781186548,1.,
0.707106781186548,1.,0.707106781186548,1.,0.707106781186548,1.),(1.,0.707106781186548,
1.,0.707106781186548,1.,0.707106781186548,1.,0.707106781186548,1.),(1.,
0.707106781186548,1.,0.707106781186548,1.,0.707106781186548,1.,0.707106781186548,
1.),(1.,0.707106781186548,1.,0.707106781186548,1.,0.707106781186548,1.,
0.707106781186548,1.),(1.,0.707106781186548,1.,0.707106781186548,1.,0.707106781186548,
1.,0.707106781186548,1.),(1.,0.707106781186548,1.,0.707106781186548,1.,
0.707106781186548,1.,0.707106781186548,1.),(1.,0.707106781186548,1.,0.707106781186548,
1.,0.707106781186548,1.,0.707106781186548,1.),(1.,0.707106781186548,1.,
0.707106781186548,1.,0.707106781186548,1.,0.707106781186548,1.),(1.,0.707106781186548,
1.,0.707106781186548,1.,0.707106781186548,1.,0.707106781186548,1.),(1.,
0.707106781186548,1.,0.707106781186548,1.,0.707106781186548,1.,0.707106781186548,
1.),(1.,0.707106781186548,1.,0.707106781186548,1.,0.707106781186548,1.,
0.707106781186548,1.),(1.,0.707106781186548,1.,0.707106781186548,1.,0.707106781186548,
1.,0.707106781186548,1.),(1.,0.707106781186548,1.,0.707106781186548,1.,
0.707106781186548,1.,0.707106781186548,1.),(1.,0.707106781186548,1.,0.707106781186548,
1.,0.707106781186548,1.,0.707106781186548,1.),(1.,0.707106781186548,1.,
0.707106781186548,1.,0.707106781186548,1.,0.707106781186548,1.),(1.,0.707106781186548,
1.,0.707106781186548,1.,0.707106781186548,1.,0.707106781186548,1.),(1.,
0.707106781186548,1.,0.707106781186548,1.,0.707106781186548,1.,0.707106781186548,
1.),(1.,0.707106781186548,1.,0.707106781186548,1.,0.707106781186548,1.,
0.707106781186548,1.),(1.,0.707106781186548,1.,0.707106781186548,1.,0.707106781186548,
1.,0.707106781186548,1.),(1.,0.707106781186548,1.,0.707106781186548,1.,
0.707106781186548,1.,0.707106781186548,1.)))
REPRESENTATION_ITEM('')
SURFACE()
);
#91=(
BOUNDED_SURFACE()
B_SPLINE_SURFACE(5,2,((#1721,#1722,#1723,#1724,#1725,#1726,#1727,#1728,
#1729),(#1730,#1731,#1732,#1733,#1734,#1735,#1736,#1737,#1738),(#1739,#1740,
#1741,#1742,#1743,#1744,#1745,#1746,#1747),(#1748,#1749,#1750,#1751,#1752,
#1753,#1754,#1755,#1756),(#1757,#1758,#1759,#1760,#1761,#1762,#1763,#1764,
#1765),(#1766,#1767,#1768,#1769,#1770,#1771,#1772,#1773,#1774),(#1775,#1776,
#1777,#1778,#1779,#1780,#1781,#1782,#1783),(#1784,#1785,#1786,#1787,#1788,
#1789,#1790,#1791,#1792),(#1793,#1794,#1795,#1796,#1797,#1798,#1799,#1800,
#1801),(#1802,#1803,#1804,#1805,#1806,#1807,#1808,#1809,#1810),(#1811,#1812,
#1813,#1814,#1815,#1816,#1817,#1818,#1819),(#1820,#1821,#1822,#1823,#1824,
#1825,#1826,#1827,#1828),(#1829,#1830,#1831,#1832,#1833,#1834,#1835,#1836,
#1837),(#1838,#1839,#1840,#1841,#1842,#1843,#1844,#1845,#1846),(#1847,#1848,
#1849,#1850,#1851,#1852,#1853,#1854,#1855),(#1856,#1857,#1858,#1859,#1860,
#1861,#1862,#1863,#1864),(#1865,#1866,#1867,#1868,#1869,#1870,#1871,#1872,
#1873),(#1874,#1875,#1876,#1877,#1878,#1879,#1880,#1881,#1882),(#1883,#1884,
#1885,#1886,#1887,#1888,#1889,#1890,#1891),(#1892,#1893,#1894,#1895,#1896,
#1897,#1898,#1899,#1900),(#1901,#1902,#1903,#1904,#1905,#1906,#1907,#1908,
#1909),(#1910,#1911,#1912,#1913,#1914,#1915,#1916,#1917,#1918),(#1919,#1920,
#1921,#1922,#1923,#1924,#1925,#1926,#1927),(#1928,#1929,#1930,#1931,#1932,
#1933,#1934,#1935,#1936),(#1937,#1938,#1939,#1940,#1941,#1942,#1943,#1944,
#1945),(#1946,#1947,#1948,#1949,#1950,#1951,#1952,#1953,#1954),(#1955,#1956,
#1957,#1958,#1959,#1960,#1961,#1962,#1963),(#1964,#1965,#1966,#1967,#1968,
#1969,#1970,#1971,#1972),(#1973,#1974,#1975,#1976,#1977,#1978,#1979,#1980,
#1981),(#1982,#1983,#1984,#1985,#1986,#1987,#1988,#1989,#1990),(#1991,#1992,
#1993,#1994,#1995,#1996,#1997,#1998,#1999),(#2000,#2001,#2002,#2003,#2004,
#2005,#2006,#2007,#2008),(#2009,#2010,#2011,#2012,#2013,#2014,#2015,#2016,
#2017),(#2018,#2019,#2020,#2021,#2022,#2023,#2024,#2025,#2026),(#2027,#2028,
#2029,#2030,#2031,#2032,#2033,#2034,#2035),(#2036,#2037,#2038,#2039,#2040,
#2041,#2042,#2043,#2044),(#2045,#2046,#2047,#2048,#2049,#2050,#2051,#2052,
#2053),(#2054,#2055,#2056,#2057,#2058,#2059,#2060,#2061,#2062),(#2063,#2064,
#2065,#2066,#2067,#2068,#2069,#2070,#2071),(#2072,#2073,#2074,#2075,#2076,
#2077,#2078,#2079,#2080),(#2081,#2082,#2083,#2084,#2085,#2086,#2087,#2088,
#2089),(#2090,#2091,#2092,#2093,#2094,#2095,#2096,#2097,#2098),(#2099,#2100,
#2101,#2102,#2103,#2104,#2105,#2106,#2107),(#2108,#2109,#2110,#2111,#2112,
#2113,#2114,#2115,#2116),(#2117,#2118,#2119,#2120,#2121,#2122,#2123,#2124,
#2125),(#2126,#2127,#2128,#2129,#2130,#2131,#2132,#2133,#2134),(#2135,#2136,
#2137,#2138,#2139,#2140,#2141,#2142,#2143),(#2144,#2145,#2146,#2147,#2148,
#2149,#2150,#2151,#2152),(#2153,#2154,#2155,#2156,#2157,#2158,#2159,#2160,
#2161),(#2162,#2163,#2164,#2165,#2166,#2167,#2168,#2169,#2170),(#2171,#2172,
#2173,#2174,#2175,#2176,#2177,#2178,#2179),(#2180,#2181,#2182,#2183,#2184,
#2185,#2186,#2187,#2188),(#2189,#2190,#2191,#2192,#2193,#2194,#2195,#2196,
#2197),(#2198,#2199,#2200,#2201,#2202,#2203,#2204,#2205,#2206),(#2207,#2208,
#2209,#2210,#2211,#2212,#2213,#2214,#2215),(#2216,#2217,#2218,#2219,#2220,
#2221,#2222,#2223,#2224),(#2225,#2226,#2227,#2228,#2229,#2230,#2231,#2232,
#2233),(#2234,#2235,#2236,#2237,#2238,#2239,#2240,#2241,#2242),(#2243,#2244,
#2245,#2246,#2247,#2248,#2249,#2250,#2251),(#2252,#2253,#2254,#2255,#2256,
#2257,#2258,#2259,#2260),(#2261,#2262,#2263,#2264,#2265,#2266,#2267,#2268,
#2269),(#2270,#2271,#2272,#2273,#2274,#2275,#2276,#2277,#2278),(#2279,#2280,
#2281,#2282,#2283,#2284,#2285,#2286,#2287),(#2288,#2289,#2290,#2291,#2292,
#2293,#2294,#2295,#2296),(#2297,#2298,#2299,#2300,#2301,#2302,#2303,#2304,
#2305),(#2306,#2307,#2308,#2309,#2310,#2311,#2312,#2313,#2314),(#2315,#2316,
#2317,#2318,#2319,#2320,#2321,#2322,#2323),(#2324,#2325,#2326,#2327,#2328,
#2329,#2330,#2331,#2332),(#2333,#2334,#2335,#2336,#2337,#2338,#2339,#2340,
#2341),(#2342,#2343,#2344,#2345,#2346,#2347,#2348,#2349,#2350),(#2351,#2352,
#2353,#2354,#2355,#2356,#2357,#2358,#2359),(#2360,#2361,#2362,#2363,#2364,
#2365,#2366,#2367,#2368),(#2369,#2370,#2371,#2372,#2373,#2374,#2375,#2376,
#2377),(#2378,#2379,#2380,#2381,#2382,#2383,#2384,#2385,#2386),(#2387,#2388,
#2389,#2390,#2391,#2392,#2393,#2394,#2395),(#2396,#2397,#2398,#2399,#2400,
#2401,#2402,#2403,#2404),(#2405,#2406,#2407,#2408,#2409,#2410,#2411,#2412,
#2413),(#2414,#2415,#2416,#2417,#2418,#2419,#2420,#2421,#2422),(#2423,#2424,
#2425,#2426,#2427,#2428,#2429,#2430,#2431),(#2432,#2433,#2434,#2435,#2436,
#2437,#2438,#2439,#2440),(#2441,#2442,#2443,#2444,#2445,#2446,#2447,#2448,
#2449),(#2450,#2451,#2452,#2453,#2454,#2455,#2456,#2457,#2458),(#2459,#2460,
#2461,#2462,#2463,#2464,#2465,#2466,#2467),(#2468,#2469,#2470,#2471,#2472,
#2473,#2474,#2475,#2476),(#2477,#2478,#2479,#2480,#2481,#2482,#2483,#2484,
#2485),(#2486,#2487,#2488,#2489,#2490,#2491,#2492,#2493,#2494),(#2495,#2496,
#2497,#2498,#2499,#2500,#2501,#2502,#2503),(#2504,#2505,#2506,#2507,#2508,
#2509,#2510,#2511,#2512),(#2513,#2514,#2515,#2516,#2517,#2518,#2519,#2520,
#2521),(#2522,#2523,#2524,#2525,#2526,#2527,#2528,#2529,#2530),(#2531,#2532,
#2533,#2534,#2535,#2536,#2537,#2538,#2539),(#2540,#2541,#2542,#2543,#2544,
#2545,#2546,#2547,#2548),(#2549,#2550,#2551,#2552,#2553,#2554,#2555,#2556,
#2557),(#2558,#2559,#2560,#2561,#2562,#2563,#2564,#2565,#2566),(#2567,#2568,
#2569,#2570,#2571,#2572,#2573,#2574,#2575),(#2576,#2577,#2578,#2579,#2580,
#2581,#2582,#2583,#2584),(#2585,#2586,#2587,#2588,#2589,#2590,#2591,#2592,
#2593),(#2594,#2595,#2596,#2597,#2598,#2599,#2600,#2601,#2602),(#2603,#2604,
#2605,#2606,#2607,#2608,#2609,#2610,#2611),(#2612,#2613,#2614,#2615,#2616,
#2617,#2618,#2619,#2620),(#2621,#2622,#2623,#2624,#2625,#2626,#2627,#2628,
#2629),(#2630,#2631,#2632,#2633,#2634,#2635,#2636,#2637,#2638),(#2639,#2640,
#2641,#2642,#2643,#2644,#2645,#2646,#2647),(#2648,#2649,#2650,#2651,#2652,
#2653,#2654,#2655,#2656),(#2657,#2658,#2659,#2660,#2661,#2662,#2663,#2664,
#2665),(#2666,#2667,#2668,#2669,#2670,#2671,#2672,#2673,#2674),(#2675,#2676,
#2677,#2678,#2679,#2680,#2681,#2682,#2683),(#2684,#2685,#2686,#2687,#2688,
#2689,#2690,#2691,#2692),(#2693,#2694,#2695,#2696,#2697,#2698,#2699,#2700,
#2701),(#2702,#2703,#2704,#2705,#2706,#2707,#2708,#2709,#2710),(#2711,#2712,
#2713,#2714,#2715,#2716,#2717,#2718,#2719),(#2720,#2721,#2722,#2723,#2724,
#2725,#2726,#2727,#2728),(#2729,#2730,#2731,#2732,#2733,#2734,#2735,#2736,
#2737),(#2738,#2739,#2740,#2741,#2742,#2743,#2744,#2745,#2746),(#2747,#2748,
#2749,#2750,#2751,#2752,#2753,#2754,#2755),(#2756,#2757,#2758,#2759,#2760,
#2761,#2762,#2763,#2764),(#2765,#2766,#2767,#2768,#2769,#2770,#2771,#2772,
#2773),(#2774,#2775,#2776,#2777,#2778,#2779,#2780,#2781,#2782),(#2783,#2784,
#2785,#2786,#2787,#2788,#2789,#2790,#2791),(#2792,#2793,#2794,#2795,#2796,
#2797,#2798,#2799,#2800),(#2801,#2802,#2803,#2804,#2805,#2806,#2807,#2808,
#2809),(#2810,#2811,#2812,#2813,#2814,#2815,#2816,#2817,#2818),(#2819,#2820,
#2821,#2822,#2823,#2824,#2825,#2826,#2827),(#2828,#2829,#2830,#2831,#2832,
#2833,#2834,#2835,#2836),(#2837,#2838,#2839,#2840,#2841,#2842,#2843,#2844,
#2845),(#2846,#2847,#2848,#2849,#2850,#2851,#2852,#2853,#2854),(#2855,#2856,
#2857,#2858,#2859,#2860,#2861,#2862,#2863),(#2864,#2865,#2866,#2867,#2868,
#2869,#2870,#2871,#2872),(#2873,#2874,#2875,#2876,#2877,#2878,#2879,#2880,
#2881),(#2882,#2883,#2884,#2885,#2886,#2887,#2888,#2889,#2890),(#2891,#2892,
#2893,#2894,#2895,#2896,#2897,#2898,#2899),(#2900,#2901,#2902,#2903,#2904,
#2905,#2906,#2907,#2908),(#2909,#2910,#2911,#2912,#2913,#2914,#2915,#2916,
#2917),(#2918,#2919,#2920,#2921,#2922,#2923,#2924,#2925,#2926),(#2927,#2928,
#2929,#2930,#2931,#2932,#2933,#2934,#2935),(#2936,#2937,#2938,#2939,#2940,
#2941,#2942,#2943,#2944),(#2945,#2946,#2947,#2948,#2949,#2950,#2951,#2952,
#2953),(#2954,#2955,#2956,#2957,#2958,#2959,#2960,#2961,#2962),(#2963,#2964,
#2965,#2966,#2967,#2968,#2969,#2970,#2971),(#2972,#2973,#2974,#2975,#2976,
#2977,#2978,#2979,#2980),(#2981,#2982,#2983,#2984,#2985,#2986,#2987,#2988,
#2989),(#2990,#2991,#2992,#2993,#2994,#2995,#2996,#2997,#2998),(#2999,#3000,
#3001,#3002,#3003,#3004,#3005,#3006,#3007),(#3008,#3009,#3010,#3011,#3012,
#3013,#3014,#3015,#3016),(#3017,#3018,#3019,#3020,#3021,#3022,#3023,#3024,
#3025),(#3026,#3027,#3028,#3029,#3030,#3031,#3032,#3033,#3034),(#3035,#3036,
#3037,#3038,#3039,#3040,#3041,#3042,#3043),(#3044,#3045,#3046,#3047,#3048,
#3049,#3050,#3051,#3052),(#3053,#3054,#3055,#3056,#3057,#3058,#3059,#3060,
#3061),(#3062,#3063,#3064,#3065,#3066,#3067,#3068,#3069,#3070),(#3071,#3072,
#3073,#3074,#3075,#3076,#3077,#3078,#3079),(#3080,#3081,#3082,#3083,#3084,
#3085,#3086,#3087,#3088),(#3089,#3090,#3091,#3092,#3093,#3094,#3095,#3096,
#3097),(#3098,#3099,#3100,#3101,#3102,#3103,#3104,#3105,#3106),(#3107,#3108,
#3109,#3110,#3111,#3112,#3113,#3114,#3115)),.UNSPECIFIED.,.F.,.T.,.F.)
B_SPLINE_SURFACE_WITH_KNOTS((6,1,1,1,1,1,1,1,1,1,1,1,1,1,1,1,1,1,1,1,1,
1,1,1,1,1,1,1,1,1,1,1,1,1,1,1,1,1,1,1,1,1,1,1,1,1,1,1,1,1,1,1,1,1,1,1,1,
1,1,1,1,1,1,1,1,1,1,1,1,1,1,1,1,1,1,1,1,1,1,1,1,1,1,1,1,1,1,1,1,1,1,1,1,
1,1,1,1,1,1,1,1,1,1,1,1,1,1,1,1,1,1,1,1,1,1,1,1,1,1,1,1,1,1,1,1,1,1,1,1,
1,1,1,1,1,1,1,1,1,1,1,1,1,1,1,1,1,1,1,1,1,6),(3,2,2,2,3),(0.,0.00666666666666667,
0.0133333333333333,0.02,0.0266666666666667,0.0333333333333333,0.04,0.0466666666666667,
0.0533333333333333,0.06,0.0666666666666667,0.0733333333333333,0.08,0.0866666666666667,
0.0933333333333333,0.1,0.106666666666667,0.113333333333333,0.12,0.126666666666667,
0.133333333333333,0.14,0.146666666666667,0.153333333333333,0.16,0.166666666666667,
0.173333333333333,0.18,0.186666666666667,0.193333333333333,0.2,0.206666666666667,
0.213333333333333,0.22,0.226666666666666,0.233333333333333,0.24,0.246666666666666,
0.253333333333333,0.26,0.266666666666666,0.273333333333333,0.28,0.286666666666666,
0.293333333333333,0.3,0.306666666666666,0.313333333333333,0.32,0.326666666666666,
0.333333333333333,0.34,0.346666666666666,0.353333333333333,0.36,0.366666666666666,
0.373333333333333,0.38,0.386666666666666,0.393333333333333,0.4,0.406666666666666,
0.413333333333333,0.419999999999999,0.426666666666666,0.433333333333333,
0.439999999999999,0.446666666666666,0.453333333333333,0.459999999999999,
0.466666666666666,0.473333333333333,0.479999999999999,0.486666666666666,
0.493333333333333,0.499999999999999,0.506666666666666,0.513333333333333,
0.519999999999999,0.526666666666666,0.533333333333333,0.54,0.546666666666666,
0.553333333333333,0.56,0.566666666666666,0.573333333333333,0.58,0.586666666666667,
0.593333333333333,0.6,0.606666666666667,0.613333333333333,0.62,0.626666666666667,
0.633333333333334,0.64,0.646666666666667,0.653333333333334,0.66,0.666666666666667,
0.673333333333334,0.68,0.686666666666667,0.693333333333334,0.700000000000001,
0.706666666666667,0.713333333333334,0.720000000000001,0.726666666666667,
0.733333333333334,0.740000000000001,0.746666666666668,0.753333333333334,
0.760000000000001,0.766666666666668,0.773333333333334,0.780000000000001,
0.786666666666668,0.793333333333335,0.800000000000001,0.806666666666668,
0.813333333333335,0.820000000000001,0.826666666666668,0.833333333333335,
0.840000000000002,0.846666666666668,0.853333333333335,0.860000000000002,
0.866666666666668,0.873333333333335,0.880000000000002,0.886666666666668,
0.893333333333335,0.900000000000002,0.906666666666669,0.913333333333335,
0.920000000000002,0.926666666666669,0.933333333333335,0.940000000000002,
0.946666666666669,0.953333333333336,0.960000000000002,0.966666666666669,
0.973333333333336,0.980000000000002,0.986666666666669,0.993333333333336,
1.),(0.,1.5707963267949,3.14159265358979,4.71238898038469,6.28318530717959),
 .UNSPECIFIED.)
GEOMETRIC_REPRESENTATION_ITEM()
RATIONAL_B_SPLINE_SURFACE(((1.,0.707106781186548,1.,0.707106781186548,1.,
0.707106781186548,1.,0.707106781186548,1.),(1.,0.707106781186548,1.,0.707106781186548,
1.,0.707106781186548,1.,0.707106781186548,1.),(1.,0.707106781186548,1.,
0.707106781186548,1.,0.707106781186548,1.,0.707106781186548,1.),(1.,0.707106781186548,
1.,0.707106781186548,1.,0.707106781186548,1.,0.707106781186548,1.),(1.,
0.707106781186548,1.,0.707106781186548,1.,0.707106781186548,1.,0.707106781186548,
1.),(1.,0.707106781186548,1.,0.707106781186548,1.,0.707106781186548,1.,
0.707106781186548,1.),(1.,0.707106781186548,1.,0.707106781186548,1.,0.707106781186548,
1.,0.707106781186548,1.),(1.,0.707106781186548,1.,0.707106781186548,1.,
0.707106781186548,1.,0.707106781186548,1.),(1.,0.707106781186548,1.,0.707106781186548,
1.,0.707106781186548,1.,0.707106781186548,1.),(1.,0.707106781186548,1.,
0.707106781186548,1.,0.707106781186548,1.,0.707106781186548,1.),(1.,0.707106781186548,
1.,0.707106781186548,1.,0.707106781186548,1.,0.707106781186548,1.),(1.,
0.707106781186548,1.,0.707106781186548,1.,0.707106781186548,1.,0.707106781186548,
1.),(1.,0.707106781186548,1.,0.707106781186548,1.,0.707106781186548,1.,
0.707106781186548,1.),(1.,0.707106781186548,1.,0.707106781186548,1.,0.707106781186548,
1.,0.707106781186548,1.),(1.,0.707106781186548,1.,0.707106781186548,1.,
0.707106781186548,1.,0.707106781186548,1.),(1.,0.707106781186548,1.,0.707106781186548,
1.,0.707106781186548,1.,0.707106781186548,1.),(1.,0.707106781186548,1.,
0.707106781186548,1.,0.707106781186548,1.,0.707106781186548,1.),(1.,0.707106781186548,
1.,0.707106781186548,1.,0.707106781186548,1.,0.707106781186548,1.),(1.,
0.707106781186548,1.,0.707106781186548,1.,0.707106781186548,1.,0.707106781186548,
1.),(1.,0.707106781186548,1.,0.707106781186548,1.,0.707106781186548,1.,
0.707106781186548,1.),(1.,0.707106781186548,1.,0.707106781186548,1.,0.707106781186548,
1.,0.707106781186548,1.),(1.,0.707106781186548,1.,0.707106781186548,1.,
0.707106781186548,1.,0.707106781186548,1.),(1.,0.707106781186548,1.,0.707106781186548,
1.,0.707106781186548,1.,0.707106781186548,1.),(1.,0.707106781186548,1.,
0.707106781186548,1.,0.707106781186548,1.,0.707106781186548,1.),(1.,0.707106781186548,
1.,0.707106781186548,1.,0.707106781186548,1.,0.707106781186548,1.),(1.,
0.707106781186548,1.,0.707106781186548,1.,0.707106781186548,1.,0.707106781186548,
1.),(1.,0.707106781186548,1.,0.707106781186548,1.,0.707106781186548,1.,
0.707106781186548,1.),(1.,0.707106781186548,1.,0.707106781186548,1.,0.707106781186548,
1.,0.707106781186548,1.),(1.,0.707106781186548,1.,0.707106781186548,1.,
0.707106781186548,1.,0.707106781186548,1.),(1.,0.707106781186548,1.,0.707106781186548,
1.,0.707106781186548,1.,0.707106781186548,1.),(1.,0.707106781186548,1.,
0.707106781186548,1.,0.707106781186548,1.,0.707106781186548,1.),(1.,0.707106781186548,
1.,0.707106781186548,1.,0.707106781186548,1.,0.707106781186548,1.),(1.,
0.707106781186548,1.,0.707106781186548,1.,0.707106781186548,1.,0.707106781186548,
1.),(1.,0.707106781186548,1.,0.707106781186548,1.,0.707106781186548,1.,
0.707106781186548,1.),(1.,0.707106781186548,1.,0.707106781186548,1.,0.707106781186548,
1.,0.707106781186548,1.),(1.,0.707106781186548,1.,0.707106781186548,1.,
0.707106781186548,1.,0.707106781186548,1.),(1.,0.707106781186548,1.,0.707106781186548,
1.,0.707106781186548,1.,0.707106781186548,1.),(1.,0.707106781186548,1.,
0.707106781186548,1.,0.707106781186548,1.,0.707106781186548,1.),(1.,0.707106781186548,
1.,0.707106781186548,1.,0.707106781186548,1.,0.707106781186548,1.),(1.,
0.707106781186548,1.,0.707106781186548,1.,0.707106781186548,1.,0.707106781186548,
1.),(1.,0.707106781186548,1.,0.707106781186548,1.,0.707106781186548,1.,
0.707106781186548,1.),(1.,0.707106781186548,1.,0.707106781186548,1.,0.707106781186548,
1.,0.707106781186548,1.),(1.,0.707106781186548,1.,0.707106781186548,1.,
0.707106781186548,1.,0.707106781186548,1.),(1.,0.707106781186548,1.,0.707106781186548,
1.,0.707106781186548,1.,0.707106781186548,1.),(1.,0.707106781186548,1.,
0.707106781186548,1.,0.707106781186548,1.,0.707106781186548,1.),(1.,0.707106781186548,
1.,0.707106781186548,1.,0.707106781186548,1.,0.707106781186548,1.),(1.,
0.707106781186548,1.,0.707106781186548,1.,0.707106781186548,1.,0.707106781186548,
1.),(1.,0.707106781186548,1.,0.707106781186548,1.,0.707106781186548,1.,
0.707106781186548,1.),(1.,0.707106781186548,1.,0.707106781186548,1.,0.707106781186548,
1.,0.707106781186548,1.),(1.,0.707106781186548,1.,0.707106781186548,1.,
0.707106781186548,1.,0.707106781186548,1.),(1.,0.707106781186548,1.,0.707106781186548,
1.,0.707106781186548,1.,0.707106781186548,1.),(1.,0.707106781186548,1.,
0.707106781186548,1.,0.707106781186548,1.,0.707106781186548,1.),(1.,0.707106781186548,
1.,0.707106781186548,1.,0.707106781186548,1.,0.707106781186548,1.),(1.,
0.707106781186548,1.,0.707106781186548,1.,0.707106781186548,1.,0.707106781186548,
1.),(1.,0.707106781186548,1.,0.707106781186548,1.,0.707106781186548,1.,
0.707106781186548,1.),(1.,0.707106781186548,1.,0.707106781186548,1.,0.707106781186548,
1.,0.707106781186548,1.),(1.,0.707106781186548,1.,0.707106781186548,1.,
0.707106781186548,1.,0.707106781186548,1.),(1.,0.707106781186548,1.,0.707106781186548,
1.,0.707106781186548,1.,0.707106781186548,1.),(1.,0.707106781186548,1.,
0.707106781186548,1.,0.707106781186548,1.,0.707106781186548,1.),(1.,0.707106781186548,
1.,0.707106781186548,1.,0.707106781186548,1.,0.707106781186548,1.),(1.,
0.707106781186548,1.,0.707106781186548,1.,0.707106781186548,1.,0.707106781186548,
1.),(1.,0.707106781186548,1.,0.707106781186548,1.,0.707106781186548,1.,
0.707106781186548,1.),(1.,0.707106781186548,1.,0.707106781186548,1.,0.707106781186548,
1.,0.707106781186548,1.),(1.,0.707106781186548,1.,0.707106781186548,1.,
0.707106781186548,1.,0.707106781186548,1.),(1.,0.707106781186548,1.,0.707106781186548,
1.,0.707106781186548,1.,0.707106781186548,1.),(1.,0.707106781186548,1.,
0.707106781186548,1.,0.707106781186548,1.,0.707106781186548,1.),(1.,0.707106781186548,
1.,0.707106781186548,1.,0.707106781186548,1.,0.707106781186548,1.),(1.,
0.707106781186548,1.,0.707106781186548,1.,0.707106781186548,1.,0.707106781186548,
1.),(1.,0.707106781186548,1.,0.707106781186548,1.,0.707106781186548,1.,
0.707106781186548,1.),(1.,0.707106781186548,1.,0.707106781186548,1.,0.707106781186548,
1.,0.707106781186548,1.),(1.,0.707106781186548,1.,0.707106781186548,1.,
0.707106781186548,1.,0.707106781186548,1.),(1.,0.707106781186548,1.,0.707106781186548,
1.,0.707106781186548,1.,0.707106781186548,1.),(1.,0.707106781186548,1.,
0.707106781186548,1.,0.707106781186548,1.,0.707106781186548,1.),(1.,0.707106781186548,
1.,0.707106781186548,1.,0.707106781186548,1.,0.707106781186548,1.),(1.,
0.707106781186548,1.,0.707106781186548,1.,0.707106781186548,1.,0.707106781186548,
1.),(1.,0.707106781186548,1.,0.707106781186548,1.,0.707106781186548,1.,
0.707106781186548,1.),(1.,0.707106781186548,1.,0.707106781186548,1.,0.707106781186548,
1.,0.707106781186548,1.),(1.,0.707106781186548,1.,0.707106781186548,1.,
0.707106781186548,1.,0.707106781186548,1.),(1.,0.707106781186548,1.,0.707106781186548,
1.,0.707106781186548,1.,0.707106781186548,1.),(1.,0.707106781186548,1.,
0.707106781186548,1.,0.707106781186548,1.,0.707106781186548,1.),(1.,0.707106781186548,
1.,0.707106781186548,1.,0.707106781186548,1.,0.707106781186548,1.),(1.,
0.707106781186548,1.,0.707106781186548,1.,0.707106781186548,1.,0.707106781186548,
1.),(1.,0.707106781186548,1.,0.707106781186548,1.,0.707106781186548,1.,
0.707106781186548,1.),(1.,0.707106781186548,1.,0.707106781186548,1.,0.707106781186548,
1.,0.707106781186548,1.),(1.,0.707106781186548,1.,0.707106781186548,1.,
0.707106781186548,1.,0.707106781186548,1.),(1.,0.707106781186548,1.,0.707106781186548,
1.,0.707106781186548,1.,0.707106781186548,1.),(1.,0.707106781186548,1.,
0.707106781186548,1.,0.707106781186548,1.,0.707106781186548,1.),(1.,0.707106781186548,
1.,0.707106781186548,1.,0.707106781186548,1.,0.707106781186548,1.),(1.,
0.707106781186548,1.,0.707106781186548,1.,0.707106781186548,1.,0.707106781186548,
1.),(1.,0.707106781186548,1.,0.707106781186548,1.,0.707106781186548,1.,
0.707106781186548,1.),(1.,0.707106781186548,1.,0.707106781186548,1.,0.707106781186548,
1.,0.707106781186548,1.),(1.,0.707106781186548,1.,0.707106781186548,1.,
0.707106781186548,1.,0.707106781186548,1.),(1.,0.707106781186548,1.,0.707106781186548,
1.,0.707106781186548,1.,0.707106781186548,1.),(1.,0.707106781186548,1.,
0.707106781186548,1.,0.707106781186548,1.,0.707106781186548,1.),(1.,0.707106781186548,
1.,0.707106781186548,1.,0.707106781186548,1.,0.707106781186548,1.),(1.,
0.707106781186548,1.,0.707106781186548,1.,0.707106781186548,1.,0.707106781186548,
1.),(1.,0.707106781186548,1.,0.707106781186548,1.,0.707106781186548,1.,
0.707106781186548,1.),(1.,0.707106781186548,1.,0.707106781186548,1.,0.707106781186548,
1.,0.707106781186548,1.),(1.,0.707106781186548,1.,0.707106781186548,1.,
0.707106781186548,1.,0.707106781186548,1.),(1.,0.707106781186548,1.,0.707106781186548,
1.,0.707106781186548,1.,0.707106781186548,1.),(1.,0.707106781186548,1.,
0.707106781186548,1.,0.707106781186548,1.,0.707106781186548,1.),(1.,0.707106781186548,
1.,0.707106781186548,1.,0.707106781186548,1.,0.707106781186548,1.),(1.,
0.707106781186548,1.,0.707106781186548,1.,0.707106781186548,1.,0.707106781186548,
1.),(1.,0.707106781186548,1.,0.707106781186548,1.,0.707106781186548,1.,
0.707106781186548,1.),(1.,0.707106781186548,1.,0.707106781186548,1.,0.707106781186548,
1.,0.707106781186548,1.),(1.,0.707106781186548,1.,0.707106781186548,1.,
0.707106781186548,1.,0.707106781186548,1.),(1.,0.707106781186548,1.,0.707106781186548,
1.,0.707106781186548,1.,0.707106781186548,1.),(1.,0.707106781186548,1.,
0.707106781186548,1.,0.707106781186548,1.,0.707106781186548,1.),(1.,0.707106781186548,
1.,0.707106781186548,1.,0.707106781186548,1.,0.707106781186548,1.),(1.,
0.707106781186548,1.,0.707106781186548,1.,0.707106781186548,1.,0.707106781186548,
1.),(1.,0.707106781186548,1.,0.707106781186548,1.,0.707106781186548,1.,
0.707106781186548,1.),(1.,0.707106781186548,1.,0.707106781186548,1.,0.707106781186548,
1.,0.707106781186548,1.),(1.,0.707106781186548,1.,0.707106781186548,1.,
0.707106781186548,1.,0.707106781186548,1.),(1.,0.707106781186548,1.,0.707106781186548,
1.,0.707106781186548,1.,0.707106781186548,1.),(1.,0.707106781186548,1.,
0.707106781186548,1.,0.707106781186548,1.,0.707106781186548,1.),(1.,0.707106781186548,
1.,0.707106781186548,1.,0.707106781186548,1.,0.707106781186548,1.),(1.,
0.707106781186548,1.,0.707106781186548,1.,0.707106781186548,1.,0.707106781186548,
1.),(1.,0.707106781186548,1.,0.707106781186548,1.,0.707106781186548,1.,
0.707106781186548,1.),(1.,0.707106781186548,1.,0.707106781186548,1.,0.707106781186548,
1.,0.707106781186548,1.),(1.,0.707106781186548,1.,0.707106781186548,1.,
0.707106781186548,1.,0.707106781186548,1.),(1.,0.707106781186548,1.,0.707106781186548,
1.,0.707106781186548,1.,0.707106781186548,1.),(1.,0.707106781186548,1.,
0.707106781186548,1.,0.707106781186548,1.,0.707106781186548,1.),(1.,0.707106781186548,
1.,0.707106781186548,1.,0.707106781186548,1.,0.707106781186548,1.),(1.,
0.707106781186548,1.,0.707106781186548,1.,0.707106781186548,1.,0.707106781186548,
1.),(1.,0.707106781186548,1.,0.707106781186548,1.,0.707106781186548,1.,
0.707106781186548,1.),(1.,0.707106781186548,1.,0.707106781186548,1.,0.707106781186548,
1.,0.707106781186548,1.),(1.,0.707106781186548,1.,0.707106781186548,1.,
0.707106781186548,1.,0.707106781186548,1.),(1.,0.707106781186548,1.,0.707106781186548,
1.,0.707106781186548,1.,0.707106781186548,1.),(1.,0.707106781186548,1.,
0.707106781186548,1.,0.707106781186548,1.,0.707106781186548,1.),(1.,0.707106781186548,
1.,0.707106781186548,1.,0.707106781186548,1.,0.707106781186548,1.),(1.,
0.707106781186548,1.,0.707106781186548,1.,0.707106781186548,1.,0.707106781186548,
1.),(1.,0.707106781186548,1.,0.707106781186548,1.,0.707106781186548,1.,
0.707106781186548,1.),(1.,0.707106781186548,1.,0.707106781186548,1.,0.707106781186548,
1.,0.707106781186548,1.),(1.,0.707106781186548,1.,0.707106781186548,1.,
0.707106781186548,1.,0.707106781186548,1.),(1.,0.707106781186548,1.,0.707106781186548,
1.,0.707106781186548,1.,0.707106781186548,1.),(1.,0.707106781186548,1.,
0.707106781186548,1.,0.707106781186548,1.,0.707106781186548,1.),(1.,0.707106781186548,
1.,0.707106781186548,1.,0.707106781186548,1.,0.707106781186548,1.),(1.,
0.707106781186548,1.,0.707106781186548,1.,0.707106781186548,1.,0.707106781186548,
1.),(1.,0.707106781186548,1.,0.707106781186548,1.,0.707106781186548,1.,
0.707106781186548,1.),(1.,0.707106781186548,1.,0.707106781186548,1.,0.707106781186548,
1.,0.707106781186548,1.),(1.,0.707106781186548,1.,0.707106781186548,1.,
0.707106781186548,1.,0.707106781186548,1.),(1.,0.707106781186548,1.,0.707106781186548,
1.,0.707106781186548,1.,0.707106781186548,1.),(1.,0.707106781186548,1.,
0.707106781186548,1.,0.707106781186548,1.,0.707106781186548,1.),(1.,0.707106781186548,
1.,0.707106781186548,1.,0.707106781186548,1.,0.707106781186548,1.),(1.,
0.707106781186548,1.,0.707106781186548,1.,0.707106781186548,1.,0.707106781186548,
1.),(1.,0.707106781186548,1.,0.707106781186548,1.,0.707106781186548,1.,
0.707106781186548,1.),(1.,0.707106781186548,1.,0.707106781186548,1.,0.707106781186548,
1.,0.707106781186548,1.),(1.,0.707106781186548,1.,0.707106781186548,1.,
0.707106781186548,1.,0.707106781186548,1.),(1.,0.707106781186548,1.,0.707106781186548,
1.,0.707106781186548,1.,0.707106781186548,1.),(1.,0.707106781186548,1.,
0.707106781186548,1.,0.707106781186548,1.,0.707106781186548,1.),(1.,0.707106781186548,
1.,0.707106781186548,1.,0.707106781186548,1.,0.707106781186548,1.),(1.,
0.707106781186548,1.,0.707106781186548,1.,0.707106781186548,1.,0.707106781186548,
1.),(1.,0.707106781186548,1.,0.707106781186548,1.,0.707106781186548,1.,
0.707106781186548,1.),(1.,0.707106781186548,1.,0.707106781186548,1.,0.707106781186548,
1.,0.707106781186548,1.),(1.,0.707106781186548,1.,0.707106781186548,1.,
0.707106781186548,1.,0.707106781186548,1.)))
REPRESENTATION_ITEM('')
SURFACE()
);
#92=ADVANCED_FACE('',(#27),#90,.T.);
#93=ADVANCED_FACE('',(#28,#21),#24,.T.);
#94=ADVANCED_FACE('',(#29),#19,.F.);
#95=ADVANCED_FACE('',(#30,#22),#25,.T.);
#96=ADVANCED_FACE('',(#31),#20,.T.);
#97=ADVANCED_FACE('',(#32,#23),#26,.T.);
#98=ADVANCED_FACE('',(#33),#91,.T.);
#99=CLOSED_SHELL('',(#92,#93,#94,#95,#96,#97,#98));
#100=DERIVED_UNIT_ELEMENT(#102,1.);
#101=DERIVED_UNIT_ELEMENT(#3277,-3.);
#102=(
MASS_UNIT()
NAMED_UNIT(*)
SI_UNIT(.KILO.,.GRAM.)
);
#103=DERIVED_UNIT((#100,#101));
#104=MEASURE_REPRESENTATION_ITEM('density measure',
POSITIVE_RATIO_MEASURE(7850.),#103);
#105=PROPERTY_DEFINITION_REPRESENTATION(#110,#107);
#106=PROPERTY_DEFINITION_REPRESENTATION(#111,#108);
#107=REPRESENTATION('material name',(#109),#3274);
#108=REPRESENTATION('density',(#104),#3274);
#109=DESCRIPTIVE_REPRESENTATION_ITEM('Steel','Steel');
#110=PROPERTY_DEFINITION('material property','material name',#3284);
#111=PROPERTY_DEFINITION('material property','density of part',#3284);
#112=AXIS2_PLACEMENT_3D('',#150,#124,#125);
#113=AXIS2_PLACEMENT_3D('',#1703,#126,#127);
#114=AXIS2_PLACEMENT_3D('',#1704,#128,#129);
#115=AXIS2_PLACEMENT_3D('',#1706,#130,#131);
#116=AXIS2_PLACEMENT_3D('',#1707,#132,#133);
#117=AXIS2_PLACEMENT_3D('',#1710,#135,#136);
#118=AXIS2_PLACEMENT_3D('',#1711,#137,#138);
#119=AXIS2_PLACEMENT_3D('',#1713,#139,#140);
#120=AXIS2_PLACEMENT_3D('',#1714,#141,#142);
#121=AXIS2_PLACEMENT_3D('',#1716,#143,#144);
#122=AXIS2_PLACEMENT_3D('',#1718,#146,#147);
#123=AXIS2_PLACEMENT_3D('',#1720,#148,#149);
#124=DIRECTION('axis',(0.,0.,1.));
#125=DIRECTION('refdir',(1.,0.,0.));
#126=DIRECTION('center_axis',(0.,1.,0.));
#127=DIRECTION('ref_axis',(-1.,0.,-1.22464679914735E-16));
#128=DIRECTION('center_axis',(0.,1.,0.));
#129=DIRECTION('ref_axis',(1.22464679914735E-16,0.,-1.));
#130=DIRECTION('center_axis',(0.,1.,0.));
#131=DIRECTION('ref_axis',(-1.,0.,-1.22464679914735E-16));
#132=DIRECTION('center_axis',(0.,1.,0.));
#133=DIRECTION('ref_axis',(1.22464679914735E-16,0.,-1.));
#134=DIRECTION('',(0.,-1.,0.));
#135=DIRECTION('center_axis',(0.,1.,0.));
#136=DIRECTION('ref_axis',(-1.,0.,-1.22464679914735E-16));
#137=DIRECTION('center_axis',(0.,-1.,0.));
#138=DIRECTION('ref_axis',(-1.22464679914735E-16,0.,1.));
#139=DIRECTION('center_axis',(0.,1.,0.));
#140=DIRECTION('ref_axis',(-1.,0.,-1.22464679914735E-16));
#141=DIRECTION('center_axis',(0.,1.,0.));
#142=DIRECTION('ref_axis',(1.22464679914735E-16,0.,-1.));
#143=DIRECTION('center_axis',(0.,1.,0.));
#144=DIRECTION('ref_axis',(-1.,0.,-1.22464679914735E-16));
#145=DIRECTION('',(0.,-1.,0.));
#146=DIRECTION('center_axis',(0.,-1.,0.));
#147=DIRECTION('ref_axis',(-1.22464679914735E-16,0.,1.));
#148=DIRECTION('center_axis',(0.,1.,0.));
#149=DIRECTION('ref_axis',(-1.,0.,-1.22464679914735E-16));
#150=CARTESIAN_POINT('',(0.,0.,0.));
#151=CARTESIAN_POINT('Ctrl Pts',(0.,2.,1.99999999999999));
#152=CARTESIAN_POINT('Ctrl Pts',(-28.,2.,1.99999999999999));
#153=CARTESIAN_POINT('Ctrl Pts',(-28.,2.,30.));
#154=CARTESIAN_POINT('Ctrl Pts',(-28.,2.,58.));
#155=CARTESIAN_POINT('Ctrl Pts',(0.,2.,58.));
#156=CARTESIAN_POINT('Ctrl Pts',(28.,2.,58.));
#157=CARTESIAN_POINT('Ctrl Pts',(28.,2.,30.));
#158=CARTESIAN_POINT('Ctrl Pts',(28.,2.,2.00000000000001));
#159=CARTESIAN_POINT('Ctrl Pts',(0.,2.,1.99999999999999));
#160=CARTESIAN_POINT('Ctrl Pts',(0.,2.13097345344626,2.01198819787743));
#161=CARTESIAN_POINT('Ctrl Pts',(-27.9880118021225,2.13097345344626,2.01198819787743));
#162=CARTESIAN_POINT('Ctrl Pts',(-27.9880118021226,2.13097345344626,30.));
#163=CARTESIAN_POINT('Ctrl Pts',(-27.9880118021226,2.13097345344626,57.9880118021226));
#164=CARTESIAN_POINT('Ctrl Pts',(0.,2.13097345344626,57.9880118021226));
#165=CARTESIAN_POINT('Ctrl Pts',(27.9880118021226,2.13097345344626,57.9880118021226));
#166=CARTESIAN_POINT('Ctrl Pts',(27.9880118021226,2.13097345344626,30.));
#167=CARTESIAN_POINT('Ctrl Pts',(27.9880118021226,2.13097345344626,2.01198819787745));
#168=CARTESIAN_POINT('Ctrl Pts',(0.,2.13097345344626,2.01198819787743));
#169=CARTESIAN_POINT('Ctrl Pts',(0.,2.39292332548476,2.03590792789011));
#170=CARTESIAN_POINT('Ctrl Pts',(-27.9640920721099,2.39292332548476,2.03590792789011));
#171=CARTESIAN_POINT('Ctrl Pts',(-27.9640920721099,2.39292332548477,30.));
#172=CARTESIAN_POINT('Ctrl Pts',(-27.9640920721099,2.39292332548477,57.9640920721099));
#173=CARTESIAN_POINT('Ctrl Pts',(0.,2.39292332548477,57.9640920721099));
#174=CARTESIAN_POINT('Ctrl Pts',(27.9640920721099,2.39292332548477,57.9640920721099));
#175=CARTESIAN_POINT('Ctrl Pts',(27.9640920721099,2.39292332548477,30.));
#176=CARTESIAN_POINT('Ctrl Pts',(27.9640920721099,2.39292332548476,2.03590792789011));
#177=CARTESIAN_POINT('Ctrl Pts',(0.,2.39292332548476,2.03590792789011));
#178=CARTESIAN_POINT('Ctrl Pts',(0.,2.78585702926825,2.0716175195091));
#179=CARTESIAN_POINT('Ctrl Pts',(-27.9283824804909,2.78585702926825,2.0716175195091));
#180=CARTESIAN_POINT('Ctrl Pts',(-27.9283824804909,2.78585702926825,30.));
#181=CARTESIAN_POINT('Ctrl Pts',(-27.9283824804909,2.78585702926825,57.9283824804909));
#182=CARTESIAN_POINT('Ctrl Pts',(0.,2.78585702926825,57.9283824804909));
#183=CARTESIAN_POINT('Ctrl Pts',(27.9283824804909,2.78585702926825,57.9283824804909));
#184=CARTESIAN_POINT('Ctrl Pts',(27.9283824804909,2.78585702926825,30.));
#185=CARTESIAN_POINT('Ctrl Pts',(27.9283824804909,2.78585702926825,2.07161751950911));
#186=CARTESIAN_POINT('Ctrl Pts',(0.,2.78585702926825,2.0716175195091));
#187=CARTESIAN_POINT('Ctrl Pts',(0.,3.30978642455578,2.11889033043622));
#188=CARTESIAN_POINT('Ctrl Pts',(-27.8811096695638,3.30978642455578,2.11889033043622));
#189=CARTESIAN_POINT('Ctrl Pts',(-27.8811096695638,3.30978642455579,30.));
#190=CARTESIAN_POINT('Ctrl Pts',(-27.8811096695638,3.30978642455579,57.8811096695638));
#191=CARTESIAN_POINT('Ctrl Pts',(0.,3.30978642455579,57.8811096695638));
#192=CARTESIAN_POINT('Ctrl Pts',(27.8811096695638,3.30978642455579,57.8811096695638));
#193=CARTESIAN_POINT('Ctrl Pts',(27.8811096695638,3.30978642455579,30.));
#194=CARTESIAN_POINT('Ctrl Pts',(27.8811096695638,3.30978642455578,2.11889033043624));
#195=CARTESIAN_POINT('Ctrl Pts',(0.,3.30978642455578,2.11889033043622));
#196=CARTESIAN_POINT('Ctrl Pts',(0.,3.96472578953448,2.1774566437154));
#197=CARTESIAN_POINT('Ctrl Pts',(-27.8225433562846,3.96472578953448,2.1774566437154));
#198=CARTESIAN_POINT('Ctrl Pts',(-27.8225433562846,3.96472578953448,30.));
#199=CARTESIAN_POINT('Ctrl Pts',(-27.8225433562846,3.96472578953448,57.8225433562846));
#200=CARTESIAN_POINT('Ctrl Pts',(0.,3.96472578953448,57.8225433562846));
#201=CARTESIAN_POINT('Ctrl Pts',(27.8225433562846,3.96472578953448,57.8225433562846));
#202=CARTESIAN_POINT('Ctrl Pts',(27.8225433562846,3.96472578953448,30.));
#203=CARTESIAN_POINT('Ctrl Pts',(27.8225433562846,3.96472578953448,2.1774566437154));
#204=CARTESIAN_POINT('Ctrl Pts',(0.,3.96472578953448,2.1774566437154));
#205=CARTESIAN_POINT('Ctrl Pts',(0.,4.61968662697536,2.2356252973465));
#206=CARTESIAN_POINT('Ctrl Pts',(-27.7643747026535,4.61968662697536,2.2356252973465));
#207=CARTESIAN_POINT('Ctrl Pts',(-27.7643747026535,4.61968662697537,30.));
#208=CARTESIAN_POINT('Ctrl Pts',(-27.7643747026535,4.61968662697537,57.7643747026535));
#209=CARTESIAN_POINT('Ctrl Pts',(0.,4.61968662697537,57.7643747026535));
#210=CARTESIAN_POINT('Ctrl Pts',(27.7643747026535,4.61968662697537,57.7643747026535));
#211=CARTESIAN_POINT('Ctrl Pts',(27.7643747026535,4.61968662697537,30.));
#212=CARTESIAN_POINT('Ctrl Pts',(27.7643747026535,4.61968662697536,2.2356252973465));
#213=CARTESIAN_POINT('Ctrl Pts',(0.,4.61968662697536,2.2356252973465));
#214=CARTESIAN_POINT('Ctrl Pts',(0.,5.27465671090262,2.29364883017507));
#215=CARTESIAN_POINT('Ctrl Pts',(-27.7063511698249,5.27465671090262,2.29364883017507));
#216=CARTESIAN_POINT('Ctrl Pts',(-27.7063511698249,5.27465671090262,30.));
#217=CARTESIAN_POINT('Ctrl Pts',(-27.7063511698249,5.27465671090262,57.7063511698249));
#218=CARTESIAN_POINT('Ctrl Pts',(0.,5.27465671090262,57.7063511698249));
#219=CARTESIAN_POINT('Ctrl Pts',(27.7063511698249,5.27465671090262,57.7063511698249));
#220=CARTESIAN_POINT('Ctrl Pts',(27.7063511698249,5.27465671090262,30.));
#221=CARTESIAN_POINT('Ctrl Pts',(27.7063511698249,5.27465671090262,2.29364883017507));
#222=CARTESIAN_POINT('Ctrl Pts',(0.,5.27465671090262,2.29364883017507));
#223=CARTESIAN_POINT('Ctrl Pts',(0.,5.92961547407656,2.35195220576168));
#224=CARTESIAN_POINT('Ctrl Pts',(-27.6480477942383,5.92961547407656,2.35195220576168));
#225=CARTESIAN_POINT('Ctrl Pts',(-27.6480477942383,5.92961547407657,30.));
#226=CARTESIAN_POINT('Ctrl Pts',(-27.6480477942383,5.92961547407657,57.6480477942383));
#227=CARTESIAN_POINT('Ctrl Pts',(0.,5.92961547407657,57.6480477942383));
#228=CARTESIAN_POINT('Ctrl Pts',(27.6480477942383,5.92961547407657,57.6480477942383));
#229=CARTESIAN_POINT('Ctrl Pts',(27.6480477942383,5.92961547407657,30.));
#230=CARTESIAN_POINT('Ctrl Pts',(27.6480477942383,5.92961547407656,2.3519522057617));
#231=CARTESIAN_POINT('Ctrl Pts',(0.,5.92961547407656,2.35195220576168));
#232=CARTESIAN_POINT('Ctrl Pts',(0.,6.58453258194441,2.41116177861922));
#233=CARTESIAN_POINT('Ctrl Pts',(-27.5888382213808,6.58453258194441,2.41116177861922));
#234=CARTESIAN_POINT('Ctrl Pts',(-27.5888382213808,6.58453258194441,30.));
#235=CARTESIAN_POINT('Ctrl Pts',(-27.5888382213808,6.5845325819444,57.5888382213808));
#236=CARTESIAN_POINT('Ctrl Pts',(0.,6.5845325819444,57.5888382213808));
#237=CARTESIAN_POINT('Ctrl Pts',(27.5888382213808,6.5845325819444,57.5888382213808));
#238=CARTESIAN_POINT('Ctrl Pts',(27.5888382213808,6.58453258194441,30.));
#239=CARTESIAN_POINT('Ctrl Pts',(27.5888382213808,6.58453258194441,2.41116177861924));
#240=CARTESIAN_POINT('Ctrl Pts',(0.,6.58453258194441,2.41116177861922));
#241=CARTESIAN_POINT('Ctrl Pts',(0.,7.23937343690766,2.47198592417126));
#242=CARTESIAN_POINT('Ctrl Pts',(-27.5280140758287,7.23937343690766,2.47198592417126));
#243=CARTESIAN_POINT('Ctrl Pts',(-27.5280140758287,7.23937343690766,30.));
#244=CARTESIAN_POINT('Ctrl Pts',(-27.5280140758287,7.23937343690766,57.5280140758287));
#245=CARTESIAN_POINT('Ctrl Pts',(0.,7.23937343690766,57.5280140758287));
#246=CARTESIAN_POINT('Ctrl Pts',(27.5280140758287,7.23937343690766,57.5280140758287));
#247=CARTESIAN_POINT('Ctrl Pts',(27.5280140758287,7.23937343690766,30.));
#248=CARTESIAN_POINT('Ctrl Pts',(27.5280140758287,7.23937343690766,2.47198592417128));
#249=CARTESIAN_POINT('Ctrl Pts',(0.,7.23937343690766,2.47198592417126));
#250=CARTESIAN_POINT('Ctrl Pts',(0.,7.89410421061346,2.53510564516455));
#251=CARTESIAN_POINT('Ctrl Pts',(-27.4648943548354,7.89410421061346,2.53510564516455));
#252=CARTESIAN_POINT('Ctrl Pts',(-27.4648943548354,7.89410421061346,30.));
#253=CARTESIAN_POINT('Ctrl Pts',(-27.4648943548354,7.89410421061346,57.4648943548355));
#254=CARTESIAN_POINT('Ctrl Pts',(0.,7.89410421061346,57.4648943548355));
#255=CARTESIAN_POINT('Ctrl Pts',(27.4648943548354,7.89410421061346,57.4648943548355));
#256=CARTESIAN_POINT('Ctrl Pts',(27.4648943548355,7.89410421061346,30.));
#257=CARTESIAN_POINT('Ctrl Pts',(27.4648943548355,7.89410421061346,2.53510564516455));
#258=CARTESIAN_POINT('Ctrl Pts',(0.,7.89410421061346,2.53510564516455));
#259=CARTESIAN_POINT('Ctrl Pts',(0.,8.54869677246561,2.601067694274));
#260=CARTESIAN_POINT('Ctrl Pts',(-27.398932305726,8.54869677246561,2.601067694274));
#261=CARTESIAN_POINT('Ctrl Pts',(-27.398932305726,8.54869677246561,30.));
#262=CARTESIAN_POINT('Ctrl Pts',(-27.398932305726,8.54869677246561,57.398932305726));
#263=CARTESIAN_POINT('Ctrl Pts',(0.,8.54869677246561,57.398932305726));
#264=CARTESIAN_POINT('Ctrl Pts',(27.398932305726,8.54869677246561,57.398932305726));
#265=CARTESIAN_POINT('Ctrl Pts',(27.398932305726,8.54869677246561,30.));
#266=CARTESIAN_POINT('Ctrl Pts',(27.398932305726,8.54869677246561,2.60106769427402));
#267=CARTESIAN_POINT('Ctrl Pts',(0.,8.54869677246561,2.601067694274));
#268=CARTESIAN_POINT('Ctrl Pts',(0.,9.20313433015125,2.67016174148905));
#269=CARTESIAN_POINT('Ctrl Pts',(-27.329838258511,9.20313433015125,2.67016174148905));
#270=CARTESIAN_POINT('Ctrl Pts',(-27.329838258511,9.20313433015125,30.));
#271=CARTESIAN_POINT('Ctrl Pts',(-27.329838258511,9.20313433015125,57.3298382585109));
#272=CARTESIAN_POINT('Ctrl Pts',(0.,9.20313433015125,57.3298382585109));
#273=CARTESIAN_POINT('Ctrl Pts',(27.3298382585109,9.20313433015125,57.3298382585109));
#274=CARTESIAN_POINT('Ctrl Pts',(27.329838258511,9.20313433015125,30.));
#275=CARTESIAN_POINT('Ctrl Pts',(27.329838258511,9.20313433015125,2.67016174148905));
#276=CARTESIAN_POINT('Ctrl Pts',(0.,9.20313433015125,2.67016174148905));
#277=CARTESIAN_POINT('Ctrl Pts',(0.,9.85741472270626,2.74234988204663));
#278=CARTESIAN_POINT('Ctrl Pts',(-27.2576501179534,9.85741472270626,2.74234988204663));
#279=CARTESIAN_POINT('Ctrl Pts',(-27.2576501179534,9.85741472270626,30.));
#280=CARTESIAN_POINT('Ctrl Pts',(-27.2576501179534,9.85741472270626,57.2576501179534));
#281=CARTESIAN_POINT('Ctrl Pts',(0.,9.85741472270626,57.2576501179534));
#282=CARTESIAN_POINT('Ctrl Pts',(27.2576501179534,9.85741472270626,57.2576501179534));
#283=CARTESIAN_POINT('Ctrl Pts',(27.2576501179534,9.85741472270626,30.));
#284=CARTESIAN_POINT('Ctrl Pts',(27.2576501179534,9.85741472270626,2.74234988204665));
#285=CARTESIAN_POINT('Ctrl Pts',(0.,9.85741472270626,2.74234988204663));
#286=CARTESIAN_POINT('Ctrl Pts',(0.,10.5115450008809,2.81739012619378));
#287=CARTESIAN_POINT('Ctrl Pts',(-27.1826098738062,10.5115450008809,2.81739012619378));
#288=CARTESIAN_POINT('Ctrl Pts',(-27.1826098738062,10.5115450008809,30.));
#289=CARTESIAN_POINT('Ctrl Pts',(-27.1826098738062,10.5115450008809,57.1826098738062));
#290=CARTESIAN_POINT('Ctrl Pts',(0.,10.5115450008809,57.1826098738062));
#291=CARTESIAN_POINT('Ctrl Pts',(27.1826098738062,10.5115450008809,57.1826098738062));
#292=CARTESIAN_POINT('Ctrl Pts',(27.1826098738062,10.5115450008809,30.));
#293=CARTESIAN_POINT('Ctrl Pts',(27.1826098738062,10.5115450008809,2.81739012619378));
#294=CARTESIAN_POINT('Ctrl Pts',(0.,10.5115450008809,2.81739012619378));
#295=CARTESIAN_POINT('Ctrl Pts',(0.,11.1655372422076,2.89493251473806));
#296=CARTESIAN_POINT('Ctrl Pts',(-27.1050674852619,11.1655372422076,2.89493251473806));
#297=CARTESIAN_POINT('Ctrl Pts',(-27.1050674852619,11.1655372422076,30.));
#298=CARTESIAN_POINT('Ctrl Pts',(-27.1050674852619,11.1655372422076,57.1050674852619));
#299=CARTESIAN_POINT('Ctrl Pts',(0.,11.1655372422076,57.1050674852619));
#300=CARTESIAN_POINT('Ctrl Pts',(27.1050674852619,11.1655372422076,57.1050674852619));
#301=CARTESIAN_POINT('Ctrl Pts',(27.1050674852619,11.1655372422076,30.));
#302=CARTESIAN_POINT('Ctrl Pts',(27.1050674852619,11.1655372422076,2.89493251473807));
#303=CARTESIAN_POINT('Ctrl Pts',(0.,11.1655372422076,2.89493251473806));
#304=CARTESIAN_POINT('Ctrl Pts',(0.,11.8194041615087,2.97461951400241));
#305=CARTESIAN_POINT('Ctrl Pts',(-27.0253804859976,11.8194041615087,2.97461951400241));
#306=CARTESIAN_POINT('Ctrl Pts',(-27.0253804859976,11.8194041615087,30.));
#307=CARTESIAN_POINT('Ctrl Pts',(-27.0253804859976,11.8194041615087,57.0253804859976));
#308=CARTESIAN_POINT('Ctrl Pts',(0.,11.8194041615087,57.0253804859976));
#309=CARTESIAN_POINT('Ctrl Pts',(27.0253804859976,11.8194041615087,57.0253804859976));
#310=CARTESIAN_POINT('Ctrl Pts',(27.0253804859976,11.8194041615087,30.));
#311=CARTESIAN_POINT('Ctrl Pts',(27.0253804859976,11.8194041615087,2.97461951400242));
#312=CARTESIAN_POINT('Ctrl Pts',(0.,11.8194041615087,2.97461951400241));
#313=CARTESIAN_POINT('Ctrl Pts',(0.,12.4731541490167,3.05619982224085));
#314=CARTESIAN_POINT('Ctrl Pts',(-26.9438001777591,12.4731541490167,3.05619982224085));
#315=CARTESIAN_POINT('Ctrl Pts',(-26.9438001777591,12.4731541490167,30.));
#316=CARTESIAN_POINT('Ctrl Pts',(-26.9438001777591,12.4731541490167,56.9438001777591));
#317=CARTESIAN_POINT('Ctrl Pts',(0.,12.4731541490167,56.9438001777591));
#318=CARTESIAN_POINT('Ctrl Pts',(26.9438001777591,12.4731541490167,56.9438001777591));
#319=CARTESIAN_POINT('Ctrl Pts',(26.9438001777592,12.4731541490167,30.));
#320=CARTESIAN_POINT('Ctrl Pts',(26.9438001777592,12.4731541490167,3.05619982224085));
#321=CARTESIAN_POINT('Ctrl Pts',(0.,12.4731541490167,3.05619982224085));
#322=CARTESIAN_POINT('Ctrl Pts',(0.,13.1267887396372,3.13958594997519));
#323=CARTESIAN_POINT('Ctrl Pts',(-26.8604140500248,13.1267887396372,3.13958594997519));
#324=CARTESIAN_POINT('Ctrl Pts',(-26.8604140500248,13.1267887396372,30.));
#325=CARTESIAN_POINT('Ctrl Pts',(-26.8604140500248,13.1267887396372,56.8604140500248));
#326=CARTESIAN_POINT('Ctrl Pts',(0.,13.1267887396372,56.8604140500248));
#327=CARTESIAN_POINT('Ctrl Pts',(26.8604140500248,13.1267887396372,56.8604140500248));
#328=CARTESIAN_POINT('Ctrl Pts',(26.8604140500248,13.1267887396372,30.));
#329=CARTESIAN_POINT('Ctrl Pts',(26.8604140500248,13.1267887396372,3.13958594997519));
#330=CARTESIAN_POINT('Ctrl Pts',(0.,13.1267887396372,3.13958594997519));
#331=CARTESIAN_POINT('Ctrl Pts',(0.,13.7803054180861,3.2247886255422));
#332=CARTESIAN_POINT('Ctrl Pts',(-26.7752113744578,13.7803054180861,3.2247886255422));
#333=CARTESIAN_POINT('Ctrl Pts',(-26.7752113744578,13.7803054180861,30.));
#334=CARTESIAN_POINT('Ctrl Pts',(-26.7752113744578,13.7803054180861,56.7752113744578));
#335=CARTESIAN_POINT('Ctrl Pts',(0.,13.7803054180861,56.7752113744578));
#336=CARTESIAN_POINT('Ctrl Pts',(26.7752113744578,13.7803054180861,56.7752113744578));
#337=CARTESIAN_POINT('Ctrl Pts',(26.7752113744578,13.7803054180861,30.));
#338=CARTESIAN_POINT('Ctrl Pts',(26.7752113744578,13.7803054180861,3.22478862554222));
#339=CARTESIAN_POINT('Ctrl Pts',(0.,13.7803054180861,3.2247886255422));
#340=CARTESIAN_POINT('Ctrl Pts',(0.,14.4336993768452,3.3118753479016));
#341=CARTESIAN_POINT('Ctrl Pts',(-26.6881246520984,14.4336993768452,3.3118753479016));
#342=CARTESIAN_POINT('Ctrl Pts',(-26.6881246520984,14.4336993768452,30.));
#343=CARTESIAN_POINT('Ctrl Pts',(-26.6881246520984,14.4336993768452,56.6881246520984));
#344=CARTESIAN_POINT('Ctrl Pts',(0.,14.4336993768452,56.6881246520984));
#345=CARTESIAN_POINT('Ctrl Pts',(26.6881246520984,14.4336993768452,56.6881246520984));
#346=CARTESIAN_POINT('Ctrl Pts',(26.6881246520984,14.4336993768452,30.));
#347=CARTESIAN_POINT('Ctrl Pts',(26.6881246520984,14.4336993768452,3.3118753479016));
#348=CARTESIAN_POINT('Ctrl Pts',(0.,14.4336993768452,3.3118753479016));
#349=CARTESIAN_POINT('Ctrl Pts',(0.,15.0869655396325,3.40092286499464));
#350=CARTESIAN_POINT('Ctrl Pts',(-26.5990771350053,15.0869655396325,3.40092286499464));
#351=CARTESIAN_POINT('Ctrl Pts',(-26.5990771350054,15.0869655396325,30.));
#352=CARTESIAN_POINT('Ctrl Pts',(-26.5990771350054,15.0869655396325,56.5990771350053));
#353=CARTESIAN_POINT('Ctrl Pts',(0.,15.0869655396325,56.5990771350054));
#354=CARTESIAN_POINT('Ctrl Pts',(26.5990771350053,15.0869655396325,56.5990771350054));
#355=CARTESIAN_POINT('Ctrl Pts',(26.5990771350054,15.0869655396325,30.));
#356=CARTESIAN_POINT('Ctrl Pts',(26.5990771350054,15.0869655396325,3.40092286499466));
#357=CARTESIAN_POINT('Ctrl Pts',(0.,15.0869655396325,3.40092286499464));
#358=CARTESIAN_POINT('Ctrl Pts',(0.,15.7401008387282,3.49196366788531));
#359=CARTESIAN_POINT('Ctrl Pts',(-26.5080363321147,15.7401008387282,3.49196366788531));
#360=CARTESIAN_POINT('Ctrl Pts',(-26.5080363321147,15.7401008387282,30.));
#361=CARTESIAN_POINT('Ctrl Pts',(-26.5080363321147,15.7401008387282,56.5080363321147));
#362=CARTESIAN_POINT('Ctrl Pts',(0.,15.7401008387282,56.5080363321147));
#363=CARTESIAN_POINT('Ctrl Pts',(26.5080363321147,15.7401008387282,56.5080363321147));
#364=CARTESIAN_POINT('Ctrl Pts',(26.5080363321147,15.7401008387282,30.));
#365=CARTESIAN_POINT('Ctrl Pts',(26.5080363321147,15.7401008387282,3.49196366788533));
#366=CARTESIAN_POINT('Ctrl Pts',(0.,15.7401008387282,3.49196366788531));
#367=CARTESIAN_POINT('Ctrl Pts',(0.,16.3931050481041,3.58496624899161));
#368=CARTESIAN_POINT('Ctrl Pts',(-26.4150337510084,16.3931050481041,3.58496624899161));
#369=CARTESIAN_POINT('Ctrl Pts',(-26.4150337510084,16.3931050481041,30.));
#370=CARTESIAN_POINT('Ctrl Pts',(-26.4150337510084,16.3931050481041,56.4150337510084));
#371=CARTESIAN_POINT('Ctrl Pts',(0.,16.3931050481041,56.4150337510084));
#372=CARTESIAN_POINT('Ctrl Pts',(26.4150337510084,16.3931050481041,56.4150337510084));
#373=CARTESIAN_POINT('Ctrl Pts',(26.4150337510084,16.3931050481041,30.));
#374=CARTESIAN_POINT('Ctrl Pts',(26.4150337510084,16.3931050481041,3.58496624899162));
#375=CARTESIAN_POINT('Ctrl Pts',(0.,16.3931050481041,3.58496624899161));
#376=CARTESIAN_POINT('Ctrl Pts',(0.,17.0459795510858,3.67986360890145));
#377=CARTESIAN_POINT('Ctrl Pts',(-26.3201363910985,17.0459795510858,3.67986360890145));
#378=CARTESIAN_POINT('Ctrl Pts',(-26.3201363910986,17.0459795510858,30.));
#379=CARTESIAN_POINT('Ctrl Pts',(-26.3201363910986,17.0459795510858,56.3201363910985));
#380=CARTESIAN_POINT('Ctrl Pts',(0.,17.0459795510858,56.3201363910986));
#381=CARTESIAN_POINT('Ctrl Pts',(26.3201363910985,17.0459795510858,56.3201363910986));
#382=CARTESIAN_POINT('Ctrl Pts',(26.3201363910986,17.0459795510858,30.));
#383=CARTESIAN_POINT('Ctrl Pts',(26.3201363910986,17.0459795510858,3.67986360890146));
#384=CARTESIAN_POINT('Ctrl Pts',(0.,17.0459795510858,3.67986360890145));
#385=CARTESIAN_POINT('Ctrl Pts',(0.,17.698726592958,3.77657043286632));
#386=CARTESIAN_POINT('Ctrl Pts',(-26.2234295671337,17.698726592958,3.77657043286632));
#387=CARTESIAN_POINT('Ctrl Pts',(-26.2234295671337,17.698726592958,30.));
#388=CARTESIAN_POINT('Ctrl Pts',(-26.2234295671337,17.698726592958,56.2234295671337));
#389=CARTESIAN_POINT('Ctrl Pts',(0.,17.698726592958,56.2234295671337));
#390=CARTESIAN_POINT('Ctrl Pts',(26.2234295671337,17.698726592958,56.2234295671337));
#391=CARTESIAN_POINT('Ctrl Pts',(26.2234295671337,17.698726592958,30.));
#392=CARTESIAN_POINT('Ctrl Pts',(26.2234295671337,17.698726592958,3.77657043286632));
#393=CARTESIAN_POINT('Ctrl Pts',(0.,17.698726592958,3.77657043286632));
#394=CARTESIAN_POINT('Ctrl Pts',(0.,18.3513484094911,3.87500317822806));
#395=CARTESIAN_POINT('Ctrl Pts',(-26.1249968217719,18.3513484094911,3.87500317822806));
#396=CARTESIAN_POINT('Ctrl Pts',(-26.1249968217719,18.3513484094911,30.));
#397=CARTESIAN_POINT('Ctrl Pts',(-26.1249968217719,18.3513484094911,56.1249968217719));
#398=CARTESIAN_POINT('Ctrl Pts',(0.,18.3513484094911,56.1249968217719));
#399=CARTESIAN_POINT('Ctrl Pts',(26.1249968217719,18.3513484094911,56.1249968217719));
#400=CARTESIAN_POINT('Ctrl Pts',(26.1249968217719,18.3513484094911,30.));
#401=CARTESIAN_POINT('Ctrl Pts',(26.1249968217719,18.3513484094911,3.87500317822806));
#402=CARTESIAN_POINT('Ctrl Pts',(0.,18.3513484094911,3.87500317822806));
#403=CARTESIAN_POINT('Ctrl Pts',(0.,19.0038462312497,3.97510303280697));
#404=CARTESIAN_POINT('Ctrl Pts',(-26.024896967193,19.0038462312497,3.97510303280697));
#405=CARTESIAN_POINT('Ctrl Pts',(-26.024896967193,19.0038462312497,30.));
#406=CARTESIAN_POINT('Ctrl Pts',(-26.024896967193,19.0038462312497,56.024896967193));
#407=CARTESIAN_POINT('Ctrl Pts',(0.,19.0038462312497,56.024896967193));
#408=CARTESIAN_POINT('Ctrl Pts',(26.024896967193,19.0038462312497,56.024896967193));
#409=CARTESIAN_POINT('Ctrl Pts',(26.024896967193,19.0038462312497,30.));
#410=CARTESIAN_POINT('Ctrl Pts',(26.024896967193,19.0038462312497,3.97510303280697));
#411=CARTESIAN_POINT('Ctrl Pts',(0.,19.0038462312497,3.97510303280697));
#412=CARTESIAN_POINT('Ctrl Pts',(0.,19.6562200652976,4.07684083519854));
#413=CARTESIAN_POINT('Ctrl Pts',(-25.9231591648015,19.6562200652976,4.07684083519854));
#414=CARTESIAN_POINT('Ctrl Pts',(-25.9231591648015,19.6562200652976,30.));
#415=CARTESIAN_POINT('Ctrl Pts',(-25.9231591648015,19.6562200652976,55.9231591648015));
#416=CARTESIAN_POINT('Ctrl Pts',(0.,19.6562200652976,55.9231591648015));
#417=CARTESIAN_POINT('Ctrl Pts',(25.9231591648015,19.6562200652976,55.9231591648015));
#418=CARTESIAN_POINT('Ctrl Pts',(25.9231591648015,19.6562200652976,30.));
#419=CARTESIAN_POINT('Ctrl Pts',(25.9231591648015,19.6562200652976,4.07684083519854));
#420=CARTESIAN_POINT('Ctrl Pts',(0.,19.6562200652976,4.07684083519854));
#421=CARTESIAN_POINT('Ctrl Pts',(0.,20.308469214674,4.18020487020627));
#422=CARTESIAN_POINT('Ctrl Pts',(-25.8197951297937,20.308469214674,4.18020487020627));
#423=CARTESIAN_POINT('Ctrl Pts',(-25.8197951297937,20.308469214674,30.));
#424=CARTESIAN_POINT('Ctrl Pts',(-25.8197951297937,20.308469214674,55.8197951297937));
#425=CARTESIAN_POINT('Ctrl Pts',(0.,20.308469214674,55.8197951297937));
#426=CARTESIAN_POINT('Ctrl Pts',(25.8197951297937,20.308469214674,55.8197951297937));
#427=CARTESIAN_POINT('Ctrl Pts',(25.8197951297937,20.308469214674,30.));
#428=CARTESIAN_POINT('Ctrl Pts',(25.8197951297937,20.308469214674,4.18020487020627));
#429=CARTESIAN_POINT('Ctrl Pts',(0.,20.308469214674,4.18020487020627));
#430=CARTESIAN_POINT('Ctrl Pts',(0.,20.9605926036528,4.28519317117686));
#431=CARTESIAN_POINT('Ctrl Pts',(-25.7148068288231,20.9605926036528,4.28519317117686));
#432=CARTESIAN_POINT('Ctrl Pts',(-25.7148068288231,20.9605926036528,30.));
#433=CARTESIAN_POINT('Ctrl Pts',(-25.7148068288231,20.9605926036528,55.7148068288231));
#434=CARTESIAN_POINT('Ctrl Pts',(0.,20.9605926036528,55.7148068288231));
#435=CARTESIAN_POINT('Ctrl Pts',(25.7148068288231,20.9605926036528,55.7148068288231));
#436=CARTESIAN_POINT('Ctrl Pts',(25.7148068288231,20.9605926036528,30.));
#437=CARTESIAN_POINT('Ctrl Pts',(25.7148068288231,20.9605926036528,4.28519317117688));
#438=CARTESIAN_POINT('Ctrl Pts',(0.,20.9605926036528,4.28519317117686));
#439=CARTESIAN_POINT('Ctrl Pts',(0.,21.6125891512676,4.39180470816776));
#440=CARTESIAN_POINT('Ctrl Pts',(-25.6081952918322,21.6125891512676,4.39180470816776));
#441=CARTESIAN_POINT('Ctrl Pts',(-25.6081952918322,21.6125891512676,30.));
#442=CARTESIAN_POINT('Ctrl Pts',(-25.6081952918322,21.6125891512676,55.6081952918322));
#443=CARTESIAN_POINT('Ctrl Pts',(0.,21.6125891512676,55.6081952918322));
#444=CARTESIAN_POINT('Ctrl Pts',(25.6081952918322,21.6125891512676,55.6081952918322));
#445=CARTESIAN_POINT('Ctrl Pts',(25.6081952918322,21.6125891512676,30.));
#446=CARTESIAN_POINT('Ctrl Pts',(25.6081952918322,21.6125891512676,4.39180470816778));
#447=CARTESIAN_POINT('Ctrl Pts',(0.,21.6125891512676,4.39180470816776));
#448=CARTESIAN_POINT('Ctrl Pts',(0.,22.2644582023825,4.50002922613614));
#449=CARTESIAN_POINT('Ctrl Pts',(-25.4999707738639,22.2644582023825,4.50002922613614));
#450=CARTESIAN_POINT('Ctrl Pts',(-25.4999707738639,22.2644582023825,30.));
#451=CARTESIAN_POINT('Ctrl Pts',(-25.4999707738639,22.2644582023825,55.4999707738639));
#452=CARTESIAN_POINT('Ctrl Pts',(0.,22.2644582023825,55.4999707738639));
#453=CARTESIAN_POINT('Ctrl Pts',(25.4999707738639,22.2644582023825,55.4999707738639));
#454=CARTESIAN_POINT('Ctrl Pts',(25.4999707738639,22.2644582023825,30.));
#455=CARTESIAN_POINT('Ctrl Pts',(25.4999707738639,22.2644582023825,4.50002922613614));
#456=CARTESIAN_POINT('Ctrl Pts',(0.,22.2644582023825,4.50002922613614));
#457=CARTESIAN_POINT('Ctrl Pts',(0.,22.9161995642653,4.60984630529804));
#458=CARTESIAN_POINT('Ctrl Pts',(-25.390153694702,22.9161995642653,4.60984630529804));
#459=CARTESIAN_POINT('Ctrl Pts',(-25.390153694702,22.9161995642653,30.));
#460=CARTESIAN_POINT('Ctrl Pts',(-25.390153694702,22.9161995642653,55.390153694702));
#461=CARTESIAN_POINT('Ctrl Pts',(0.,22.9161995642653,55.390153694702));
#462=CARTESIAN_POINT('Ctrl Pts',(25.390153694702,22.9161995642653,55.390153694702));
#463=CARTESIAN_POINT('Ctrl Pts',(25.390153694702,22.9161995642653,30.));
#464=CARTESIAN_POINT('Ctrl Pts',(25.390153694702,22.9161995642653,4.60984630529804));
#465=CARTESIAN_POINT('Ctrl Pts',(0.,22.9161995642653,4.60984630529804));
#466=CARTESIAN_POINT('Ctrl Pts',(0.,23.5678132925452,4.72123027827049));
#467=CARTESIAN_POINT('Ctrl Pts',(-25.2787697217295,23.5678132925452,4.72123027827049));
#468=CARTESIAN_POINT('Ctrl Pts',(-25.2787697217295,23.5678132925452,30.));
#469=CARTESIAN_POINT('Ctrl Pts',(-25.2787697217295,23.5678132925452,55.2787697217295));
#470=CARTESIAN_POINT('Ctrl Pts',(0.,23.5678132925452,55.2787697217295));
#471=CARTESIAN_POINT('Ctrl Pts',(25.2787697217295,23.5678132925452,55.2787697217295));
#472=CARTESIAN_POINT('Ctrl Pts',(25.2787697217295,23.5678132925452,30.));
#473=CARTESIAN_POINT('Ctrl Pts',(25.2787697217295,23.5678132925452,4.72123027827049));
#474=CARTESIAN_POINT('Ctrl Pts',(0.,23.5678132925452,4.72123027827049));
#475=CARTESIAN_POINT('Ctrl Pts',(0.,24.219299548731,4.83415347467709));
#476=CARTESIAN_POINT('Ctrl Pts',(-25.1658465253229,24.219299548731,4.83415347467709));
#477=CARTESIAN_POINT('Ctrl Pts',(-25.1658465253229,24.219299548731,30.));
#478=CARTESIAN_POINT('Ctrl Pts',(-25.1658465253229,24.219299548731,55.1658465253229));
#479=CARTESIAN_POINT('Ctrl Pts',(0.,24.219299548731,55.1658465253229));
#480=CARTESIAN_POINT('Ctrl Pts',(25.1658465253229,24.219299548731,55.1658465253229));
#481=CARTESIAN_POINT('Ctrl Pts',(25.1658465253229,24.219299548731,30.));
#482=CARTESIAN_POINT('Ctrl Pts',(25.1658465253229,24.219299548731,4.83415347467709));
#483=CARTESIAN_POINT('Ctrl Pts',(0.,24.219299548731,4.83415347467709));
#484=CARTESIAN_POINT('Ctrl Pts',(0.,24.8706584405621,4.94858986976681));
#485=CARTESIAN_POINT('Ctrl Pts',(-25.0514101302332,24.8706584405621,4.94858986976681));
#486=CARTESIAN_POINT('Ctrl Pts',(-25.0514101302332,24.8706584405621,30.));
#487=CARTESIAN_POINT('Ctrl Pts',(-25.0514101302332,24.8706584405621,55.0514101302332));
#488=CARTESIAN_POINT('Ctrl Pts',(0.,24.8706584405621,55.0514101302332));
#489=CARTESIAN_POINT('Ctrl Pts',(25.0514101302332,24.8706584405621,55.0514101302332));
#490=CARTESIAN_POINT('Ctrl Pts',(25.0514101302332,24.8706584405621,30.));
#491=CARTESIAN_POINT('Ctrl Pts',(25.0514101302332,24.8706584405621,4.94858986976681));
#492=CARTESIAN_POINT('Ctrl Pts',(0.,24.8706584405621,4.94858986976681));
#493=CARTESIAN_POINT('Ctrl Pts',(0.,25.5218898383102,5.0645192891098));
#494=CARTESIAN_POINT('Ctrl Pts',(-24.9354807108902,25.5218898383102,5.0645192891098));
#495=CARTESIAN_POINT('Ctrl Pts',(-24.9354807108902,25.5218898383102,30.));
#496=CARTESIAN_POINT('Ctrl Pts',(-24.9354807108902,25.5218898383102,54.9354807108902));
#497=CARTESIAN_POINT('Ctrl Pts',(0.,25.5218898383102,54.9354807108902));
#498=CARTESIAN_POINT('Ctrl Pts',(24.9354807108902,25.5218898383102,54.9354807108902));
#499=CARTESIAN_POINT('Ctrl Pts',(24.9354807108902,25.5218898383102,30.));
#500=CARTESIAN_POINT('Ctrl Pts',(24.9354807108902,25.5218898383102,5.0645192891098));
#501=CARTESIAN_POINT('Ctrl Pts',(0.,25.5218898383102,5.0645192891098));
#502=CARTESIAN_POINT('Ctrl Pts',(0.,26.1729933816919,5.18192719273745));
#503=CARTESIAN_POINT('Ctrl Pts',(-24.8180728072625,26.1729933816919,5.18192719273745));
#504=CARTESIAN_POINT('Ctrl Pts',(-24.8180728072625,26.1729933816919,30.));
#505=CARTESIAN_POINT('Ctrl Pts',(-24.8180728072625,26.1729933816919,54.8180728072625));
#506=CARTESIAN_POINT('Ctrl Pts',(0.,26.1729933816919,54.8180728072625));
#507=CARTESIAN_POINT('Ctrl Pts',(24.8180728072625,26.1729933816919,54.8180728072625));
#508=CARTESIAN_POINT('Ctrl Pts',(24.8180728072625,26.1729933816919,30.));
#509=CARTESIAN_POINT('Ctrl Pts',(24.8180728072625,26.1729933816919,5.18192719273747));
#510=CARTESIAN_POINT('Ctrl Pts',(0.,26.1729933816919,5.18192719273745));
#511=CARTESIAN_POINT('Ctrl Pts',(0.,26.8239685667852,5.3008026034593));
#512=CARTESIAN_POINT('Ctrl Pts',(-24.6991973965407,26.8239685667852,5.3008026034593));
#513=CARTESIAN_POINT('Ctrl Pts',(-24.6991973965407,26.8239685667852,30.));
#514=CARTESIAN_POINT('Ctrl Pts',(-24.6991973965407,26.8239685667852,54.6991973965407));
#515=CARTESIAN_POINT('Ctrl Pts',(0.,26.8239685667852,54.6991973965407));
#516=CARTESIAN_POINT('Ctrl Pts',(24.6991973965407,26.8239685667852,54.6991973965407));
#517=CARTESIAN_POINT('Ctrl Pts',(24.6991973965407,26.8239685667852,30.));
#518=CARTESIAN_POINT('Ctrl Pts',(24.6991973965407,26.8239685667852,5.3008026034593));
#519=CARTESIAN_POINT('Ctrl Pts',(0.,26.8239685667852,5.3008026034593));
#520=CARTESIAN_POINT('Ctrl Pts',(0.,27.4748148087397,5.4211365969155));
#521=CARTESIAN_POINT('Ctrl Pts',(-24.5788634030845,27.4748148087397,5.4211365969155));
#522=CARTESIAN_POINT('Ctrl Pts',(-24.5788634030845,27.4748148087397,30.));
#523=CARTESIAN_POINT('Ctrl Pts',(-24.5788634030845,27.4748148087397,54.5788634030845));
#524=CARTESIAN_POINT('Ctrl Pts',(0.,27.4748148087397,54.5788634030845));
#525=CARTESIAN_POINT('Ctrl Pts',(24.5788634030845,27.4748148087397,54.5788634030845));
#526=CARTESIAN_POINT('Ctrl Pts',(24.5788634030845,27.4748148087397,30.));
#527=CARTESIAN_POINT('Ctrl Pts',(24.5788634030845,27.4748148087397,5.4211365969155));
#528=CARTESIAN_POINT('Ctrl Pts',(0.,27.4748148087397,5.4211365969155));
#529=CARTESIAN_POINT('Ctrl Pts',(0.,28.1255315101694,5.54292066114627));
#530=CARTESIAN_POINT('Ctrl Pts',(-24.4570793388537,28.1255315101694,5.54292066114627));
#531=CARTESIAN_POINT('Ctrl Pts',(-24.4570793388537,28.1255315101694,30.));
#532=CARTESIAN_POINT('Ctrl Pts',(-24.4570793388537,28.1255315101694,54.4570793388537));
#533=CARTESIAN_POINT('Ctrl Pts',(0.,28.1255315101694,54.4570793388537));
#534=CARTESIAN_POINT('Ctrl Pts',(24.4570793388537,28.1255315101694,54.4570793388537));
#535=CARTESIAN_POINT('Ctrl Pts',(24.4570793388537,28.1255315101694,30.));
#536=CARTESIAN_POINT('Ctrl Pts',(24.4570793388537,28.1255315101694,5.54292066114629));
#537=CARTESIAN_POINT('Ctrl Pts',(0.,28.1255315101694,5.54292066114627));
#538=CARTESIAN_POINT('Ctrl Pts',(0.,28.7761181386145,5.66614484358183));
#539=CARTESIAN_POINT('Ctrl Pts',(-24.3338551564181,28.7761181386145,5.66614484358183));
#540=CARTESIAN_POINT('Ctrl Pts',(-24.3338551564182,28.7761181386145,30.));
#541=CARTESIAN_POINT('Ctrl Pts',(-24.3338551564182,28.7761181386145,54.3338551564182));
#542=CARTESIAN_POINT('Ctrl Pts',(0.,28.7761181386145,54.3338551564182));
#543=CARTESIAN_POINT('Ctrl Pts',(24.3338551564182,28.7761181386145,54.3338551564182));
#544=CARTESIAN_POINT('Ctrl Pts',(24.3338551564182,28.7761181386145,30.));
#545=CARTESIAN_POINT('Ctrl Pts',(24.3338551564182,28.7761181386145,5.66614484358185));
#546=CARTESIAN_POINT('Ctrl Pts',(0.,28.7761181386145,5.66614484358183));
#547=CARTESIAN_POINT('Ctrl Pts',(0.,29.4265742145917,5.79079799029884));
#548=CARTESIAN_POINT('Ctrl Pts',(-24.2092020097012,29.4265742145917,5.79079799029884));
#549=CARTESIAN_POINT('Ctrl Pts',(-24.2092020097012,29.4265742145917,30.));
#550=CARTESIAN_POINT('Ctrl Pts',(-24.2092020097012,29.4265742145917,54.2092020097012));
#551=CARTESIAN_POINT('Ctrl Pts',(0.,29.4265742145917,54.2092020097012));
#552=CARTESIAN_POINT('Ctrl Pts',(24.2092020097012,29.4265742145917,54.2092020097012));
#553=CARTESIAN_POINT('Ctrl Pts',(24.2092020097012,29.4265742145917,30.));
#554=CARTESIAN_POINT('Ctrl Pts',(24.2092020097012,29.4265742145917,5.79079799029884));
#555=CARTESIAN_POINT('Ctrl Pts',(0.,29.4265742145917,5.79079799029884));
#556=CARTESIAN_POINT('Ctrl Pts',(0.,30.07689927598,5.91686853914277));
#557=CARTESIAN_POINT('Ctrl Pts',(-24.0831314608572,30.07689927598,5.91686853914277));
#558=CARTESIAN_POINT('Ctrl Pts',(-24.0831314608572,30.07689927598,30.));
#559=CARTESIAN_POINT('Ctrl Pts',(-24.0831314608572,30.07689927598,54.0831314608572));
#560=CARTESIAN_POINT('Ctrl Pts',(0.,30.07689927598,54.0831314608572));
#561=CARTESIAN_POINT('Ctrl Pts',(24.0831314608572,30.07689927598,54.0831314608572));
#562=CARTESIAN_POINT('Ctrl Pts',(24.0831314608572,30.07689927598,30.));
#563=CARTESIAN_POINT('Ctrl Pts',(24.0831314608572,30.07689927598,5.91686853914279));
#564=CARTESIAN_POINT('Ctrl Pts',(0.,30.07689927598,5.91686853914277));
#565=CARTESIAN_POINT('Ctrl Pts',(0.,30.7270928499902,6.04434513579511));
#566=CARTESIAN_POINT('Ctrl Pts',(-23.9556548642049,30.7270928499902,6.04434513579511));
#567=CARTESIAN_POINT('Ctrl Pts',(-23.9556548642049,30.7270928499902,30.));
#568=CARTESIAN_POINT('Ctrl Pts',(-23.9556548642049,30.7270928499902,53.9556548642049));
#569=CARTESIAN_POINT('Ctrl Pts',(0.,30.7270928499902,53.9556548642049));
#570=CARTESIAN_POINT('Ctrl Pts',(23.9556548642049,30.7270928499902,53.9556548642049));
#571=CARTESIAN_POINT('Ctrl Pts',(23.9556548642049,30.7270928499902,30.));
#572=CARTESIAN_POINT('Ctrl Pts',(23.9556548642049,30.7270928499902,6.04434513579513));
#573=CARTESIAN_POINT('Ctrl Pts',(0.,30.7270928499902,6.04434513579511));
#574=CARTESIAN_POINT('Ctrl Pts',(0.,31.3771544233269,6.17321729276004));
#575=CARTESIAN_POINT('Ctrl Pts',(-23.82678270724,31.3771544233269,6.17321729276004));
#576=CARTESIAN_POINT('Ctrl Pts',(-23.82678270724,31.3771544233269,30.));
#577=CARTESIAN_POINT('Ctrl Pts',(-23.82678270724,31.3771544233269,53.82678270724));
#578=CARTESIAN_POINT('Ctrl Pts',(0.,31.3771544233269,53.82678270724));
#579=CARTESIAN_POINT('Ctrl Pts',(23.82678270724,31.3771544233269,53.82678270724));
#580=CARTESIAN_POINT('Ctrl Pts',(23.82678270724,31.3771544233269,30.));
#581=CARTESIAN_POINT('Ctrl Pts',(23.82678270724,31.3771544233269,6.17321729276004));
#582=CARTESIAN_POINT('Ctrl Pts',(0.,31.3771544233269,6.17321729276004));
#583=CARTESIAN_POINT('Ctrl Pts',(0.,32.0270834096491,6.30347611129425));
#584=CARTESIAN_POINT('Ctrl Pts',(-23.6965238887057,32.0270834096491,6.30347611129425));
#585=CARTESIAN_POINT('Ctrl Pts',(-23.6965238887058,32.0270834096491,30.));
#586=CARTESIAN_POINT('Ctrl Pts',(-23.6965238887058,32.0270834096491,53.6965238887057));
#587=CARTESIAN_POINT('Ctrl Pts',(0.,32.0270834096491,53.6965238887058));
#588=CARTESIAN_POINT('Ctrl Pts',(23.6965238887057,32.0270834096491,53.6965238887058));
#589=CARTESIAN_POINT('Ctrl Pts',(23.6965238887057,32.0270834096491,30.));
#590=CARTESIAN_POINT('Ctrl Pts',(23.6965238887057,32.0270834096491,6.30347611129427));
#591=CARTESIAN_POINT('Ctrl Pts',(0.,32.0270834096491,6.30347611129425));
#592=CARTESIAN_POINT('Ctrl Pts',(0.,32.676879157104,6.43511407282164));
#593=CARTESIAN_POINT('Ctrl Pts',(-23.5648859271783,32.676879157104,6.43511407282164));
#594=CARTESIAN_POINT('Ctrl Pts',(-23.5648859271784,32.676879157104,30.));
#595=CARTESIAN_POINT('Ctrl Pts',(-23.5648859271784,32.676879157104,53.5648859271784));
#596=CARTESIAN_POINT('Ctrl Pts',(0.,32.676879157104,53.5648859271784));
#597=CARTESIAN_POINT('Ctrl Pts',(23.5648859271784,32.676879157104,53.5648859271784));
#598=CARTESIAN_POINT('Ctrl Pts',(23.5648859271784,32.676879157104,30.));
#599=CARTESIAN_POINT('Ctrl Pts',(23.5648859271784,32.676879157104,6.43511407282165));
#600=CARTESIAN_POINT('Ctrl Pts',(0.,32.676879157104,6.43511407282164));
#601=CARTESIAN_POINT('Ctrl Pts',(0.,33.326540961918,6.56812469001078));
#602=CARTESIAN_POINT('Ctrl Pts',(-23.4318753099892,33.326540961918,6.56812469001078));
#603=CARTESIAN_POINT('Ctrl Pts',(-23.4318753099892,33.326540961918,30.));
#604=CARTESIAN_POINT('Ctrl Pts',(-23.4318753099892,33.326540961918,53.4318753099892));
#605=CARTESIAN_POINT('Ctrl Pts',(0.,33.326540961918,53.4318753099892));
#606=CARTESIAN_POINT('Ctrl Pts',(23.4318753099892,33.326540961918,53.4318753099892));
#607=CARTESIAN_POINT('Ctrl Pts',(23.4318753099892,33.326540961918,30.));
#608=CARTESIAN_POINT('Ctrl Pts',(23.4318753099892,33.326540961918,6.56812469001078));
#609=CARTESIAN_POINT('Ctrl Pts',(0.,33.326540961918,6.56812469001078));
#610=CARTESIAN_POINT('Ctrl Pts',(0.,33.9760680799847,6.70250220474673));
#611=CARTESIAN_POINT('Ctrl Pts',(-23.2974977952533,33.9760680799847,6.70250220474673));
#612=CARTESIAN_POINT('Ctrl Pts',(-23.2974977952533,33.9760680799847,30.));
#613=CARTESIAN_POINT('Ctrl Pts',(-23.2974977952533,33.9760680799847,53.2974977952533));
#614=CARTESIAN_POINT('Ctrl Pts',(0.,33.9760680799847,53.2974977952533));
#615=CARTESIAN_POINT('Ctrl Pts',(23.2974977952533,33.9760680799847,53.2974977952533));
#616=CARTESIAN_POINT('Ctrl Pts',(23.2974977952533,33.9760680799847,30.));
#617=CARTESIAN_POINT('Ctrl Pts',(23.2974977952533,33.9760680799847,6.70250220474674));
#618=CARTESIAN_POINT('Ctrl Pts',(0.,33.9760680799847,6.70250220474673));
#619=CARTESIAN_POINT('Ctrl Pts',(0.,34.6254597390418,6.83824127287952));
#620=CARTESIAN_POINT('Ctrl Pts',(-23.1617587271205,34.6254597390418,6.83824127287952));
#621=CARTESIAN_POINT('Ctrl Pts',(-23.1617587271205,34.6254597390418,30.));
#622=CARTESIAN_POINT('Ctrl Pts',(-23.1617587271205,34.6254597390418,53.1617587271205));
#623=CARTESIAN_POINT('Ctrl Pts',(0.,34.6254597390418,53.1617587271205));
#624=CARTESIAN_POINT('Ctrl Pts',(23.1617587271205,34.6254597390418,53.1617587271205));
#625=CARTESIAN_POINT('Ctrl Pts',(23.1617587271205,34.6254597390418,30.));
#626=CARTESIAN_POINT('Ctrl Pts',(23.1617587271205,34.6254597390418,6.83824127287952));
#627=CARTESIAN_POINT('Ctrl Pts',(0.,34.6254597390418,6.83824127287952));
#628=CARTESIAN_POINT('Ctrl Pts',(0.,35.2747151514144,6.97533663599817));
#629=CARTESIAN_POINT('Ctrl Pts',(-23.0246633640018,35.2747151514144,6.97533663599817));
#630=CARTESIAN_POINT('Ctrl Pts',(-23.0246633640018,35.2747151514144,30.));
#631=CARTESIAN_POINT('Ctrl Pts',(-23.0246633640018,35.2747151514144,53.0246633640018));
#632=CARTESIAN_POINT('Ctrl Pts',(0.,35.2747151514144,53.0246633640018));
#633=CARTESIAN_POINT('Ctrl Pts',(23.0246633640018,35.2747151514144,53.0246633640018));
#634=CARTESIAN_POINT('Ctrl Pts',(23.0246633640018,35.2747151514144,30.));
#635=CARTESIAN_POINT('Ctrl Pts',(23.0246633640018,35.2747151514144,6.97533663599817));
#636=CARTESIAN_POINT('Ctrl Pts',(0.,35.2747151514144,6.97533663599817));
#637=CARTESIAN_POINT('Ctrl Pts',(0.,35.9238335086553,7.11378321768292));
#638=CARTESIAN_POINT('Ctrl Pts',(-22.8862167823171,35.9238335086553,7.11378321768292));
#639=CARTESIAN_POINT('Ctrl Pts',(-22.8862167823171,35.9238335086553,30.));
#640=CARTESIAN_POINT('Ctrl Pts',(-22.8862167823171,35.9238335086553,52.8862167823171));
#641=CARTESIAN_POINT('Ctrl Pts',(0.,35.9238335086553,52.8862167823171));
#642=CARTESIAN_POINT('Ctrl Pts',(22.8862167823171,35.9238335086553,52.8862167823171));
#643=CARTESIAN_POINT('Ctrl Pts',(22.8862167823171,35.9238335086553,30.));
#644=CARTESIAN_POINT('Ctrl Pts',(22.8862167823171,35.9238335086553,7.11378321768292));
#645=CARTESIAN_POINT('Ctrl Pts',(0.,35.9238335086553,7.11378321768292));
#646=CARTESIAN_POINT('Ctrl Pts',(0.,36.5728139750512,7.25357624664145));
#647=CARTESIAN_POINT('Ctrl Pts',(-22.7464237533585,36.5728139750512,7.25357624664145));
#648=CARTESIAN_POINT('Ctrl Pts',(-22.7464237533585,36.5728139750512,30.));
#649=CARTESIAN_POINT('Ctrl Pts',(-22.7464237533585,36.5728139750512,52.7464237533585));
#650=CARTESIAN_POINT('Ctrl Pts',(0.,36.5728139750512,52.7464237533585));
#651=CARTESIAN_POINT('Ctrl Pts',(22.7464237533585,36.5728139750512,52.7464237533585));
#652=CARTESIAN_POINT('Ctrl Pts',(22.7464237533585,36.5728139750512,30.));
#653=CARTESIAN_POINT('Ctrl Pts',(22.7464237533585,36.5728139750512,7.25357624664145));
#654=CARTESIAN_POINT('Ctrl Pts',(0.,36.5728139750512,7.25357624664145));
#655=CARTESIAN_POINT('Ctrl Pts',(0.,37.2216556815923,7.39471136944097));
#656=CARTESIAN_POINT('Ctrl Pts',(-22.605288630559,37.2216556815923,7.39471136944097));
#657=CARTESIAN_POINT('Ctrl Pts',(-22.605288630559,37.2216556815923,30.));
#658=CARTESIAN_POINT('Ctrl Pts',(-22.605288630559,37.2216556815923,52.605288630559));
#659=CARTESIAN_POINT('Ctrl Pts',(0.,37.2216556815923,52.605288630559));
#660=CARTESIAN_POINT('Ctrl Pts',(22.605288630559,37.2216556815923,52.605288630559));
#661=CARTESIAN_POINT('Ctrl Pts',(22.605288630559,37.2216556815923,30.));
#662=CARTESIAN_POINT('Ctrl Pts',(22.605288630559,37.2216556815923,7.39471136944099));
#663=CARTESIAN_POINT('Ctrl Pts',(0.,37.2216556815923,7.39471136944097));
#664=CARTESIAN_POINT('Ctrl Pts',(0.,37.8703577197697,7.5371847676403));
#665=CARTESIAN_POINT('Ctrl Pts',(-22.4628152323597,37.8703577197697,7.5371847676403));
#666=CARTESIAN_POINT('Ctrl Pts',(-22.4628152323597,37.8703577197697,30.));
#667=CARTESIAN_POINT('Ctrl Pts',(-22.4628152323597,37.8703577197697,52.4628152323597));
#668=CARTESIAN_POINT('Ctrl Pts',(0.,37.8703577197697,52.4628152323597));
#669=CARTESIAN_POINT('Ctrl Pts',(22.4628152323597,37.8703577197697,52.4628152323597));
#670=CARTESIAN_POINT('Ctrl Pts',(22.4628152323597,37.8703577197697,30.));
#671=CARTESIAN_POINT('Ctrl Pts',(22.4628152323597,37.8703577197697,7.53718476764032));
#672=CARTESIAN_POINT('Ctrl Pts',(0.,37.8703577197697,7.5371847676403));
#673=CARTESIAN_POINT('Ctrl Pts',(0.,38.5189191355229,7.68099327174628));
#674=CARTESIAN_POINT('Ctrl Pts',(-22.3190067282537,38.5189191355229,7.68099327174628));
#675=CARTESIAN_POINT('Ctrl Pts',(-22.3190067282537,38.5189191355229,30.));
#676=CARTESIAN_POINT('Ctrl Pts',(-22.3190067282537,38.5189191355229,52.3190067282537));
#677=CARTESIAN_POINT('Ctrl Pts',(0.,38.5189191355229,52.3190067282537));
#678=CARTESIAN_POINT('Ctrl Pts',(22.3190067282537,38.5189191355229,52.3190067282537));
#679=CARTESIAN_POINT('Ctrl Pts',(22.3190067282537,38.5189191355229,30.));
#680=CARTESIAN_POINT('Ctrl Pts',(22.3190067282537,38.5189191355229,7.68099327174628));
#681=CARTESIAN_POINT('Ctrl Pts',(0.,38.5189191355229,7.68099327174628));
#682=CARTESIAN_POINT('Ctrl Pts',(0.,39.1673389302525,7.82613430140092));
#683=CARTESIAN_POINT('Ctrl Pts',(-22.1738656985991,39.1673389302525,7.82613430140092));
#684=CARTESIAN_POINT('Ctrl Pts',(-22.1738656985991,39.1673389302525,30.));
#685=CARTESIAN_POINT('Ctrl Pts',(-22.1738656985991,39.1673389302525,52.1738656985991));
#686=CARTESIAN_POINT('Ctrl Pts',(0.,39.1673389302525,52.1738656985991));
#687=CARTESIAN_POINT('Ctrl Pts',(22.1738656985991,39.1673389302525,52.1738656985991));
#688=CARTESIAN_POINT('Ctrl Pts',(22.1738656985991,39.1673389302525,30.));
#689=CARTESIAN_POINT('Ctrl Pts',(22.1738656985991,39.1673389302525,7.82613430140092));
#690=CARTESIAN_POINT('Ctrl Pts',(0.,39.1673389302525,7.82613430140092));
#691=CARTESIAN_POINT('Ctrl Pts',(0.,39.8156160618423,7.97260580573303));
#692=CARTESIAN_POINT('Ctrl Pts',(-22.027394194267,39.8156160618423,7.97260580573303));
#693=CARTESIAN_POINT('Ctrl Pts',(-22.027394194267,39.8156160618423,30.));
#694=CARTESIAN_POINT('Ctrl Pts',(-22.027394194267,39.8156160618423,52.027394194267));
#695=CARTESIAN_POINT('Ctrl Pts',(0.,39.8156160618423,52.027394194267));
#696=CARTESIAN_POINT('Ctrl Pts',(22.027394194267,39.8156160618423,52.027394194267));
#697=CARTESIAN_POINT('Ctrl Pts',(22.027394194267,39.8156160618423,30.));
#698=CARTESIAN_POINT('Ctrl Pts',(22.027394194267,39.8156160618423,7.97260580573305));
#699=CARTESIAN_POINT('Ctrl Pts',(0.,39.8156160618423,7.97260580573303));
#700=CARTESIAN_POINT('Ctrl Pts',(0.,40.4637494456861,8.12040620409046));
#701=CARTESIAN_POINT('Ctrl Pts',(-21.8795937959095,40.4637494456861,8.12040620409046));
#702=CARTESIAN_POINT('Ctrl Pts',(-21.8795937959095,40.4637494456861,30.));
#703=CARTESIAN_POINT('Ctrl Pts',(-21.8795937959095,40.4637494456861,51.8795937959095));
#704=CARTESIAN_POINT('Ctrl Pts',(0.,40.4637494456861,51.8795937959095));
#705=CARTESIAN_POINT('Ctrl Pts',(21.8795937959095,40.4637494456861,51.8795937959095));
#706=CARTESIAN_POINT('Ctrl Pts',(21.8795937959095,40.4637494456861,30.));
#707=CARTESIAN_POINT('Ctrl Pts',(21.8795937959095,40.4637494456861,8.12040620409046));
#708=CARTESIAN_POINT('Ctrl Pts',(0.,40.4637494456861,8.12040620409046));
#709=CARTESIAN_POINT('Ctrl Pts',(0.,41.1117379558102,8.2695343246489));
#710=CARTESIAN_POINT('Ctrl Pts',(-21.7304656753511,41.1117379558102,8.2695343246489));
#711=CARTESIAN_POINT('Ctrl Pts',(-21.7304656753511,41.1117379558102,30.));
#712=CARTESIAN_POINT('Ctrl Pts',(-21.7304656753511,41.1117379558102,51.7304656753511));
#713=CARTESIAN_POINT('Ctrl Pts',(0.,41.1117379558102,51.7304656753511));
#714=CARTESIAN_POINT('Ctrl Pts',(21.7304656753511,41.1117379558102,51.7304656753511));
#715=CARTESIAN_POINT('Ctrl Pts',(21.7304656753511,41.1117379558102,30.));
#716=CARTESIAN_POINT('Ctrl Pts',(21.7304656753511,41.1117379558102,8.2695343246489));
#717=CARTESIAN_POINT('Ctrl Pts',(0.,41.1117379558102,8.2695343246489));
#718=CARTESIAN_POINT('Ctrl Pts',(0.,41.7595804258171,8.41998934826266));
#719=CARTESIAN_POINT('Ctrl Pts',(-21.5800106517373,41.7595804258171,8.41998934826266));
#720=CARTESIAN_POINT('Ctrl Pts',(-21.5800106517373,41.7595804258171,30.));
#721=CARTESIAN_POINT('Ctrl Pts',(-21.5800106517373,41.7595804258171,51.5800106517373));
#722=CARTESIAN_POINT('Ctrl Pts',(0.,41.7595804258171,51.5800106517373));
#723=CARTESIAN_POINT('Ctrl Pts',(21.5800106517373,41.7595804258171,51.5800106517373));
#724=CARTESIAN_POINT('Ctrl Pts',(21.5800106517373,41.7595804258171,30.));
#725=CARTESIAN_POINT('Ctrl Pts',(21.5800106517373,41.7595804258171,8.41998934826266));
#726=CARTESIAN_POINT('Ctrl Pts',(0.,41.7595804258171,8.41998934826266));
#727=CARTESIAN_POINT('Ctrl Pts',(0.,42.4072756467767,8.57177083256847));
#728=CARTESIAN_POINT('Ctrl Pts',(-21.4282291674315,42.4072756467767,8.57177083256847));
#729=CARTESIAN_POINT('Ctrl Pts',(-21.4282291674315,42.4072756467767,30.));
#730=CARTESIAN_POINT('Ctrl Pts',(-21.4282291674315,42.4072756467767,51.4282291674315));
#731=CARTESIAN_POINT('Ctrl Pts',(0.,42.4072756467767,51.4282291674315));
#732=CARTESIAN_POINT('Ctrl Pts',(21.4282291674315,42.4072756467767,51.4282291674315));
#733=CARTESIAN_POINT('Ctrl Pts',(21.4282291674315,42.4072756467767,30.));
#734=CARTESIAN_POINT('Ctrl Pts',(21.4282291674315,42.4072756467767,8.57177083256847));
#735=CARTESIAN_POINT('Ctrl Pts',(0.,42.4072756467767,8.57177083256847));
#736=CARTESIAN_POINT('Ctrl Pts',(0.,43.0548223653268,8.72487873138997));
#737=CARTESIAN_POINT('Ctrl Pts',(-21.27512126861,43.0548223653268,8.72487873138997));
#738=CARTESIAN_POINT('Ctrl Pts',(-21.27512126861,43.0548223653268,30.));
#739=CARTESIAN_POINT('Ctrl Pts',(-21.27512126861,43.0548223653268,51.27512126861));
#740=CARTESIAN_POINT('Ctrl Pts',(0.,43.0548223653268,51.27512126861));
#741=CARTESIAN_POINT('Ctrl Pts',(21.27512126861,43.0548223653268,51.27512126861));
#742=CARTESIAN_POINT('Ctrl Pts',(21.27512126861,43.0548223653268,30.));
#743=CARTESIAN_POINT('Ctrl Pts',(21.27512126861,43.0548223653268,8.72487873138999));
#744=CARTESIAN_POINT('Ctrl Pts',(0.,43.0548223653268,8.72487873138997));
#745=CARTESIAN_POINT('Ctrl Pts',(0.,43.7022192817178,8.87931341521224));
#746=CARTESIAN_POINT('Ctrl Pts',(-21.1206865847878,43.7022192817178,8.87931341521224));
#747=CARTESIAN_POINT('Ctrl Pts',(-21.1206865847878,43.7022192817178,30.));
#748=CARTESIAN_POINT('Ctrl Pts',(-21.1206865847878,43.7022192817178,51.1206865847878));
#749=CARTESIAN_POINT('Ctrl Pts',(0.,43.7022192817178,51.1206865847878));
#750=CARTESIAN_POINT('Ctrl Pts',(21.1206865847878,43.7022192817178,51.1206865847878));
#751=CARTESIAN_POINT('Ctrl Pts',(21.1206865847878,43.7022192817178,30.));
#752=CARTESIAN_POINT('Ctrl Pts',(21.1206865847878,43.7022192817178,8.87931341521224));
#753=CARTESIAN_POINT('Ctrl Pts',(0.,43.7022192817178,8.87931341521224));
#754=CARTESIAN_POINT('Ctrl Pts',(0.,44.3494650479542,9.03507569173046));
#755=CARTESIAN_POINT('Ctrl Pts',(-20.9649243082695,44.3494650479542,9.03507569173046));
#756=CARTESIAN_POINT('Ctrl Pts',(-20.9649243082695,44.3494650479542,30.));
#757=CARTESIAN_POINT('Ctrl Pts',(-20.9649243082695,44.3494650479542,50.9649243082695));
#758=CARTESIAN_POINT('Ctrl Pts',(0.,44.3494650479542,50.9649243082695));
#759=CARTESIAN_POINT('Ctrl Pts',(20.9649243082695,44.3494650479542,50.9649243082695));
#760=CARTESIAN_POINT('Ctrl Pts',(20.9649243082695,44.3494650479542,30.));
#761=CARTESIAN_POINT('Ctrl Pts',(20.9649243082695,44.3494650479542,9.03507569173046));
#762=CARTESIAN_POINT('Ctrl Pts',(0.,44.3494650479542,9.03507569173046));
#763=CARTESIAN_POINT('Ctrl Pts',(0.,44.996558265831,9.19216682350084));
#764=CARTESIAN_POINT('Ctrl Pts',(-20.8078331764992,44.996558265831,9.19216682350084));
#765=CARTESIAN_POINT('Ctrl Pts',(-20.8078331764992,44.996558265831,30.));
#766=CARTESIAN_POINT('Ctrl Pts',(-20.8078331764992,44.996558265831,50.8078331764992));
#767=CARTESIAN_POINT('Ctrl Pts',(0.,44.996558265831,50.8078331764992));
#768=CARTESIAN_POINT('Ctrl Pts',(20.8078331764992,44.996558265831,50.8078331764992));
#769=CARTESIAN_POINT('Ctrl Pts',(20.8078331764992,44.996558265831,30.));
#770=CARTESIAN_POINT('Ctrl Pts',(20.8078331764992,44.996558265831,9.19216682350084));
#771=CARTESIAN_POINT('Ctrl Pts',(0.,44.996558265831,9.19216682350084));
#772=CARTESIAN_POINT('Ctrl Pts',(0.,45.6434974841644,9.35058852309087));
#773=CARTESIAN_POINT('Ctrl Pts',(-20.6494114769091,45.6434974841644,9.35058852309087));
#774=CARTESIAN_POINT('Ctrl Pts',(-20.6494114769091,45.6434974841644,30.));
#775=CARTESIAN_POINT('Ctrl Pts',(-20.6494114769091,45.6434974841644,50.6494114769091));
#776=CARTESIAN_POINT('Ctrl Pts',(0.,45.6434974841644,50.6494114769091));
#777=CARTESIAN_POINT('Ctrl Pts',(20.6494114769091,45.6434974841644,50.6494114769091));
#778=CARTESIAN_POINT('Ctrl Pts',(20.6494114769091,45.6434974841644,30.));
#779=CARTESIAN_POINT('Ctrl Pts',(20.6494114769091,45.6434974841644,9.35058852309089));
#780=CARTESIAN_POINT('Ctrl Pts',(0.,45.6434974841644,9.35058852309087));
#781=CARTESIAN_POINT('Ctrl Pts',(0.,46.2902811960949,9.51034295016296));
#782=CARTESIAN_POINT('Ctrl Pts',(-20.489657049837,46.2902811960949,9.51034295016296));
#783=CARTESIAN_POINT('Ctrl Pts',(-20.489657049837,46.2902811960949,30.));
#784=CARTESIAN_POINT('Ctrl Pts',(-20.489657049837,46.2902811960949,50.489657049837));
#785=CARTESIAN_POINT('Ctrl Pts',(0.,46.2902811960949,50.489657049837));
#786=CARTESIAN_POINT('Ctrl Pts',(20.489657049837,46.2902811960949,50.489657049837));
#787=CARTESIAN_POINT('Ctrl Pts',(20.489657049837,46.2902811960949,30.));
#788=CARTESIAN_POINT('Ctrl Pts',(20.489657049837,46.2902811960949,9.51034295016296));
#789=CARTESIAN_POINT('Ctrl Pts',(0.,46.2902811960949,9.51034295016296));
#790=CARTESIAN_POINT('Ctrl Pts',(0.,46.9369078364643,9.67143270763998));
#791=CARTESIAN_POINT('Ctrl Pts',(-20.32856729236,46.9369078364643,9.67143270763998));
#792=CARTESIAN_POINT('Ctrl Pts',(-20.32856729236,46.9369078364643,30.));
#793=CARTESIAN_POINT('Ctrl Pts',(-20.32856729236,46.9369078364643,50.32856729236));
#794=CARTESIAN_POINT('Ctrl Pts',(0.,46.9369078364643,50.32856729236));
#795=CARTESIAN_POINT('Ctrl Pts',(20.32856729236,46.9369078364643,50.32856729236));
#796=CARTESIAN_POINT('Ctrl Pts',(20.32856729236,46.9369078364643,30.));
#797=CARTESIAN_POINT('Ctrl Pts',(20.32856729236,46.9369078364643,9.67143270764));
#798=CARTESIAN_POINT('Ctrl Pts',(0.,46.9369078364643,9.67143270763998));
#799=CARTESIAN_POINT('Ctrl Pts',(0.,47.5833757790475,9.83386083758585));
#800=CARTESIAN_POINT('Ctrl Pts',(-20.1661391624141,47.5833757790475,9.83386083758585));
#801=CARTESIAN_POINT('Ctrl Pts',(-20.1661391624141,47.5833757790475,30.));
#802=CARTESIAN_POINT('Ctrl Pts',(-20.1661391624141,47.5833757790475,50.1661391624141));
#803=CARTESIAN_POINT('Ctrl Pts',(0.,47.5833757790475,50.1661391624141));
#804=CARTESIAN_POINT('Ctrl Pts',(20.1661391624141,47.5833757790475,50.1661391624141));
#805=CARTESIAN_POINT('Ctrl Pts',(20.1661391624141,47.5833757790475,30.));
#806=CARTESIAN_POINT('Ctrl Pts',(20.1661391624141,47.5833757790475,9.83386083758587));
#807=CARTESIAN_POINT('Ctrl Pts',(0.,47.5833757790475,9.83386083758585));
#808=CARTESIAN_POINT('Ctrl Pts',(0.,48.2296833343294,9.9976308179269));
#809=CARTESIAN_POINT('Ctrl Pts',(-20.0023691820731,48.2296833343294,9.9976308179269));
#810=CARTESIAN_POINT('Ctrl Pts',(-20.0023691820731,48.2296833343294,30.));
#811=CARTESIAN_POINT('Ctrl Pts',(-20.0023691820731,48.2296833343294,50.0023691820731));
#812=CARTESIAN_POINT('Ctrl Pts',(0.,48.2296833343294,50.0023691820731));
#813=CARTESIAN_POINT('Ctrl Pts',(20.0023691820731,48.2296833343294,50.0023691820731));
#814=CARTESIAN_POINT('Ctrl Pts',(20.0023691820731,48.2296833343294,30.));
#815=CARTESIAN_POINT('Ctrl Pts',(20.0023691820731,48.2296833343294,9.9976308179269));
#816=CARTESIAN_POINT('Ctrl Pts',(0.,48.2296833343294,9.9976308179269));
#817=CARTESIAN_POINT('Ctrl Pts',(0.,48.8758287497001,10.1627465657151));
#818=CARTESIAN_POINT('Ctrl Pts',(-19.8372534342849,48.8758287497001,10.1627465657151));
#819=CARTESIAN_POINT('Ctrl Pts',(-19.8372534342849,48.8758287497001,30.));
#820=CARTESIAN_POINT('Ctrl Pts',(-19.8372534342849,48.8758287497001,49.8372534342849));
#821=CARTESIAN_POINT('Ctrl Pts',(0.,48.8758287497001,49.8372534342849));
#822=CARTESIAN_POINT('Ctrl Pts',(19.8372534342849,48.8758287497001,49.8372534342849));
#823=CARTESIAN_POINT('Ctrl Pts',(19.8372534342849,48.8758287497001,30.));
#824=CARTESIAN_POINT('Ctrl Pts',(19.8372534342849,48.8758287497001,10.1627465657151));
#825=CARTESIAN_POINT('Ctrl Pts',(0.,48.8758287497001,10.1627465657151));
#826=CARTESIAN_POINT('Ctrl Pts',(0.,49.5218102095082,10.3292124388118));
#827=CARTESIAN_POINT('Ctrl Pts',(-19.6707875611881,49.5218102095082,10.3292124388118));
#828=CARTESIAN_POINT('Ctrl Pts',(-19.6707875611882,49.5218102095082,30.));
#829=CARTESIAN_POINT('Ctrl Pts',(-19.6707875611882,49.5218102095082,49.6707875611881));
#830=CARTESIAN_POINT('Ctrl Pts',(0.,49.5218102095082,49.6707875611882));
#831=CARTESIAN_POINT('Ctrl Pts',(19.6707875611881,49.5218102095082,49.6707875611882));
#832=CARTESIAN_POINT('Ctrl Pts',(19.6707875611882,49.5218102095082,30.));
#833=CARTESIAN_POINT('Ctrl Pts',(19.6707875611882,49.5218102095082,10.3292124388119));
#834=CARTESIAN_POINT('Ctrl Pts',(0.,49.5218102095082,10.3292124388118));
#835=CARTESIAN_POINT('Ctrl Pts',(0.,50.1676258349029,10.4970332387564));
#836=CARTESIAN_POINT('Ctrl Pts',(-19.5029667612436,50.1676258349029,10.4970332387564));
#837=CARTESIAN_POINT('Ctrl Pts',(-19.5029667612436,50.1676258349029,30.));
#838=CARTESIAN_POINT('Ctrl Pts',(-19.5029667612436,50.1676258349029,49.5029667612436));
#839=CARTESIAN_POINT('Ctrl Pts',(0.,50.1676258349029,49.5029667612436));
#840=CARTESIAN_POINT('Ctrl Pts',(19.5029667612436,50.1676258349029,49.5029667612436));
#841=CARTESIAN_POINT('Ctrl Pts',(19.5029667612436,50.1676258349029,30.));
#842=CARTESIAN_POINT('Ctrl Pts',(19.5029667612436,50.1676258349029,10.4970332387564));
#843=CARTESIAN_POINT('Ctrl Pts',(0.,50.1676258349029,10.4970332387564));
#844=CARTESIAN_POINT('Ctrl Pts',(0.,50.8132736845155,10.6662142106789));
#845=CARTESIAN_POINT('Ctrl Pts',(-19.3337857893211,50.8132736845155,10.6662142106789));
#846=CARTESIAN_POINT('Ctrl Pts',(-19.3337857893211,50.8132736845155,30.));
#847=CARTESIAN_POINT('Ctrl Pts',(-19.3337857893211,50.8132736845155,49.3337857893211));
#848=CARTESIAN_POINT('Ctrl Pts',(0.,50.8132736845155,49.3337857893211));
#849=CARTESIAN_POINT('Ctrl Pts',(19.3337857893211,50.8132736845155,49.3337857893211));
#850=CARTESIAN_POINT('Ctrl Pts',(19.3337857893211,50.8132736845155,30.));
#851=CARTESIAN_POINT('Ctrl Pts',(19.3337857893211,50.8132736845155,10.6662142106789));
#852=CARTESIAN_POINT('Ctrl Pts',(0.,50.8132736845155,10.6662142106789));
#853=CARTESIAN_POINT('Ctrl Pts',(0.,51.4587517526486,10.8367610505974));
#854=CARTESIAN_POINT('Ctrl Pts',(-19.1632389494026,51.4587517526486,10.8367610505974));
#855=CARTESIAN_POINT('Ctrl Pts',(-19.1632389494026,51.4587517526486,30.));
#856=CARTESIAN_POINT('Ctrl Pts',(-19.1632389494026,51.4587517526486,49.1632389494026));
#857=CARTESIAN_POINT('Ctrl Pts',(0.,51.4587517526486,49.1632389494026));
#858=CARTESIAN_POINT('Ctrl Pts',(19.1632389494026,51.4587517526486,49.1632389494026));
#859=CARTESIAN_POINT('Ctrl Pts',(19.1632389494026,51.4587517526486,30.));
#860=CARTESIAN_POINT('Ctrl Pts',(19.1632389494026,51.4587517526486,10.8367610505974));
#861=CARTESIAN_POINT('Ctrl Pts',(0.,51.4587517526486,10.8367610505974));
#862=CARTESIAN_POINT('Ctrl Pts',(0.,52.1040579585422,11.0086799390581));
#863=CARTESIAN_POINT('Ctrl Pts',(-18.9913200609419,52.1040579585422,11.0086799390581));
#864=CARTESIAN_POINT('Ctrl Pts',(-18.9913200609419,52.1040579585422,30.));
#865=CARTESIAN_POINT('Ctrl Pts',(-18.9913200609419,52.1040579585422,48.9913200609419));
#866=CARTESIAN_POINT('Ctrl Pts',(0.,52.1040579585422,48.9913200609419));
#867=CARTESIAN_POINT('Ctrl Pts',(18.9913200609419,52.1040579585422,48.9913200609419));
#868=CARTESIAN_POINT('Ctrl Pts',(18.9913200609419,52.1040579585422,30.));
#869=CARTESIAN_POINT('Ctrl Pts',(18.9913200609419,52.1040579585422,11.0086799390581));
#870=CARTESIAN_POINT('Ctrl Pts',(0.,52.1040579585422,11.0086799390581));
#871=CARTESIAN_POINT('Ctrl Pts',(0.,52.7491901367262,11.1819775714102));
#872=CARTESIAN_POINT('Ctrl Pts',(-18.8180224285898,52.7491901367262,11.1819775714102));
#873=CARTESIAN_POINT('Ctrl Pts',(-18.8180224285898,52.7491901367262,30.));
#874=CARTESIAN_POINT('Ctrl Pts',(-18.8180224285898,52.7491901367262,48.8180224285898));
#875=CARTESIAN_POINT('Ctrl Pts',(0.,52.7491901367262,48.8180224285898));
#876=CARTESIAN_POINT('Ctrl Pts',(18.8180224285898,52.7491901367262,48.8180224285898));
#877=CARTESIAN_POINT('Ctrl Pts',(18.8180224285898,52.7491901367262,30.));
#878=CARTESIAN_POINT('Ctrl Pts',(18.8180224285898,52.7491901367262,11.1819775714102));
#879=CARTESIAN_POINT('Ctrl Pts',(0.,52.7491901367262,11.1819775714102));
#880=CARTESIAN_POINT('Ctrl Pts',(0.,53.3941460276916,11.3566611869563));
#881=CARTESIAN_POINT('Ctrl Pts',(-18.6433388130437,53.3941460276916,11.3566611869563));
#882=CARTESIAN_POINT('Ctrl Pts',(-18.6433388130437,53.3941460276916,30.));
#883=CARTESIAN_POINT('Ctrl Pts',(-18.6433388130437,53.3941460276916,48.6433388130437));
#884=CARTESIAN_POINT('Ctrl Pts',(0.,53.3941460276916,48.6433388130437));
#885=CARTESIAN_POINT('Ctrl Pts',(18.6433388130437,53.3941460276916,48.6433388130437));
#886=CARTESIAN_POINT('Ctrl Pts',(18.6433388130437,53.3941460276916,30.));
#887=CARTESIAN_POINT('Ctrl Pts',(18.6433388130437,53.3941460276916,11.3566611869563));
#888=CARTESIAN_POINT('Ctrl Pts',(0.,53.3941460276916,11.3566611869563));
#889=CARTESIAN_POINT('Ctrl Pts',(0.,54.0389232667799,11.5327386032805));
#890=CARTESIAN_POINT('Ctrl Pts',(-18.4672613967195,54.0389232667799,11.5327386032805));
#891=CARTESIAN_POINT('Ctrl Pts',(-18.4672613967195,54.0389232667799,30.));
#892=CARTESIAN_POINT('Ctrl Pts',(-18.4672613967195,54.0389232667799,48.4672613967195));
#893=CARTESIAN_POINT('Ctrl Pts',(0.,54.0389232667799,48.4672613967195));
#894=CARTESIAN_POINT('Ctrl Pts',(18.4672613967195,54.0389232667799,48.4672613967195));
#895=CARTESIAN_POINT('Ctrl Pts',(18.4672613967195,54.0389232667799,30.));
#896=CARTESIAN_POINT('Ctrl Pts',(18.4672613967195,54.0389232667799,11.5327386032805));
#897=CARTESIAN_POINT('Ctrl Pts',(0.,54.0389232667799,11.5327386032805));
#898=CARTESIAN_POINT('Ctrl Pts',(0.,54.6835193791199,11.7102182323706));
#899=CARTESIAN_POINT('Ctrl Pts',(-18.2897817676294,54.6835193791199,11.7102182323706));
#900=CARTESIAN_POINT('Ctrl Pts',(-18.2897817676294,54.6835193791199,30.));
#901=CARTESIAN_POINT('Ctrl Pts',(-18.2897817676294,54.6835193791199,48.2897817676294));
#902=CARTESIAN_POINT('Ctrl Pts',(0.,54.6835193791199,48.2897817676294));
#903=CARTESIAN_POINT('Ctrl Pts',(18.2897817676294,54.6835193791199,48.2897817676294));
#904=CARTESIAN_POINT('Ctrl Pts',(18.2897817676294,54.6835193791199,30.));
#905=CARTESIAN_POINT('Ctrl Pts',(18.2897817676294,54.6835193791199,11.7102182323706));
#906=CARTESIAN_POINT('Ctrl Pts',(0.,54.6835193791199,11.7102182323706));
#907=CARTESIAN_POINT('Ctrl Pts',(0.,55.327931791706,11.8891090457486));
#908=CARTESIAN_POINT('Ctrl Pts',(-18.1108909542514,55.327931791706,11.8891090457486));
#909=CARTESIAN_POINT('Ctrl Pts',(-18.1108909542514,55.327931791706,30.));
#910=CARTESIAN_POINT('Ctrl Pts',(-18.1108909542514,55.327931791706,48.1108909542514));
#911=CARTESIAN_POINT('Ctrl Pts',(0.,55.327931791706,48.1108909542514));
#912=CARTESIAN_POINT('Ctrl Pts',(18.1108909542514,55.327931791706,48.1108909542514));
#913=CARTESIAN_POINT('Ctrl Pts',(18.1108909542514,55.327931791706,30.));
#914=CARTESIAN_POINT('Ctrl Pts',(18.1108909542514,55.327931791706,11.8891090457486));
#915=CARTESIAN_POINT('Ctrl Pts',(0.,55.327931791706,11.8891090457486));
#916=CARTESIAN_POINT('Ctrl Pts',(0.,55.9721578434301,12.0694205452101));
#917=CARTESIAN_POINT('Ctrl Pts',(-17.9305794547899,55.9721578434301,12.0694205452101));
#918=CARTESIAN_POINT('Ctrl Pts',(-17.9305794547899,55.9721578434301,30.));
#919=CARTESIAN_POINT('Ctrl Pts',(-17.9305794547899,55.9721578434301,47.9305794547899));
#920=CARTESIAN_POINT('Ctrl Pts',(0.,55.9721578434301,47.9305794547899));
#921=CARTESIAN_POINT('Ctrl Pts',(17.9305794547899,55.9721578434301,47.9305794547899));
#922=CARTESIAN_POINT('Ctrl Pts',(17.9305794547899,55.9721578434301,30.));
#923=CARTESIAN_POINT('Ctrl Pts',(17.9305794547899,55.9721578434301,12.0694205452101));
#924=CARTESIAN_POINT('Ctrl Pts',(0.,55.9721578434301,12.0694205452101));
#925=CARTESIAN_POINT('Ctrl Pts',(0.,56.6161947939221,12.2511627376895));
#926=CARTESIAN_POINT('Ctrl Pts',(-17.7488372623105,56.6161947939221,12.2511627376895));
#927=CARTESIAN_POINT('Ctrl Pts',(-17.7488372623105,56.6161947939221,30.));
#928=CARTESIAN_POINT('Ctrl Pts',(-17.7488372623105,56.6161947939221,47.7488372623105));
#929=CARTESIAN_POINT('Ctrl Pts',(0.,56.6161947939221,47.7488372623105));
#930=CARTESIAN_POINT('Ctrl Pts',(17.7488372623105,56.6161947939221,47.7488372623105));
#931=CARTESIAN_POINT('Ctrl Pts',(17.7488372623105,56.6161947939221,30.));
#932=CARTESIAN_POINT('Ctrl Pts',(17.7488372623105,56.6161947939221,12.2511627376895));
#933=CARTESIAN_POINT('Ctrl Pts',(0.,56.6161947939221,12.2511627376895));
#934=CARTESIAN_POINT('Ctrl Pts',(0.,57.2600398377674,12.4343460922174));
#935=CARTESIAN_POINT('Ctrl Pts',(-17.5656539077826,57.2600398377674,12.4343460922174));
#936=CARTESIAN_POINT('Ctrl Pts',(-17.5656539077826,57.2600398377674,30.));
#937=CARTESIAN_POINT('Ctrl Pts',(-17.5656539077826,57.2600398377674,47.5656539077826));
#938=CARTESIAN_POINT('Ctrl Pts',(0.,57.2600398377674,47.5656539077826));
#939=CARTESIAN_POINT('Ctrl Pts',(17.5656539077826,57.2600398377674,47.5656539077826));
#940=CARTESIAN_POINT('Ctrl Pts',(17.5656539077826,57.2600398377674,30.));
#941=CARTESIAN_POINT('Ctrl Pts',(17.5656539077826,57.2600398377674,12.4343460922174));
#942=CARTESIAN_POINT('Ctrl Pts',(0.,57.2600398377674,12.4343460922174));
#943=CARTESIAN_POINT('Ctrl Pts',(0.,57.9036901009895,12.6189815548621));
#944=CARTESIAN_POINT('Ctrl Pts',(-17.3810184451379,57.9036901009895,12.6189815548621));
#945=CARTESIAN_POINT('Ctrl Pts',(-17.3810184451379,57.9036901009895,30.));
#946=CARTESIAN_POINT('Ctrl Pts',(-17.3810184451379,57.9036901009895,47.3810184451379));
#947=CARTESIAN_POINT('Ctrl Pts',(0.,57.9036901009895,47.3810184451379));
#948=CARTESIAN_POINT('Ctrl Pts',(17.3810184451379,57.9036901009895,47.3810184451379));
#949=CARTESIAN_POINT('Ctrl Pts',(17.3810184451379,57.9036901009895,30.));
#950=CARTESIAN_POINT('Ctrl Pts',(17.3810184451379,57.9036901009895,12.6189815548621));
#951=CARTESIAN_POINT('Ctrl Pts',(0.,57.9036901009895,12.6189815548621));
#952=CARTESIAN_POINT('Ctrl Pts',(0.,58.5471425947111,12.8050807038509));
#953=CARTESIAN_POINT('Ctrl Pts',(-17.1949192961491,58.5471425947111,12.8050807038509));
#954=CARTESIAN_POINT('Ctrl Pts',(-17.1949192961491,58.5471425947111,30.));
#955=CARTESIAN_POINT('Ctrl Pts',(-17.1949192961491,58.5471425947111,47.1949192961491));
#956=CARTESIAN_POINT('Ctrl Pts',(0.,58.5471425947111,47.1949192961491));
#957=CARTESIAN_POINT('Ctrl Pts',(17.1949192961491,58.5471425947111,47.1949192961491));
#958=CARTESIAN_POINT('Ctrl Pts',(17.1949192961491,58.5471425947111,30.));
#959=CARTESIAN_POINT('Ctrl Pts',(17.1949192961491,58.5471425947111,12.8050807038509));
#960=CARTESIAN_POINT('Ctrl Pts',(0.,58.5471425947111,12.8050807038509));
#961=CARTESIAN_POINT('Ctrl Pts',(0.,59.1903941748426,12.9926558846153));
#962=CARTESIAN_POINT('Ctrl Pts',(-17.0073441153847,59.1903941748426,12.9926558846153));
#963=CARTESIAN_POINT('Ctrl Pts',(-17.0073441153847,59.1903941748426,30.));
#964=CARTESIAN_POINT('Ctrl Pts',(-17.0073441153847,59.1903941748426,47.0073441153847));
#965=CARTESIAN_POINT('Ctrl Pts',(0.,59.1903941748426,47.0073441153847));
#966=CARTESIAN_POINT('Ctrl Pts',(17.0073441153847,59.1903941748426,47.0073441153847));
#967=CARTESIAN_POINT('Ctrl Pts',(17.0073441153847,59.1903941748426,30.));
#968=CARTESIAN_POINT('Ctrl Pts',(17.0073441153847,59.1903941748426,12.9926558846153));
#969=CARTESIAN_POINT('Ctrl Pts',(0.,59.1903941748426,12.9926558846153));
#970=CARTESIAN_POINT('Ctrl Pts',(0.,59.8334415041719,13.1817203372771));
#971=CARTESIAN_POINT('Ctrl Pts',(-16.8182796627229,59.8334415041719,13.1817203372771));
#972=CARTESIAN_POINT('Ctrl Pts',(-16.8182796627229,59.8334415041719,30.));
#973=CARTESIAN_POINT('Ctrl Pts',(-16.8182796627229,59.8334415041719,46.8182796627229));
#974=CARTESIAN_POINT('Ctrl Pts',(0.,59.8334415041719,46.8182796627229));
#975=CARTESIAN_POINT('Ctrl Pts',(16.8182796627229,59.8334415041719,46.8182796627229));
#976=CARTESIAN_POINT('Ctrl Pts',(16.8182796627229,59.8334415041719,30.));
#977=CARTESIAN_POINT('Ctrl Pts',(16.8182796627229,59.8334415041719,13.1817203372771));
#978=CARTESIAN_POINT('Ctrl Pts',(0.,59.8334415041719,13.1817203372771));
#979=CARTESIAN_POINT('Ctrl Pts',(0.,60.4762810020921,13.3722883633978));
#980=CARTESIAN_POINT('Ctrl Pts',(-16.6277116366022,60.4762810020921,13.3722883633978));
#981=CARTESIAN_POINT('Ctrl Pts',(-16.6277116366022,60.4762810020921,30.));
#982=CARTESIAN_POINT('Ctrl Pts',(-16.6277116366022,60.4762810020921,46.6277116366022));
#983=CARTESIAN_POINT('Ctrl Pts',(0.,60.4762810020921,46.6277116366022));
#984=CARTESIAN_POINT('Ctrl Pts',(16.6277116366022,60.4762810020921,46.6277116366022));
#985=CARTESIAN_POINT('Ctrl Pts',(16.6277116366022,60.4762810020921,30.));
#986=CARTESIAN_POINT('Ctrl Pts',(16.6277116366022,60.4762810020921,13.3722883633978));
#987=CARTESIAN_POINT('Ctrl Pts',(0.,60.4762810020921,13.3722883633978));
#988=CARTESIAN_POINT('Ctrl Pts',(0.,61.1189088366605,13.5643753573227));
#989=CARTESIAN_POINT('Ctrl Pts',(-16.4356246426773,61.1189088366605,13.5643753573227));
#990=CARTESIAN_POINT('Ctrl Pts',(-16.4356246426773,61.1189088366605,30.));
#991=CARTESIAN_POINT('Ctrl Pts',(-16.4356246426773,61.1189088366605,46.4356246426773));
#992=CARTESIAN_POINT('Ctrl Pts',(0.,61.1189088366605,46.4356246426773));
#993=CARTESIAN_POINT('Ctrl Pts',(16.4356246426773,61.1189088366605,46.4356246426773));
#994=CARTESIAN_POINT('Ctrl Pts',(16.4356246426773,61.1189088366605,30.));
#995=CARTESIAN_POINT('Ctrl Pts',(16.4356246426773,61.1189088366605,13.5643753573227));
#996=CARTESIAN_POINT('Ctrl Pts',(0.,61.1189088366605,13.5643753573227));
#997=CARTESIAN_POINT('Ctrl Pts',(0.,61.7613210067027,13.7579975498324));
#998=CARTESIAN_POINT('Ctrl Pts',(-16.2420024501676,61.7613210067027,13.7579975498324));
#999=CARTESIAN_POINT('Ctrl Pts',(-16.2420024501676,61.7613210067027,30.));
#1000=CARTESIAN_POINT('Ctrl Pts',(-16.2420024501676,61.7613210067027,46.2420024501676));
#1001=CARTESIAN_POINT('Ctrl Pts',(0.,61.7613210067027,46.2420024501676));
#1002=CARTESIAN_POINT('Ctrl Pts',(16.2420024501676,61.7613210067027,46.2420024501676));
#1003=CARTESIAN_POINT('Ctrl Pts',(16.2420024501676,61.7613210067027,30.));
#1004=CARTESIAN_POINT('Ctrl Pts',(16.2420024501676,61.7613210067027,13.7579975498324));
#1005=CARTESIAN_POINT('Ctrl Pts',(0.,61.7613210067027,13.7579975498324));
#1006=CARTESIAN_POINT('Ctrl Pts',(0.,62.403513411197,13.953171791956));
#1007=CARTESIAN_POINT('Ctrl Pts',(-16.046828208044,62.403513411197,13.953171791956));
#1008=CARTESIAN_POINT('Ctrl Pts',(-16.046828208044,62.403513411197,30.));
#1009=CARTESIAN_POINT('Ctrl Pts',(-16.046828208044,62.403513411197,46.046828208044));
#1010=CARTESIAN_POINT('Ctrl Pts',(0.,62.403513411197,46.046828208044));
#1011=CARTESIAN_POINT('Ctrl Pts',(16.046828208044,62.403513411197,46.046828208044));
#1012=CARTESIAN_POINT('Ctrl Pts',(16.046828208044,62.403513411197,30.));
#1013=CARTESIAN_POINT('Ctrl Pts',(16.046828208044,62.403513411197,13.953171791956));
#1014=CARTESIAN_POINT('Ctrl Pts',(0.,62.403513411197,13.953171791956));
#1015=CARTESIAN_POINT('Ctrl Pts',(0.,63.0454819117686,14.1499153614451));
#1016=CARTESIAN_POINT('Ctrl Pts',(-15.8500846385549,63.0454819117686,14.1499153614451));
#1017=CARTESIAN_POINT('Ctrl Pts',(-15.8500846385549,63.0454819117686,30.));
#1018=CARTESIAN_POINT('Ctrl Pts',(-15.8500846385549,63.0454819117686,45.8500846385549));
#1019=CARTESIAN_POINT('Ctrl Pts',(0.,63.0454819117686,45.8500846385549));
#1020=CARTESIAN_POINT('Ctrl Pts',(15.8500846385549,63.0454819117686,45.8500846385549));
#1021=CARTESIAN_POINT('Ctrl Pts',(15.8500846385549,63.0454819117686,30.));
#1022=CARTESIAN_POINT('Ctrl Pts',(15.8500846385549,63.0454819117686,14.1499153614451));
#1023=CARTESIAN_POINT('Ctrl Pts',(0.,63.0454819117686,14.1499153614451));
#1024=CARTESIAN_POINT('Ctrl Pts',(0.,63.6872224268204,14.3482456661242));
#1025=CARTESIAN_POINT('Ctrl Pts',(-15.6517543338758,63.6872224268204,14.3482456661242));
#1026=CARTESIAN_POINT('Ctrl Pts',(-15.6517543338758,63.6872224268204,30.));
#1027=CARTESIAN_POINT('Ctrl Pts',(-15.6517543338758,63.6872224268204,45.6517543338758));
#1028=CARTESIAN_POINT('Ctrl Pts',(0.,63.6872224268204,45.6517543338758));
#1029=CARTESIAN_POINT('Ctrl Pts',(15.6517543338758,63.6872224268204,45.6517543338758));
#1030=CARTESIAN_POINT('Ctrl Pts',(15.6517543338758,63.6872224268204,30.));
#1031=CARTESIAN_POINT('Ctrl Pts',(15.6517543338758,63.6872224268204,14.3482456661242));
#1032=CARTESIAN_POINT('Ctrl Pts',(0.,63.6872224268204,14.3482456661242));
#1033=CARTESIAN_POINT('Ctrl Pts',(0.,64.3287309174406,14.5481802988869));
#1034=CARTESIAN_POINT('Ctrl Pts',(-15.4518197011131,64.3287309174406,14.5481802988869));
#1035=CARTESIAN_POINT('Ctrl Pts',(-15.4518197011131,64.3287309174406,30.));
#1036=CARTESIAN_POINT('Ctrl Pts',(-15.4518197011131,64.3287309174406,45.4518197011131));
#1037=CARTESIAN_POINT('Ctrl Pts',(0.,64.3287309174406,45.4518197011131));
#1038=CARTESIAN_POINT('Ctrl Pts',(15.4518197011131,64.3287309174406,45.4518197011131));
#1039=CARTESIAN_POINT('Ctrl Pts',(15.4518197011131,64.3287309174406,30.));
#1040=CARTESIAN_POINT('Ctrl Pts',(15.4518197011131,64.3287309174406,14.5481802988869));
#1041=CARTESIAN_POINT('Ctrl Pts',(0.,64.3287309174406,14.5481802988869));
#1042=CARTESIAN_POINT('Ctrl Pts',(0.,64.9700031603657,14.7497377848693));
#1043=CARTESIAN_POINT('Ctrl Pts',(-15.2502622151307,64.9700031603657,14.7497377848693));
#1044=CARTESIAN_POINT('Ctrl Pts',(-15.2502622151307,64.9700031603657,30.));
#1045=CARTESIAN_POINT('Ctrl Pts',(-15.2502622151307,64.9700031603657,45.2502622151307));
#1046=CARTESIAN_POINT('Ctrl Pts',(0.,64.9700031603657,45.2502622151307));
#1047=CARTESIAN_POINT('Ctrl Pts',(15.2502622151307,64.9700031603657,45.2502622151307));
#1048=CARTESIAN_POINT('Ctrl Pts',(15.2502622151307,64.9700031603657,30.));
#1049=CARTESIAN_POINT('Ctrl Pts',(15.2502622151307,64.9700031603657,14.7497377848693));
#1050=CARTESIAN_POINT('Ctrl Pts',(0.,64.9700031603657,14.7497377848693));
#1051=CARTESIAN_POINT('Ctrl Pts',(0.,65.6110345530874,14.9529382236144));
#1052=CARTESIAN_POINT('Ctrl Pts',(-15.0470617763856,65.6110345530874,14.9529382236144));
#1053=CARTESIAN_POINT('Ctrl Pts',(-15.0470617763856,65.6110345530874,30.));
#1054=CARTESIAN_POINT('Ctrl Pts',(-15.0470617763856,65.6110345530874,45.0470617763856));
#1055=CARTESIAN_POINT('Ctrl Pts',(0.,65.6110345530874,45.0470617763856));
#1056=CARTESIAN_POINT('Ctrl Pts',(15.0470617763856,65.6110345530874,45.0470617763856));
#1057=CARTESIAN_POINT('Ctrl Pts',(15.0470617763856,65.6110345530874,30.));
#1058=CARTESIAN_POINT('Ctrl Pts',(15.0470617763856,65.6110345530874,14.9529382236144));
#1059=CARTESIAN_POINT('Ctrl Pts',(0.,65.6110345530874,14.9529382236144));
#1060=CARTESIAN_POINT('Ctrl Pts',(0.,66.2518199336132,15.157803884404));
#1061=CARTESIAN_POINT('Ctrl Pts',(-14.842196115596,66.2518199336132,15.157803884404));
#1062=CARTESIAN_POINT('Ctrl Pts',(-14.842196115596,66.2518199336132,30.));
#1063=CARTESIAN_POINT('Ctrl Pts',(-14.842196115596,66.2518199336132,44.842196115596));
#1064=CARTESIAN_POINT('Ctrl Pts',(0.,66.2518199336132,44.842196115596));
#1065=CARTESIAN_POINT('Ctrl Pts',(14.842196115596,66.2518199336132,44.842196115596));
#1066=CARTESIAN_POINT('Ctrl Pts',(14.842196115596,66.2518199336132,30.));
#1067=CARTESIAN_POINT('Ctrl Pts',(14.842196115596,66.2518199336132,15.157803884404));
#1068=CARTESIAN_POINT('Ctrl Pts',(0.,66.2518199336132,15.157803884404));
#1069=CARTESIAN_POINT('Ctrl Pts',(0.,66.8923533281434,15.3643600334909));
#1070=CARTESIAN_POINT('Ctrl Pts',(-14.6356399665091,66.8923533281434,15.3643600334909));
#1071=CARTESIAN_POINT('Ctrl Pts',(-14.6356399665091,66.8923533281434,30.));
#1072=CARTESIAN_POINT('Ctrl Pts',(-14.6356399665091,66.8923533281434,44.6356399665091));
#1073=CARTESIAN_POINT('Ctrl Pts',(0.,66.8923533281434,44.6356399665091));
#1074=CARTESIAN_POINT('Ctrl Pts',(14.6356399665091,66.8923533281434,44.6356399665091));
#1075=CARTESIAN_POINT('Ctrl Pts',(14.6356399665091,66.8923533281434,30.));
#1076=CARTESIAN_POINT('Ctrl Pts',(14.6356399665091,66.8923533281434,15.3643600334909));
#1077=CARTESIAN_POINT('Ctrl Pts',(0.,66.8923533281434,15.3643600334909));
#1078=CARTESIAN_POINT('Ctrl Pts',(0.,67.5326279484608,15.5726349567469));
#1079=CARTESIAN_POINT('Ctrl Pts',(-14.4273650432531,67.5326279484608,15.5726349567469));
#1080=CARTESIAN_POINT('Ctrl Pts',(-14.4273650432531,67.5326279484608,30.));
#1081=CARTESIAN_POINT('Ctrl Pts',(-14.4273650432531,67.5326279484608,44.4273650432531));
#1082=CARTESIAN_POINT('Ctrl Pts',(0.,67.5326279484608,44.4273650432531));
#1083=CARTESIAN_POINT('Ctrl Pts',(14.4273650432531,67.5326279484608,44.4273650432531));
#1084=CARTESIAN_POINT('Ctrl Pts',(14.4273650432531,67.5326279484608,30.));
#1085=CARTESIAN_POINT('Ctrl Pts',(14.4273650432531,67.5326279484608,15.5726349567469));
#1086=CARTESIAN_POINT('Ctrl Pts',(0.,67.5326279484608,15.5726349567469));
#1087=CARTESIAN_POINT('Ctrl Pts',(0.,68.1726366620917,15.7826584593843));
#1088=CARTESIAN_POINT('Ctrl Pts',(-14.2173415406157,68.1726366620917,15.7826584593843));
#1089=CARTESIAN_POINT('Ctrl Pts',(-14.2173415406157,68.1726366620917,30.));
#1090=CARTESIAN_POINT('Ctrl Pts',(-14.2173415406157,68.1726366620917,44.2173415406157));
#1091=CARTESIAN_POINT('Ctrl Pts',(0.,68.1726366620917,44.2173415406157));
#1092=CARTESIAN_POINT('Ctrl Pts',(14.2173415406157,68.1726366620917,44.2173415406157));
#1093=CARTESIAN_POINT('Ctrl Pts',(14.2173415406157,68.1726366620917,30.));
#1094=CARTESIAN_POINT('Ctrl Pts',(14.2173415406157,68.1726366620917,15.7826584593843));
#1095=CARTESIAN_POINT('Ctrl Pts',(0.,68.1726366620917,15.7826584593843));
#1096=CARTESIAN_POINT('Ctrl Pts',(0.,68.8123723910396,15.9944605950601));
#1097=CARTESIAN_POINT('Ctrl Pts',(-14.0055394049399,68.8123723910396,15.9944605950601));
#1098=CARTESIAN_POINT('Ctrl Pts',(-14.0055394049399,68.8123723910396,30.));
#1099=CARTESIAN_POINT('Ctrl Pts',(-14.0055394049399,68.8123723910396,44.0055394049399));
#1100=CARTESIAN_POINT('Ctrl Pts',(0.,68.8123723910396,44.0055394049399));
#1101=CARTESIAN_POINT('Ctrl Pts',(14.0055394049399,68.8123723910396,44.0055394049399));
#1102=CARTESIAN_POINT('Ctrl Pts',(14.0055394049399,68.8123723910396,30.));
#1103=CARTESIAN_POINT('Ctrl Pts',(14.0055394049399,68.8123723910396,15.9944605950601));
#1104=CARTESIAN_POINT('Ctrl Pts',(0.,68.8123723910396,15.9944605950601));
#1105=CARTESIAN_POINT('Ctrl Pts',(0.,69.451828474707,16.2080705116185));
#1106=CARTESIAN_POINT('Ctrl Pts',(-13.7919294883815,69.451828474707,16.2080705116185));
#1107=CARTESIAN_POINT('Ctrl Pts',(-13.7919294883815,69.451828474707,30.));
#1108=CARTESIAN_POINT('Ctrl Pts',(-13.7919294883815,69.451828474707,43.7919294883815));
#1109=CARTESIAN_POINT('Ctrl Pts',(0.,69.451828474707,43.7919294883815));
#1110=CARTESIAN_POINT('Ctrl Pts',(13.7919294883815,69.451828474707,43.7919294883815));
#1111=CARTESIAN_POINT('Ctrl Pts',(13.7919294883815,69.451828474707,30.));
#1112=CARTESIAN_POINT('Ctrl Pts',(13.7919294883815,69.451828474707,16.2080705116185));
#1113=CARTESIAN_POINT('Ctrl Pts',(0.,69.451828474707,16.2080705116185));
#1114=CARTESIAN_POINT('Ctrl Pts',(0.,70.0909992023757,16.4235147470997));
#1115=CARTESIAN_POINT('Ctrl Pts',(-13.5764852529003,70.0909992023757,16.4235147470997));
#1116=CARTESIAN_POINT('Ctrl Pts',(-13.5764852529003,70.0909992023757,30.));
#1117=CARTESIAN_POINT('Ctrl Pts',(-13.5764852529003,70.0909992023757,43.5764852529003));
#1118=CARTESIAN_POINT('Ctrl Pts',(0.,70.0909992023757,43.5764852529003));
#1119=CARTESIAN_POINT('Ctrl Pts',(13.5764852529003,70.0909992023757,43.5764852529003));
#1120=CARTESIAN_POINT('Ctrl Pts',(13.5764852529003,70.0909992023757,30.));
#1121=CARTESIAN_POINT('Ctrl Pts',(13.5764852529003,70.0909992023757,16.4235147470997));
#1122=CARTESIAN_POINT('Ctrl Pts',(0.,70.0909992023757,16.4235147470997));
#1123=CARTESIAN_POINT('Ctrl Pts',(0.,70.7298797606685,16.6408174210044));
#1124=CARTESIAN_POINT('Ctrl Pts',(-13.3591825789956,70.7298797606685,16.6408174210044));
#1125=CARTESIAN_POINT('Ctrl Pts',(-13.3591825789956,70.7298797606685,30.));
#1126=CARTESIAN_POINT('Ctrl Pts',(-13.3591825789956,70.7298797606685,43.3591825789956));
#1127=CARTESIAN_POINT('Ctrl Pts',(0.,70.7298797606685,43.3591825789956));
#1128=CARTESIAN_POINT('Ctrl Pts',(13.3591825789956,70.7298797606685,43.3591825789956));
#1129=CARTESIAN_POINT('Ctrl Pts',(13.3591825789956,70.7298797606685,30.));
#1130=CARTESIAN_POINT('Ctrl Pts',(13.3591825789956,70.7298797606685,16.6408174210044));
#1131=CARTESIAN_POINT('Ctrl Pts',(0.,70.7298797606685,16.6408174210044));
#1132=CARTESIAN_POINT('Ctrl Pts',(0.,71.3684650610315,16.8600040543636));
#1133=CARTESIAN_POINT('Ctrl Pts',(-13.1399959456364,71.3684650610315,16.8600040543636));
#1134=CARTESIAN_POINT('Ctrl Pts',(-13.1399959456364,71.3684650610315,30.));
#1135=CARTESIAN_POINT('Ctrl Pts',(-13.1399959456364,71.3684650610315,43.1399959456364));
#1136=CARTESIAN_POINT('Ctrl Pts',(0.,71.3684650610315,43.1399959456364));
#1137=CARTESIAN_POINT('Ctrl Pts',(13.1399959456364,71.3684650610315,43.1399959456364));
#1138=CARTESIAN_POINT('Ctrl Pts',(13.1399959456364,71.3684650610315,30.));
#1139=CARTESIAN_POINT('Ctrl Pts',(13.1399959456364,71.3684650610315,16.8600040543636));
#1140=CARTESIAN_POINT('Ctrl Pts',(0.,71.3684650610315,16.8600040543636));
#1141=CARTESIAN_POINT('Ctrl Pts',(0.,72.0067487407726,17.0811048265554));
#1142=CARTESIAN_POINT('Ctrl Pts',(-12.9188951734446,72.0067487407726,17.0811048265554));
#1143=CARTESIAN_POINT('Ctrl Pts',(-12.9188951734446,72.0067487407726,30.));
#1144=CARTESIAN_POINT('Ctrl Pts',(-12.9188951734446,72.0067487407726,42.9188951734446));
#1145=CARTESIAN_POINT('Ctrl Pts',(0.,72.0067487407726,42.9188951734446));
#1146=CARTESIAN_POINT('Ctrl Pts',(12.9188951734446,72.0067487407726,42.9188951734446));
#1147=CARTESIAN_POINT('Ctrl Pts',(12.9188951734446,72.0067487407726,30.));
#1148=CARTESIAN_POINT('Ctrl Pts',(12.9188951734446,72.0067487407726,17.0811048265554));
#1149=CARTESIAN_POINT('Ctrl Pts',(0.,72.0067487407726,17.0811048265554));
#1150=CARTESIAN_POINT('Ctrl Pts',(0.,72.6447222360521,17.3041576008761));
#1151=CARTESIAN_POINT('Ctrl Pts',(-12.6958423991239,72.6447222360521,17.3041576008761));
#1152=CARTESIAN_POINT('Ctrl Pts',(-12.6958423991239,72.6447222360521,30.));
#1153=CARTESIAN_POINT('Ctrl Pts',(-12.6958423991239,72.6447222360521,42.6958423991239));
#1154=CARTESIAN_POINT('Ctrl Pts',(0.,72.6447222360521,42.6958423991239));
#1155=CARTESIAN_POINT('Ctrl Pts',(12.6958423991239,72.6447222360521,42.6958423991239));
#1156=CARTESIAN_POINT('Ctrl Pts',(12.6958423991239,72.6447222360521,30.));
#1157=CARTESIAN_POINT('Ctrl Pts',(12.6958423991239,72.6447222360521,17.3041576008761));
#1158=CARTESIAN_POINT('Ctrl Pts',(0.,72.6447222360521,17.3041576008761));
#1159=CARTESIAN_POINT('Ctrl Pts',(0.,73.2823734857115,17.5292121412516));
#1160=CARTESIAN_POINT('Ctrl Pts',(-12.4707878587484,73.2823734857115,17.5292121412516));
#1161=CARTESIAN_POINT('Ctrl Pts',(-12.4707878587484,73.2823734857115,30.));
#1162=CARTESIAN_POINT('Ctrl Pts',(-12.4707878587484,73.2823734857115,42.4707878587484));
#1163=CARTESIAN_POINT('Ctrl Pts',(0.,73.2823734857115,42.4707878587484));
#1164=CARTESIAN_POINT('Ctrl Pts',(12.4707878587484,73.2823734857115,42.4707878587484));
#1165=CARTESIAN_POINT('Ctrl Pts',(12.4707878587484,73.2823734857115,30.));
#1166=CARTESIAN_POINT('Ctrl Pts',(12.4707878587484,73.2823734857115,17.5292121412516));
#1167=CARTESIAN_POINT('Ctrl Pts',(0.,73.2823734857115,17.5292121412516));
#1168=CARTESIAN_POINT('Ctrl Pts',(0.,73.919686905695,17.7563302273987));
#1169=CARTESIAN_POINT('Ctrl Pts',(-12.2436697726012,73.919686905695,17.7563302273987));
#1170=CARTESIAN_POINT('Ctrl Pts',(-12.2436697726013,73.919686905695,30.));
#1171=CARTESIAN_POINT('Ctrl Pts',(-12.2436697726013,73.919686905695,42.2436697726012));
#1172=CARTESIAN_POINT('Ctrl Pts',(0.,73.919686905695,42.2436697726013));
#1173=CARTESIAN_POINT('Ctrl Pts',(12.2436697726012,73.919686905695,42.2436697726013));
#1174=CARTESIAN_POINT('Ctrl Pts',(12.2436697726013,73.919686905695,30.));
#1175=CARTESIAN_POINT('Ctrl Pts',(12.2436697726013,73.919686905695,17.7563302273988));
#1176=CARTESIAN_POINT('Ctrl Pts',(0.,73.919686905695,17.7563302273987));
#1177=CARTESIAN_POINT('Ctrl Pts',(0.,74.5566459541998,17.985577407606));
#1178=CARTESIAN_POINT('Ctrl Pts',(-12.014422592394,74.5566459541998,17.985577407606));
#1179=CARTESIAN_POINT('Ctrl Pts',(-12.014422592394,74.5566459541998,30.));
#1180=CARTESIAN_POINT('Ctrl Pts',(-12.014422592394,74.5566459541998,42.014422592394));
#1181=CARTESIAN_POINT('Ctrl Pts',(0.,74.5566459541998,42.014422592394));
#1182=CARTESIAN_POINT('Ctrl Pts',(12.014422592394,74.5566459541998,42.014422592394));
#1183=CARTESIAN_POINT('Ctrl Pts',(12.014422592394,74.5566459541998,30.));
#1184=CARTESIAN_POINT('Ctrl Pts',(12.014422592394,74.5566459541998,17.985577407606));
#1185=CARTESIAN_POINT('Ctrl Pts',(0.,74.5566459541998,17.985577407606));
#1186=CARTESIAN_POINT('Ctrl Pts',(0.,75.1932352999073,18.2170160313819));
#1187=CARTESIAN_POINT('Ctrl Pts',(-11.7829839686181,75.1932352999073,18.2170160313819));
#1188=CARTESIAN_POINT('Ctrl Pts',(-11.7829839686181,75.1932352999073,30.));
#1189=CARTESIAN_POINT('Ctrl Pts',(-11.7829839686181,75.1932352999073,41.7829839686181));
#1190=CARTESIAN_POINT('Ctrl Pts',(0.,75.1932352999073,41.7829839686181));
#1191=CARTESIAN_POINT('Ctrl Pts',(11.7829839686181,75.1932352999073,41.7829839686181));
#1192=CARTESIAN_POINT('Ctrl Pts',(11.7829839686181,75.1932352999073,30.));
#1193=CARTESIAN_POINT('Ctrl Pts',(11.7829839686181,75.1932352999073,18.2170160313819));
#1194=CARTESIAN_POINT('Ctrl Pts',(0.,75.1932352999073,18.2170160313819));
#1195=CARTESIAN_POINT('Ctrl Pts',(0.,75.8294428423549,18.4506987623425));
#1196=CARTESIAN_POINT('Ctrl Pts',(-11.5493012376575,75.8294428423549,18.4506987623425));
#1197=CARTESIAN_POINT('Ctrl Pts',(-11.5493012376575,75.8294428423549,30.));
#1198=CARTESIAN_POINT('Ctrl Pts',(-11.5493012376575,75.8294428423549,41.5493012376575));
#1199=CARTESIAN_POINT('Ctrl Pts',(0.,75.8294428423549,41.5493012376575));
#1200=CARTESIAN_POINT('Ctrl Pts',(11.5493012376575,75.8294428423549,41.5493012376575));
#1201=CARTESIAN_POINT('Ctrl Pts',(11.5493012376575,75.8294428423549,30.));
#1202=CARTESIAN_POINT('Ctrl Pts',(11.5493012376575,75.8294428423549,18.4506987623425));
#1203=CARTESIAN_POINT('Ctrl Pts',(0.,75.8294428423549,18.4506987623425));
#1204=CARTESIAN_POINT('Ctrl Pts',(0.,76.4652625263637,18.6866595204949));
#1205=CARTESIAN_POINT('Ctrl Pts',(-11.3133404795051,76.4652625263637,18.6866595204949));
#1206=CARTESIAN_POINT('Ctrl Pts',(-11.3133404795051,76.4652625263637,30.));
#1207=CARTESIAN_POINT('Ctrl Pts',(-11.3133404795051,76.4652625263637,41.3133404795051));
#1208=CARTESIAN_POINT('Ctrl Pts',(0.,76.4652625263637,41.3133404795051));
#1209=CARTESIAN_POINT('Ctrl Pts',(11.3133404795051,76.4652625263637,41.3133404795051));
#1210=CARTESIAN_POINT('Ctrl Pts',(11.3133404795051,76.4652625263637,30.));
#1211=CARTESIAN_POINT('Ctrl Pts',(11.3133404795051,76.4652625263637,18.6866595204949));
#1212=CARTESIAN_POINT('Ctrl Pts',(0.,76.4652625263637,18.6866595204949));
#1213=CARTESIAN_POINT('Ctrl Pts',(0.,77.1006944579424,18.9249131579485));
#1214=CARTESIAN_POINT('Ctrl Pts',(-11.0750868420515,77.1006944579424,18.9249131579485));
#1215=CARTESIAN_POINT('Ctrl Pts',(-11.0750868420515,77.1006944579424,30.));
#1216=CARTESIAN_POINT('Ctrl Pts',(-11.0750868420515,77.1006944579424,41.0750868420515));
#1217=CARTESIAN_POINT('Ctrl Pts',(0.,77.1006944579424,41.0750868420515));
#1218=CARTESIAN_POINT('Ctrl Pts',(11.0750868420515,77.1006944579424,41.0750868420515));
#1219=CARTESIAN_POINT('Ctrl Pts',(11.0750868420515,77.1006944579424,30.));
#1220=CARTESIAN_POINT('Ctrl Pts',(11.0750868420515,77.1006944579424,18.9249131579485));
#1221=CARTESIAN_POINT('Ctrl Pts',(0.,77.1006944579424,18.9249131579485));
#1222=CARTESIAN_POINT('Ctrl Pts',(0.,77.7357387515663,19.1654754230934));
#1223=CARTESIAN_POINT('Ctrl Pts',(-10.8345245769066,77.7357387515663,19.1654754230934));
#1224=CARTESIAN_POINT('Ctrl Pts',(-10.8345245769066,77.7357387515663,30.));
#1225=CARTESIAN_POINT('Ctrl Pts',(-10.8345245769066,77.7357387515663,40.8345245769066));
#1226=CARTESIAN_POINT('Ctrl Pts',(0.,77.7357387515663,40.8345245769066));
#1227=CARTESIAN_POINT('Ctrl Pts',(10.8345245769066,77.7357387515663,40.8345245769066));
#1228=CARTESIAN_POINT('Ctrl Pts',(10.8345245769066,77.7357387515663,30.));
#1229=CARTESIAN_POINT('Ctrl Pts',(10.8345245769066,77.7357387515663,19.1654754230934));
#1230=CARTESIAN_POINT('Ctrl Pts',(0.,77.7357387515663,19.1654754230934));
#1231=CARTESIAN_POINT('Ctrl Pts',(0.,78.3703903284716,19.4083798449434));
#1232=CARTESIAN_POINT('Ctrl Pts',(-10.5916201550566,78.3703903284716,19.4083798449434));
#1233=CARTESIAN_POINT('Ctrl Pts',(-10.5916201550566,78.3703903284716,30.));
#1234=CARTESIAN_POINT('Ctrl Pts',(-10.5916201550566,78.3703903284716,40.5916201550566));
#1235=CARTESIAN_POINT('Ctrl Pts',(0.,78.3703903284716,40.5916201550566));
#1236=CARTESIAN_POINT('Ctrl Pts',(10.5916201550566,78.3703903284716,40.5916201550566));
#1237=CARTESIAN_POINT('Ctrl Pts',(10.5916201550566,78.3703903284716,30.));
#1238=CARTESIAN_POINT('Ctrl Pts',(10.5916201550566,78.3703903284716,19.4083798449434));
#1239=CARTESIAN_POINT('Ctrl Pts',(0.,78.3703903284716,19.4083798449434));
#1240=CARTESIAN_POINT('Ctrl Pts',(0.,79.004633942521,19.6536938854737));
#1241=CARTESIAN_POINT('Ctrl Pts',(-10.3463061145263,79.004633942521,19.6536938854737));
#1242=CARTESIAN_POINT('Ctrl Pts',(-10.3463061145263,79.004633942521,30.));
#1243=CARTESIAN_POINT('Ctrl Pts',(-10.3463061145263,79.004633942521,40.3463061145263));
#1244=CARTESIAN_POINT('Ctrl Pts',(0.,79.004633942521,40.3463061145263));
#1245=CARTESIAN_POINT('Ctrl Pts',(10.3463061145263,79.004633942521,40.3463061145263));
#1246=CARTESIAN_POINT('Ctrl Pts',(10.3463061145263,79.004633942521,30.));
#1247=CARTESIAN_POINT('Ctrl Pts',(10.3463061145263,79.004633942521,19.6536938854737));
#1248=CARTESIAN_POINT('Ctrl Pts',(0.,79.004633942521,19.6536938854737));
#1249=CARTESIAN_POINT('Ctrl Pts',(0.,79.6384376680982,19.9015400584615));
#1250=CARTESIAN_POINT('Ctrl Pts',(-10.0984599415385,79.6384376680982,19.9015400584615));
#1251=CARTESIAN_POINT('Ctrl Pts',(-10.0984599415385,79.6384376680982,30.));
#1252=CARTESIAN_POINT('Ctrl Pts',(-10.0984599415385,79.6384376680982,40.0984599415385));
#1253=CARTESIAN_POINT('Ctrl Pts',(0.,79.6384376680982,40.0984599415385));
#1254=CARTESIAN_POINT('Ctrl Pts',(10.0984599415385,79.6384376680982,40.0984599415385));
#1255=CARTESIAN_POINT('Ctrl Pts',(10.0984599415385,79.6384376680982,30.));
#1256=CARTESIAN_POINT('Ctrl Pts',(10.0984599415385,79.6384376680982,19.9015400584615));
#1257=CARTESIAN_POINT('Ctrl Pts',(0.,79.6384376680982,19.9015400584615));
#1258=CARTESIAN_POINT('Ctrl Pts',(0.,80.2717515643934,20.1521003285443));
#1259=CARTESIAN_POINT('Ctrl Pts',(-9.84789967145572,80.2717515643934,20.1521003285443));
#1260=CARTESIAN_POINT('Ctrl Pts',(-9.84789967145573,80.2717515643934,30.));
#1261=CARTESIAN_POINT('Ctrl Pts',(-9.84789967145572,80.2717515643934,39.8478996714557));
#1262=CARTESIAN_POINT('Ctrl Pts',(0.,80.2717515643934,39.8478996714557));
#1263=CARTESIAN_POINT('Ctrl Pts',(9.84789967145572,80.2717515643934,39.8478996714557));
#1264=CARTESIAN_POINT('Ctrl Pts',(9.84789967145573,80.2717515643934,30.));
#1265=CARTESIAN_POINT('Ctrl Pts',(9.84789967145572,80.2717515643934,20.1521003285443));
#1266=CARTESIAN_POINT('Ctrl Pts',(0.,80.2717515643934,20.1521003285443));
#1267=CARTESIAN_POINT('Ctrl Pts',(0.,80.9045212970954,20.4055721986363));
#1268=CARTESIAN_POINT('Ctrl Pts',(-9.59442780136369,80.9045212970954,20.4055721986363));
#1269=CARTESIAN_POINT('Ctrl Pts',(-9.59442780136369,80.9045212970954,30.));
#1270=CARTESIAN_POINT('Ctrl Pts',(-9.59442780136369,80.9045212970954,39.5944278013637));
#1271=CARTESIAN_POINT('Ctrl Pts',(0.,80.9045212970954,39.5944278013637));
#1272=CARTESIAN_POINT('Ctrl Pts',(9.59442780136369,80.9045212970954,39.5944278013637));
#1273=CARTESIAN_POINT('Ctrl Pts',(9.59442780136369,80.9045212970954,30.));
#1274=CARTESIAN_POINT('Ctrl Pts',(9.59442780136369,80.9045212970954,20.4055721986363));
#1275=CARTESIAN_POINT('Ctrl Pts',(0.,80.9045212970954,20.4055721986363));
#1276=CARTESIAN_POINT('Ctrl Pts',(0.,81.5366996125216,20.6621317312023));
#1277=CARTESIAN_POINT('Ctrl Pts',(-9.33786826879771,81.5366996125216,20.6621317312023));
#1278=CARTESIAN_POINT('Ctrl Pts',(-9.33786826879772,81.5366996125216,30.));
#1279=CARTESIAN_POINT('Ctrl Pts',(-9.33786826879771,81.5366996125216,39.3378682687977));
#1280=CARTESIAN_POINT('Ctrl Pts',(0.,81.5366996125216,39.3378682687977));
#1281=CARTESIAN_POINT('Ctrl Pts',(9.33786826879771,81.5366996125216,39.3378682687977));
#1282=CARTESIAN_POINT('Ctrl Pts',(9.33786826879772,81.5366996125216,30.));
#1283=CARTESIAN_POINT('Ctrl Pts',(9.33786826879771,81.5366996125216,20.6621317312023));
#1284=CARTESIAN_POINT('Ctrl Pts',(0.,81.5366996125216,20.6621317312023));
#1285=CARTESIAN_POINT('Ctrl Pts',(0.,82.1682575754936,20.9218973394266));
#1286=CARTESIAN_POINT('Ctrl Pts',(-9.07810266057336,82.1682575754936,20.9218973394266));
#1287=CARTESIAN_POINT('Ctrl Pts',(-9.07810266057337,82.1682575754936,30.));
#1288=CARTESIAN_POINT('Ctrl Pts',(-9.07810266057337,82.1682575754936,39.0781026605734));
#1289=CARTESIAN_POINT('Ctrl Pts',(0.,82.1682575754936,39.0781026605734));
#1290=CARTESIAN_POINT('Ctrl Pts',(9.07810266057336,82.1682575754936,39.0781026605734));
#1291=CARTESIAN_POINT('Ctrl Pts',(9.07810266057337,82.1682575754936,30.));
#1292=CARTESIAN_POINT('Ctrl Pts',(9.07810266057337,82.1682575754936,20.9218973394266));
#1293=CARTESIAN_POINT('Ctrl Pts',(0.,82.1682575754936,20.9218973394266));
#1294=CARTESIAN_POINT('Ctrl Pts',(0.,82.7991984718715,21.1848849553099));
#1295=CARTESIAN_POINT('Ctrl Pts',(-8.81511504469014,82.7991984718715,21.1848849553099));
#1296=CARTESIAN_POINT('Ctrl Pts',(-8.81511504469015,82.7991984718715,30.));
#1297=CARTESIAN_POINT('Ctrl Pts',(-8.81511504469014,82.7991984718715,38.8151150446901));
#1298=CARTESIAN_POINT('Ctrl Pts',(0.,82.7991984718715,38.8151150446901));
#1299=CARTESIAN_POINT('Ctrl Pts',(8.81511504469014,82.7991984718715,38.8151150446901));
#1300=CARTESIAN_POINT('Ctrl Pts',(8.81511504469015,82.7991984718715,30.));
#1301=CARTESIAN_POINT('Ctrl Pts',(8.81511504469014,82.7991984718715,21.1848849553099));
#1302=CARTESIAN_POINT('Ctrl Pts',(0.,82.7991984718715,21.1848849553099));
#1303=CARTESIAN_POINT('Ctrl Pts',(0.,83.4295628115183,21.4509919911287));
#1304=CARTESIAN_POINT('Ctrl Pts',(-8.54900800887126,83.4295628115183,21.4509919911287));
#1305=CARTESIAN_POINT('Ctrl Pts',(-8.54900800887126,83.4295628115183,30.));
#1306=CARTESIAN_POINT('Ctrl Pts',(-8.54900800887126,83.4295628115183,38.5490080088713));
#1307=CARTESIAN_POINT('Ctrl Pts',(0.,83.4295628115183,38.5490080088713));
#1308=CARTESIAN_POINT('Ctrl Pts',(8.54900800887126,83.4295628115183,38.5490080088713));
#1309=CARTESIAN_POINT('Ctrl Pts',(8.54900800887126,83.4295628115183,30.));
#1310=CARTESIAN_POINT('Ctrl Pts',(8.54900800887126,83.4295628115183,21.4509919911287));
#1311=CARTESIAN_POINT('Ctrl Pts',(0.,83.4295628115183,21.4509919911287));
#1312=CARTESIAN_POINT('Ctrl Pts',(0.,84.0593964821192,21.7201005203461));
#1313=CARTESIAN_POINT('Ctrl Pts',(-8.2798994796539,84.0593964821192,21.7201005203461));
#1314=CARTESIAN_POINT('Ctrl Pts',(-8.27989947965391,84.0593964821192,30.));
#1315=CARTESIAN_POINT('Ctrl Pts',(-8.2798994796539,84.0593964821192,38.2798994796539));
#1316=CARTESIAN_POINT('Ctrl Pts',(0.,84.0593964821192,38.2798994796539));
#1317=CARTESIAN_POINT('Ctrl Pts',(8.2798994796539,84.0593964821192,38.2798994796539));
#1318=CARTESIAN_POINT('Ctrl Pts',(8.27989947965391,84.0593964821192,30.));
#1319=CARTESIAN_POINT('Ctrl Pts',(8.2798994796539,84.0593964821192,21.7201005203461));
#1320=CARTESIAN_POINT('Ctrl Pts',(0.,84.0593964821192,21.7201005203461));
#1321=CARTESIAN_POINT('Ctrl Pts',(0.,84.6887236411382,21.9921651261641));
#1322=CARTESIAN_POINT('Ctrl Pts',(-8.00783487383593,84.6887236411382,21.9921651261641));
#1323=CARTESIAN_POINT('Ctrl Pts',(-8.00783487383594,84.6887236411382,30.));
#1324=CARTESIAN_POINT('Ctrl Pts',(-8.00783487383594,84.6887236411382,38.0078348738359));
#1325=CARTESIAN_POINT('Ctrl Pts',(0.,84.6887236411382,38.0078348738359));
#1326=CARTESIAN_POINT('Ctrl Pts',(8.00783487383593,84.6887236411382,38.0078348738359));
#1327=CARTESIAN_POINT('Ctrl Pts',(8.00783487383594,84.6887236411382,30.));
#1328=CARTESIAN_POINT('Ctrl Pts',(8.00783487383594,84.6887236411382,21.9921651261641));
#1329=CARTESIAN_POINT('Ctrl Pts',(0.,84.6887236411382,21.9921651261641));
#1330=CARTESIAN_POINT('Ctrl Pts',(0.,85.3175191527228,22.2673022301745));
#1331=CARTESIAN_POINT('Ctrl Pts',(-7.73269776982552,85.3175191527228,22.2673022301745));
#1332=CARTESIAN_POINT('Ctrl Pts',(-7.73269776982553,85.3175191527228,30.));
#1333=CARTESIAN_POINT('Ctrl Pts',(-7.73269776982553,85.3175191527228,37.7326977698255));
#1334=CARTESIAN_POINT('Ctrl Pts',(0.,85.3175191527228,37.7326977698255));
#1335=CARTESIAN_POINT('Ctrl Pts',(7.73269776982552,85.3175191527228,37.7326977698255));
#1336=CARTESIAN_POINT('Ctrl Pts',(7.73269776982553,85.3175191527228,30.));
#1337=CARTESIAN_POINT('Ctrl Pts',(7.73269776982553,85.3175191527228,22.2673022301745));
#1338=CARTESIAN_POINT('Ctrl Pts',(0.,85.3175191527228,22.2673022301745));
#1339=CARTESIAN_POINT('Ctrl Pts',(0.,85.9456779305093,22.5458894131347));
#1340=CARTESIAN_POINT('Ctrl Pts',(-7.45411058686534,85.9456779305093,22.5458894131347));
#1341=CARTESIAN_POINT('Ctrl Pts',(-7.45411058686534,85.9456779305093,30.));
#1342=CARTESIAN_POINT('Ctrl Pts',(-7.45411058686534,85.9456779305093,37.4541105868653));
#1343=CARTESIAN_POINT('Ctrl Pts',(0.,85.9456779305093,37.4541105868653));
#1344=CARTESIAN_POINT('Ctrl Pts',(7.45411058686534,85.9456779305093,37.4541105868653));
#1345=CARTESIAN_POINT('Ctrl Pts',(7.45411058686534,85.9456779305093,30.));
#1346=CARTESIAN_POINT('Ctrl Pts',(7.45411058686534,85.9456779305093,22.5458894131347));
#1347=CARTESIAN_POINT('Ctrl Pts',(0.,85.9456779305093,22.5458894131347));
#1348=CARTESIAN_POINT('Ctrl Pts',(0.,86.5729951322446,22.8286296789965));
#1349=CARTESIAN_POINT('Ctrl Pts',(-7.17137032100353,86.5729951322446,22.8286296789965));
#1350=CARTESIAN_POINT('Ctrl Pts',(-7.17137032100353,86.5729951322446,30.));
#1351=CARTESIAN_POINT('Ctrl Pts',(-7.17137032100353,86.5729951322446,37.1713703210035));
#1352=CARTESIAN_POINT('Ctrl Pts',(0.,86.5729951322446,37.1713703210035));
#1353=CARTESIAN_POINT('Ctrl Pts',(7.17137032100353,86.5729951322446,37.1713703210035));
#1354=CARTESIAN_POINT('Ctrl Pts',(7.17137032100353,86.5729951322446,30.));
#1355=CARTESIAN_POINT('Ctrl Pts',(7.17137032100353,86.5729951322446,22.8286296789965));
#1356=CARTESIAN_POINT('Ctrl Pts',(0.,86.5729951322446,22.8286296789965));
#1357=CARTESIAN_POINT('Ctrl Pts',(0.,87.1992339089907,23.1163328562456));
#1358=CARTESIAN_POINT('Ctrl Pts',(-6.88366714375442,87.1992339089907,23.1163328562456));
#1359=CARTESIAN_POINT('Ctrl Pts',(-6.88366714375442,87.1992339089907,30.));
#1360=CARTESIAN_POINT('Ctrl Pts',(-6.88366714375442,87.1992339089907,36.8836671437544));
#1361=CARTESIAN_POINT('Ctrl Pts',(0.,87.1992339089907,36.8836671437544));
#1362=CARTESIAN_POINT('Ctrl Pts',(6.88366714375442,87.1992339089907,36.8836671437544));
#1363=CARTESIAN_POINT('Ctrl Pts',(6.88366714375442,87.1992339089907,30.));
#1364=CARTESIAN_POINT('Ctrl Pts',(6.88366714375442,87.1992339089907,23.1163328562456));
#1365=CARTESIAN_POINT('Ctrl Pts',(0.,87.1992339089907,23.1163328562456));
#1366=CARTESIAN_POINT('Ctrl Pts',(0.,87.8241848002446,23.4097239898431));
#1367=CARTESIAN_POINT('Ctrl Pts',(-6.59027601015688,87.8241848002446,23.4097239898431));
#1368=CARTESIAN_POINT('Ctrl Pts',(-6.59027601015688,87.8241848002446,30.));
#1369=CARTESIAN_POINT('Ctrl Pts',(-6.59027601015688,87.8241848002446,36.5902760101569));
#1370=CARTESIAN_POINT('Ctrl Pts',(0.,87.8241848002446,36.5902760101569));
#1371=CARTESIAN_POINT('Ctrl Pts',(6.59027601015688,87.8241848002446,36.5902760101569));
#1372=CARTESIAN_POINT('Ctrl Pts',(6.59027601015688,87.8241848002446,30.));
#1373=CARTESIAN_POINT('Ctrl Pts',(6.59027601015688,87.8241848002446,23.4097239898431));
#1374=CARTESIAN_POINT('Ctrl Pts',(0.,87.8241848002446,23.4097239898431));
#1375=CARTESIAN_POINT('Ctrl Pts',(0.,88.4477282073019,23.7092417876786));
#1376=CARTESIAN_POINT('Ctrl Pts',(-6.29075821232145,88.4477282073019,23.7092417876786));
#1377=CARTESIAN_POINT('Ctrl Pts',(-6.29075821232145,88.4477282073019,30.));
#1378=CARTESIAN_POINT('Ctrl Pts',(-6.29075821232145,88.4477282073019,36.2907582123214));
#1379=CARTESIAN_POINT('Ctrl Pts',(0.,88.4477282073019,36.2907582123214));
#1380=CARTESIAN_POINT('Ctrl Pts',(6.29075821232145,88.4477282073019,36.2907582123214));
#1381=CARTESIAN_POINT('Ctrl Pts',(6.29075821232145,88.4477282073019,30.));
#1382=CARTESIAN_POINT('Ctrl Pts',(6.29075821232145,88.4477282073019,23.7092417876786));
#1383=CARTESIAN_POINT('Ctrl Pts',(0.,88.4477282073019,23.7092417876786));
#1384=CARTESIAN_POINT('Ctrl Pts',(0.,89.0698958870735,24.0148402342876));
#1385=CARTESIAN_POINT('Ctrl Pts',(-5.98515976571239,89.0698958870735,24.0148402342876));
#1386=CARTESIAN_POINT('Ctrl Pts',(-5.98515976571239,89.0698958870735,30.));
#1387=CARTESIAN_POINT('Ctrl Pts',(-5.98515976571239,89.0698958870735,35.9851597657124));
#1388=CARTESIAN_POINT('Ctrl Pts',(0.,89.0698958870735,35.9851597657124));
#1389=CARTESIAN_POINT('Ctrl Pts',(5.98515976571239,89.0698958870735,35.9851597657124));
#1390=CARTESIAN_POINT('Ctrl Pts',(5.98515976571239,89.0698958870735,30.));
#1391=CARTESIAN_POINT('Ctrl Pts',(5.98515976571239,89.0698958870735,24.0148402342876));
#1392=CARTESIAN_POINT('Ctrl Pts',(0.,89.0698958870735,24.0148402342876));
#1393=CARTESIAN_POINT('Ctrl Pts',(0.,89.6909319813089,24.3257917024908));
#1394=CARTESIAN_POINT('Ctrl Pts',(-5.67420829750922,89.6909319813089,24.3257917024908));
#1395=CARTESIAN_POINT('Ctrl Pts',(-5.67420829750923,89.6909319813089,30.));
#1396=CARTESIAN_POINT('Ctrl Pts',(-5.67420829750923,89.6909319813089,35.6742082975092));
#1397=CARTESIAN_POINT('Ctrl Pts',(0.,89.6909319813089,35.6742082975092));
#1398=CARTESIAN_POINT('Ctrl Pts',(5.67420829750922,89.6909319813089,35.6742082975092));
#1399=CARTESIAN_POINT('Ctrl Pts',(5.67420829750923,89.6909319813089,30.));
#1400=CARTESIAN_POINT('Ctrl Pts',(5.67420829750923,89.6909319813089,24.3257917024908));
#1401=CARTESIAN_POINT('Ctrl Pts',(0.,89.6909319813089,24.3257917024908));
#1402=CARTESIAN_POINT('Ctrl Pts',(0.,90.311148015148,24.6411569713511));
#1403=CARTESIAN_POINT('Ctrl Pts',(-5.35884302864892,90.311148015148,24.6411569713511));
#1404=CARTESIAN_POINT('Ctrl Pts',(-5.35884302864892,90.311148015148,30.));
#1405=CARTESIAN_POINT('Ctrl Pts',(-5.35884302864892,90.311148015148,35.3588430286489));
#1406=CARTESIAN_POINT('Ctrl Pts',(0.,90.311148015148,35.3588430286489));
#1407=CARTESIAN_POINT('Ctrl Pts',(5.35884302864892,90.311148015148,35.3588430286489));
#1408=CARTESIAN_POINT('Ctrl Pts',(5.35884302864892,90.311148015148,30.));
#1409=CARTESIAN_POINT('Ctrl Pts',(5.35884302864892,90.311148015148,24.6411569713511));
#1410=CARTESIAN_POINT('Ctrl Pts',(0.,90.311148015148,24.6411569713511));
#1411=CARTESIAN_POINT('Ctrl Pts',(0.,90.930782056294,24.9602417235451));
#1412=CARTESIAN_POINT('Ctrl Pts',(-5.03975827645485,90.930782056294,24.9602417235451));
#1413=CARTESIAN_POINT('Ctrl Pts',(-5.03975827645485,90.930782056294,30.));
#1414=CARTESIAN_POINT('Ctrl Pts',(-5.03975827645485,90.930782056294,35.0397582764548));
#1415=CARTESIAN_POINT('Ctrl Pts',(0.,90.930782056294,35.0397582764548));
#1416=CARTESIAN_POINT('Ctrl Pts',(5.03975827645485,90.930782056294,35.0397582764548));
#1417=CARTESIAN_POINT('Ctrl Pts',(5.03975827645485,90.930782056294,30.));
#1418=CARTESIAN_POINT('Ctrl Pts',(5.03975827645485,90.930782056294,24.9602417235451));
#1419=CARTESIAN_POINT('Ctrl Pts',(0.,90.930782056294,24.9602417235451));
#1420=CARTESIAN_POINT('Ctrl Pts',(0.,91.5498514035921,25.2830741157602));
#1421=CARTESIAN_POINT('Ctrl Pts',(-4.71692588423979,91.5498514035921,25.2830741157602));
#1422=CARTESIAN_POINT('Ctrl Pts',(-4.7169258842398,91.5498514035921,30.));
#1423=CARTESIAN_POINT('Ctrl Pts',(-4.7169258842398,91.5498514035921,34.7169258842398));
#1424=CARTESIAN_POINT('Ctrl Pts',(0.,91.5498514035921,34.7169258842398));
#1425=CARTESIAN_POINT('Ctrl Pts',(4.71692588423979,91.5498514035921,34.7169258842398));
#1426=CARTESIAN_POINT('Ctrl Pts',(4.7169258842398,91.5498514035921,30.));
#1427=CARTESIAN_POINT('Ctrl Pts',(4.7169258842398,91.5498514035921,25.2830741157602));
#1428=CARTESIAN_POINT('Ctrl Pts',(0.,91.5498514035921,25.2830741157602));
#1429=CARTESIAN_POINT('Ctrl Pts',(0.,92.1680192101667,25.6108369460662));
#1430=CARTESIAN_POINT('Ctrl Pts',(-4.38916305393375,92.1680192101667,25.6108369460662));
#1431=CARTESIAN_POINT('Ctrl Pts',(-4.38916305393375,92.1680192101667,30.));
#1432=CARTESIAN_POINT('Ctrl Pts',(-4.38916305393375,92.1680192101667,34.3891630539338));
#1433=CARTESIAN_POINT('Ctrl Pts',(0.,92.1680192101667,34.3891630539338));
#1434=CARTESIAN_POINT('Ctrl Pts',(4.38916305393375,92.1680192101667,34.3891630539338));
#1435=CARTESIAN_POINT('Ctrl Pts',(4.38916305393375,92.1680192101667,30.));
#1436=CARTESIAN_POINT('Ctrl Pts',(4.38916305393375,92.1680192101667,25.6108369460662));
#1437=CARTESIAN_POINT('Ctrl Pts',(0.,92.1680192101667,25.6108369460662));
#1438=CARTESIAN_POINT('Ctrl Pts',(0.,92.7844254377959,25.9464160521474));
#1439=CARTESIAN_POINT('Ctrl Pts',(-4.05358394785258,92.7844254377959,25.9464160521474));
#1440=CARTESIAN_POINT('Ctrl Pts',(-4.05358394785258,92.7844254377959,30.));
#1441=CARTESIAN_POINT('Ctrl Pts',(-4.05358394785258,92.7844254377959,34.0535839478526));
#1442=CARTESIAN_POINT('Ctrl Pts',(0.,92.7844254377959,34.0535839478526));
#1443=CARTESIAN_POINT('Ctrl Pts',(4.05358394785258,92.7844254377959,34.0535839478526));
#1444=CARTESIAN_POINT('Ctrl Pts',(4.05358394785258,92.7844254377959,30.));
#1445=CARTESIAN_POINT('Ctrl Pts',(4.05358394785258,92.7844254377959,25.9464160521474));
#1446=CARTESIAN_POINT('Ctrl Pts',(0.,92.7844254377959,25.9464160521474));
#1447=CARTESIAN_POINT('Ctrl Pts',(0.,93.3978223410971,26.2939564176239));
#1448=CARTESIAN_POINT('Ctrl Pts',(-3.7060435823761,93.3978223410971,26.2939564176239));
#1449=CARTESIAN_POINT('Ctrl Pts',(-3.7060435823761,93.3978223410971,30.));
#1450=CARTESIAN_POINT('Ctrl Pts',(-3.7060435823761,93.3978223410971,33.7060435823761));
#1451=CARTESIAN_POINT('Ctrl Pts',(0.,93.3978223410971,33.7060435823761));
#1452=CARTESIAN_POINT('Ctrl Pts',(3.7060435823761,93.3978223410971,33.7060435823761));
#1453=CARTESIAN_POINT('Ctrl Pts',(3.7060435823761,93.3978223410971,30.));
#1454=CARTESIAN_POINT('Ctrl Pts',(3.7060435823761,93.3978223410971,26.2939564176239));
#1455=CARTESIAN_POINT('Ctrl Pts',(0.,93.3978223410971,26.2939564176239));
#1456=CARTESIAN_POINT('Ctrl Pts',(0.,94.0067573791652,26.6582638091089));
#1457=CARTESIAN_POINT('Ctrl Pts',(-3.34173619089114,94.0067573791652,26.6582638091089));
#1458=CARTESIAN_POINT('Ctrl Pts',(-3.34173619089115,94.0067573791652,30.));
#1459=CARTESIAN_POINT('Ctrl Pts',(-3.34173619089115,94.0067573791652,33.3417361908911));
#1460=CARTESIAN_POINT('Ctrl Pts',(0.,94.0067573791652,33.3417361908911));
#1461=CARTESIAN_POINT('Ctrl Pts',(3.34173619089114,94.0067573791652,33.3417361908911));
#1462=CARTESIAN_POINT('Ctrl Pts',(3.34173619089115,94.0067573791652,30.));
#1463=CARTESIAN_POINT('Ctrl Pts',(3.34173619089115,94.0067573791652,26.6582638091089));
#1464=CARTESIAN_POINT('Ctrl Pts',(0.,94.0067573791652,26.6582638091089));
#1465=CARTESIAN_POINT('Ctrl Pts',(0.,94.6097456759115,27.0442403084157));
#1466=CARTESIAN_POINT('Ctrl Pts',(-2.95575969158426,94.6097456759115,27.0442403084157));
#1467=CARTESIAN_POINT('Ctrl Pts',(-2.95575969158426,94.6097456759115,30.));
#1468=CARTESIAN_POINT('Ctrl Pts',(-2.95575969158426,94.6097456759115,32.9557596915843));
#1469=CARTESIAN_POINT('Ctrl Pts',(0.,94.6097456759115,32.9557596915843));
#1470=CARTESIAN_POINT('Ctrl Pts',(2.95575969158426,94.6097456759115,32.9557596915843));
#1471=CARTESIAN_POINT('Ctrl Pts',(2.95575969158426,94.6097456759115,30.));
#1472=CARTESIAN_POINT('Ctrl Pts',(2.95575969158426,94.6097456759115,27.0442403084157));
#1473=CARTESIAN_POINT('Ctrl Pts',(0.,94.6097456759115,27.0442403084157));
#1474=CARTESIAN_POINT('Ctrl Pts',(0.,95.2054328290562,27.456351656753));
#1475=CARTESIAN_POINT('Ctrl Pts',(-2.54364834324697,95.2054328290562,27.456351656753));
#1476=CARTESIAN_POINT('Ctrl Pts',(-2.54364834324697,95.2054328290562,30.));
#1477=CARTESIAN_POINT('Ctrl Pts',(-2.54364834324697,95.2054328290562,32.543648343247));
#1478=CARTESIAN_POINT('Ctrl Pts',(0.,95.2054328290562,32.543648343247));
#1479=CARTESIAN_POINT('Ctrl Pts',(2.54364834324697,95.2054328290562,32.543648343247));
#1480=CARTESIAN_POINT('Ctrl Pts',(2.54364834324697,95.2054328290562,30.));
#1481=CARTESIAN_POINT('Ctrl Pts',(2.54364834324697,95.2054328290562,27.456351656753));
#1482=CARTESIAN_POINT('Ctrl Pts',(0.,95.2054328290562,27.456351656753));
#1483=CARTESIAN_POINT('Ctrl Pts',(0.,95.7927969445317,27.8979658756829));
#1484=CARTESIAN_POINT('Ctrl Pts',(-2.10203412431706,95.7927969445317,27.8979658756829));
#1485=CARTESIAN_POINT('Ctrl Pts',(-2.10203412431706,95.7927969445317,30.));
#1486=CARTESIAN_POINT('Ctrl Pts',(-2.10203412431706,95.7927969445317,32.1020341243171));
#1487=CARTESIAN_POINT('Ctrl Pts',(0.,95.7927969445317,32.1020341243171));
#1488=CARTESIAN_POINT('Ctrl Pts',(2.10203412431706,95.7927969445317,32.1020341243171));
#1489=CARTESIAN_POINT('Ctrl Pts',(2.10203412431706,95.7927969445317,30.));
#1490=CARTESIAN_POINT('Ctrl Pts',(2.10203412431706,95.7927969445317,27.8979658756829));
#1491=CARTESIAN_POINT('Ctrl Pts',(0.,95.7927969445317,27.8979658756829));
#1492=CARTESIAN_POINT('Ctrl Pts',(0.,96.3711721829347,28.3712773233179));
#1493=CARTESIAN_POINT('Ctrl Pts',(-1.62872267668213,96.3711721829347,28.3712773233179));
#1494=CARTESIAN_POINT('Ctrl Pts',(-1.62872267668213,96.3711721829347,30.));
#1495=CARTESIAN_POINT('Ctrl Pts',(-1.62872267668213,96.3711721829347,31.6287226766821));
#1496=CARTESIAN_POINT('Ctrl Pts',(0.,96.3711721829347,31.6287226766821));
#1497=CARTESIAN_POINT('Ctrl Pts',(1.62872267668213,96.3711721829347,31.6287226766821));
#1498=CARTESIAN_POINT('Ctrl Pts',(1.62872267668213,96.3711721829347,30.));
#1499=CARTESIAN_POINT('Ctrl Pts',(1.62872267668213,96.3711721829347,28.3712773233179));
#1500=CARTESIAN_POINT('Ctrl Pts',(0.,96.3711721829347,28.3712773233179));
#1501=CARTESIAN_POINT('Ctrl Pts',(0.,96.9401556494715,28.8776133478882));
#1502=CARTESIAN_POINT('Ctrl Pts',(-1.12238665211176,96.9401556494715,28.8776133478882));
#1503=CARTESIAN_POINT('Ctrl Pts',(-1.12238665211176,96.9401556494715,30.));
#1504=CARTESIAN_POINT('Ctrl Pts',(-1.12238665211176,96.9401556494715,31.1223866521118));
#1505=CARTESIAN_POINT('Ctrl Pts',(0.,96.9401556494715,31.1223866521118));
#1506=CARTESIAN_POINT('Ctrl Pts',(1.12238665211176,96.9401556494715,31.1223866521118));
#1507=CARTESIAN_POINT('Ctrl Pts',(1.12238665211176,96.9401556494715,30.));
#1508=CARTESIAN_POINT('Ctrl Pts',(1.12238665211176,96.9401556494715,28.8776133478882));
#1509=CARTESIAN_POINT('Ctrl Pts',(0.,96.9401556494715,28.8776133478882));
#1510=CARTESIAN_POINT('Ctrl Pts',(0.,97.3876707276104,29.3096230314166));
#1511=CARTESIAN_POINT('Ctrl Pts',(-0.690376968583362,97.3876707276104,29.3096230314166));
#1512=CARTESIAN_POINT('Ctrl Pts',(-0.690376968583362,97.3876707276104,30.));
#1513=CARTESIAN_POINT('Ctrl Pts',(-0.690376968583362,97.3876707276104,30.6903769685834));
#1514=CARTESIAN_POINT('Ctrl Pts',(0.,97.3876707276104,30.6903769685834));
#1515=CARTESIAN_POINT('Ctrl Pts',(0.690376968583362,97.3876707276104,30.6903769685834));
#1516=CARTESIAN_POINT('Ctrl Pts',(0.690376968583362,97.3876707276104,30.));
#1517=CARTESIAN_POINT('Ctrl Pts',(0.690376968583362,97.3876707276104,29.3096230314166));
#1518=CARTESIAN_POINT('Ctrl Pts',(0.,97.3876707276104,29.3096230314166));
#1519=CARTESIAN_POINT('Ctrl Pts',(0.,97.7189623191665,29.6488811642526));
#1520=CARTESIAN_POINT('Ctrl Pts',(-0.351118835747384,97.7189623191665,29.6488811642526));
#1521=CARTESIAN_POINT('Ctrl Pts',(-0.351118835747384,97.7189623191665,30.));
#1522=CARTESIAN_POINT('Ctrl Pts',(-0.351118835747384,97.7189623191665,30.3511188357474));
#1523=CARTESIAN_POINT('Ctrl Pts',(0.,97.7189623191665,30.3511188357474));
#1524=CARTESIAN_POINT('Ctrl Pts',(0.351118835747384,97.7189623191665,30.3511188357474));
#1525=CARTESIAN_POINT('Ctrl Pts',(0.351118835747384,97.7189623191665,30.));
#1526=CARTESIAN_POINT('Ctrl Pts',(0.351118835747384,97.7189623191665,29.6488811642526));
#1527=CARTESIAN_POINT('Ctrl Pts',(0.,97.7189623191665,29.6488811642526));
#1528=CARTESIAN_POINT('Ctrl Pts',(0.,97.9378925754238,29.8818307929126));
#1529=CARTESIAN_POINT('Ctrl Pts',(-0.118169207087364,97.9378925754238,29.8818307929126));
#1530=CARTESIAN_POINT('Ctrl Pts',(-0.118169207087364,97.9378925754238,30.));
#1531=CARTESIAN_POINT('Ctrl Pts',(-0.118169207087364,97.9378925754238,30.1181692070874));
#1532=CARTESIAN_POINT('Ctrl Pts',(0.,97.9378925754238,30.1181692070874));
#1533=CARTESIAN_POINT('Ctrl Pts',(0.118169207087364,97.9378925754238,30.1181692070874));
#1534=CARTESIAN_POINT('Ctrl Pts',(0.118169207087364,97.9378925754238,30.));
#1535=CARTESIAN_POINT('Ctrl Pts',(0.118169207087364,97.9378925754238,29.8818307929126));
#1536=CARTESIAN_POINT('Ctrl Pts',(0.,97.9378925754238,29.8818307929126));
#1537=CARTESIAN_POINT('Ctrl Pts',(0.,98.046875,30.));
#1538=CARTESIAN_POINT('Ctrl Pts',(0.,98.046875,30.));
#1539=CARTESIAN_POINT('Ctrl Pts',(0.,98.046875,30.));
#1540=CARTESIAN_POINT('Ctrl Pts',(0.,98.046875,30.));
#1541=CARTESIAN_POINT('Ctrl Pts',(0.,98.046875,30.));
#1542=CARTESIAN_POINT('Ctrl Pts',(0.,98.046875,30.));
#1543=CARTESIAN_POINT('Ctrl Pts',(0.,98.046875,30.));
#1544=CARTESIAN_POINT('Ctrl Pts',(0.,98.046875,30.));
#1545=CARTESIAN_POINT('Ctrl Pts',(0.,98.046875,30.));
#1546=CARTESIAN_POINT('',(0.,98.046875,30.));
#1547=CARTESIAN_POINT('',(0.,2.,1.99999999999999));
#1548=CARTESIAN_POINT('Ctrl Pts',(0.,98.046875,30.));
#1549=CARTESIAN_POINT('Ctrl Pts',(0.,97.9378925754238,29.8818307929126));
#1550=CARTESIAN_POINT('Ctrl Pts',(0.,97.7189623191665,29.6488811642526));
#1551=CARTESIAN_POINT('Ctrl Pts',(0.,97.3876707276104,29.3096230314166));
#1552=CARTESIAN_POINT('Ctrl Pts',(0.,96.9401556494715,28.8776133478882));
#1553=CARTESIAN_POINT('Ctrl Pts',(0.,96.3711721829347,28.3712773233179));
#1554=CARTESIAN_POINT('Ctrl Pts',(0.,95.7927969445317,27.8979658756829));
#1555=CARTESIAN_POINT('Ctrl Pts',(0.,95.2054328290562,27.456351656753));
#1556=CARTESIAN_POINT('Ctrl Pts',(0.,94.6097456759115,27.0442403084157));
#1557=CARTESIAN_POINT('Ctrl Pts',(0.,94.0067573791652,26.6582638091089));
#1558=CARTESIAN_POINT('Ctrl Pts',(0.,93.3978223410971,26.2939564176239));
#1559=CARTESIAN_POINT('Ctrl Pts',(0.,92.7844254377959,25.9464160521474));
#1560=CARTESIAN_POINT('Ctrl Pts',(0.,92.1680192101667,25.6108369460662));
#1561=CARTESIAN_POINT('Ctrl Pts',(0.,91.5498514035921,25.2830741157602));
#1562=CARTESIAN_POINT('Ctrl Pts',(0.,90.930782056294,24.9602417235451));
#1563=CARTESIAN_POINT('Ctrl Pts',(0.,90.311148015148,24.6411569713511));
#1564=CARTESIAN_POINT('Ctrl Pts',(0.,89.6909319813089,24.3257917024908));
#1565=CARTESIAN_POINT('Ctrl Pts',(0.,89.0698958870735,24.0148402342876));
#1566=CARTESIAN_POINT('Ctrl Pts',(0.,88.4477282073019,23.7092417876786));
#1567=CARTESIAN_POINT('Ctrl Pts',(0.,87.8241848002446,23.4097239898431));
#1568=CARTESIAN_POINT('Ctrl Pts',(0.,87.1992339089907,23.1163328562456));
#1569=CARTESIAN_POINT('Ctrl Pts',(0.,86.5729951322446,22.8286296789965));
#1570=CARTESIAN_POINT('Ctrl Pts',(0.,85.9456779305093,22.5458894131347));
#1571=CARTESIAN_POINT('Ctrl Pts',(0.,85.3175191527228,22.2673022301745));
#1572=CARTESIAN_POINT('Ctrl Pts',(0.,84.6887236411382,21.9921651261641));
#1573=CARTESIAN_POINT('Ctrl Pts',(0.,84.0593964821192,21.7201005203461));
#1574=CARTESIAN_POINT('Ctrl Pts',(0.,83.4295628115183,21.4509919911287));
#1575=CARTESIAN_POINT('Ctrl Pts',(0.,82.7991984718715,21.1848849553099));
#1576=CARTESIAN_POINT('Ctrl Pts',(0.,82.1682575754936,20.9218973394266));
#1577=CARTESIAN_POINT('Ctrl Pts',(0.,81.5366996125216,20.6621317312023));
#1578=CARTESIAN_POINT('Ctrl Pts',(0.,80.9045212970954,20.4055721986363));
#1579=CARTESIAN_POINT('Ctrl Pts',(0.,80.2717515643934,20.1521003285443));
#1580=CARTESIAN_POINT('Ctrl Pts',(0.,79.6384376680982,19.9015400584615));
#1581=CARTESIAN_POINT('Ctrl Pts',(0.,79.004633942521,19.6536938854737));
#1582=CARTESIAN_POINT('Ctrl Pts',(0.,78.3703903284716,19.4083798449434));
#1583=CARTESIAN_POINT('Ctrl Pts',(0.,77.7357387515663,19.1654754230934));
#1584=CARTESIAN_POINT('Ctrl Pts',(0.,77.1006944579424,18.9249131579485));
#1585=CARTESIAN_POINT('Ctrl Pts',(0.,76.4652625263637,18.6866595204949));
#1586=CARTESIAN_POINT('Ctrl Pts',(0.,75.8294428423549,18.4506987623425));
#1587=CARTESIAN_POINT('Ctrl Pts',(0.,75.1932352999073,18.2170160313819));
#1588=CARTESIAN_POINT('Ctrl Pts',(0.,74.5566459541998,17.985577407606));
#1589=CARTESIAN_POINT('Ctrl Pts',(0.,73.919686905695,17.7563302273987));
#1590=CARTESIAN_POINT('Ctrl Pts',(0.,73.2823734857115,17.5292121412516));
#1591=CARTESIAN_POINT('Ctrl Pts',(0.,72.6447222360521,17.3041576008761));
#1592=CARTESIAN_POINT('Ctrl Pts',(0.,72.0067487407726,17.0811048265554));
#1593=CARTESIAN_POINT('Ctrl Pts',(0.,71.3684650610315,16.8600040543636));
#1594=CARTESIAN_POINT('Ctrl Pts',(0.,70.7298797606685,16.6408174210044));
#1595=CARTESIAN_POINT('Ctrl Pts',(0.,70.0909992023757,16.4235147470997));
#1596=CARTESIAN_POINT('Ctrl Pts',(0.,69.451828474707,16.2080705116185));
#1597=CARTESIAN_POINT('Ctrl Pts',(0.,68.8123723910396,15.9944605950601));
#1598=CARTESIAN_POINT('Ctrl Pts',(0.,68.1726366620917,15.7826584593843));
#1599=CARTESIAN_POINT('Ctrl Pts',(0.,67.5326279484608,15.5726349567469));
#1600=CARTESIAN_POINT('Ctrl Pts',(0.,66.8923533281434,15.3643600334909));
#1601=CARTESIAN_POINT('Ctrl Pts',(0.,66.2518199336132,15.157803884404));
#1602=CARTESIAN_POINT('Ctrl Pts',(0.,65.6110345530874,14.9529382236144));
#1603=CARTESIAN_POINT('Ctrl Pts',(0.,64.9700031603657,14.7497377848693));
#1604=CARTESIAN_POINT('Ctrl Pts',(0.,64.3287309174406,14.5481802988869));
#1605=CARTESIAN_POINT('Ctrl Pts',(0.,63.6872224268204,14.3482456661242));
#1606=CARTESIAN_POINT('Ctrl Pts',(0.,63.0454819117686,14.1499153614451));
#1607=CARTESIAN_POINT('Ctrl Pts',(0.,62.403513411197,13.953171791956));
#1608=CARTESIAN_POINT('Ctrl Pts',(0.,61.7613210067027,13.7579975498324));
#1609=CARTESIAN_POINT('Ctrl Pts',(0.,61.1189088366605,13.5643753573227));
#1610=CARTESIAN_POINT('Ctrl Pts',(0.,60.4762810020921,13.3722883633978));
#1611=CARTESIAN_POINT('Ctrl Pts',(0.,59.8334415041719,13.1817203372771));
#1612=CARTESIAN_POINT('Ctrl Pts',(0.,59.1903941748426,12.9926558846153));
#1613=CARTESIAN_POINT('Ctrl Pts',(0.,58.5471425947111,12.8050807038509));
#1614=CARTESIAN_POINT('Ctrl Pts',(0.,57.9036901009895,12.6189815548621));
#1615=CARTESIAN_POINT('Ctrl Pts',(0.,57.2600398377674,12.4343460922174));
#1616=CARTESIAN_POINT('Ctrl Pts',(0.,56.6161947939221,12.2511627376895));
#1617=CARTESIAN_POINT('Ctrl Pts',(0.,55.9721578434301,12.0694205452101));
#1618=CARTESIAN_POINT('Ctrl Pts',(0.,55.327931791706,11.8891090457486));
#1619=CARTESIAN_POINT('Ctrl Pts',(0.,54.6835193791199,11.7102182323706));
#1620=CARTESIAN_POINT('Ctrl Pts',(0.,54.0389232667799,11.5327386032805));
#1621=CARTESIAN_POINT('Ctrl Pts',(0.,53.3941460276916,11.3566611869563));
#1622=CARTESIAN_POINT('Ctrl Pts',(0.,52.7491901367262,11.1819775714102));
#1623=CARTESIAN_POINT('Ctrl Pts',(0.,52.1040579585422,11.0086799390581));
#1624=CARTESIAN_POINT('Ctrl Pts',(0.,51.4587517526486,10.8367610505974));
#1625=CARTESIAN_POINT('Ctrl Pts',(0.,50.8132736845155,10.6662142106789));
#1626=CARTESIAN_POINT('Ctrl Pts',(0.,50.1676258349029,10.4970332387564));
#1627=CARTESIAN_POINT('Ctrl Pts',(0.,49.5218102095082,10.3292124388118));
#1628=CARTESIAN_POINT('Ctrl Pts',(0.,48.8758287497001,10.1627465657151));
#1629=CARTESIAN_POINT('Ctrl Pts',(0.,48.2296833343294,9.9976308179269));
#1630=CARTESIAN_POINT('Ctrl Pts',(0.,47.5833757790475,9.83386083758585));
#1631=CARTESIAN_POINT('Ctrl Pts',(0.,46.9369078364643,9.67143270763998));
#1632=CARTESIAN_POINT('Ctrl Pts',(0.,46.2902811960949,9.51034295016296));
#1633=CARTESIAN_POINT('Ctrl Pts',(0.,45.6434974841644,9.35058852309087));
#1634=CARTESIAN_POINT('Ctrl Pts',(0.,44.996558265831,9.19216682350084));
#1635=CARTESIAN_POINT('Ctrl Pts',(0.,44.3494650479542,9.03507569173046));
#1636=CARTESIAN_POINT('Ctrl Pts',(0.,43.7022192817178,8.87931341521224));
#1637=CARTESIAN_POINT('Ctrl Pts',(0.,43.0548223653268,8.72487873138997));
#1638=CARTESIAN_POINT('Ctrl Pts',(0.,42.4072756467767,8.57177083256847));
#1639=CARTESIAN_POINT('Ctrl Pts',(0.,41.7595804258171,8.41998934826266));
#1640=CARTESIAN_POINT('Ctrl Pts',(0.,41.1117379558102,8.2695343246489));
#1641=CARTESIAN_POINT('Ctrl Pts',(0.,40.4637494456861,8.12040620409046));
#1642=CARTESIAN_POINT('Ctrl Pts',(0.,39.8156160618423,7.97260580573303));
#1643=CARTESIAN_POINT('Ctrl Pts',(0.,39.1673389302525,7.82613430140092));
#1644=CARTESIAN_POINT('Ctrl Pts',(0.,38.5189191355229,7.68099327174628));
#1645=CARTESIAN_POINT('Ctrl Pts',(0.,37.8703577197697,7.5371847676403));
#1646=CARTESIAN_POINT('Ctrl Pts',(0.,37.2216556815923,7.39471136944097));
#1647=CARTESIAN_POINT('Ctrl Pts',(0.,36.5728139750512,7.25357624664145));
#1648=CARTESIAN_POINT('Ctrl Pts',(0.,35.9238335086553,7.11378321768292));
#1649=CARTESIAN_POINT('Ctrl Pts',(0.,35.2747151514144,6.97533663599817));
#1650=CARTESIAN_POINT('Ctrl Pts',(0.,34.6254597390418,6.83824127287952));
#1651=CARTESIAN_POINT('Ctrl Pts',(0.,33.9760680799847,6.70250220474673));
#1652=CARTESIAN_POINT('Ctrl Pts',(0.,33.326540961918,6.56812469001078));
#1653=CARTESIAN_POINT('Ctrl Pts',(0.,32.676879157104,6.43511407282164));
#1654=CARTESIAN_POINT('Ctrl Pts',(0.,32.0270834096491,6.30347611129425));
#1655=CARTESIAN_POINT('Ctrl Pts',(0.,31.3771544233269,6.17321729276004));
#1656=CARTESIAN_POINT('Ctrl Pts',(0.,30.7270928499902,6.04434513579511));
#1657=CARTESIAN_POINT('Ctrl Pts',(0.,30.07689927598,5.91686853914277));
#1658=CARTESIAN_POINT('Ctrl Pts',(0.,29.4265742145917,5.79079799029884));
#1659=CARTESIAN_POINT('Ctrl Pts',(0.,28.7761181386145,5.66614484358183));
#1660=CARTESIAN_POINT('Ctrl Pts',(0.,28.1255315101694,5.54292066114627));
#1661=CARTESIAN_POINT('Ctrl Pts',(0.,27.4748148087397,5.4211365969155));
#1662=CARTESIAN_POINT('Ctrl Pts',(0.,26.8239685667852,5.3008026034593));
#1663=CARTESIAN_POINT('Ctrl Pts',(0.,26.1729933816919,5.18192719273745));
#1664=CARTESIAN_POINT('Ctrl Pts',(0.,25.5218898383102,5.0645192891098));
#1665=CARTESIAN_POINT('Ctrl Pts',(0.,24.8706584405621,4.94858986976681));
#1666=CARTESIAN_POINT('Ctrl Pts',(0.,24.219299548731,4.83415347467709));
#1667=CARTESIAN_POINT('Ctrl Pts',(0.,23.5678132925452,4.72123027827049));
#1668=CARTESIAN_POINT('Ctrl Pts',(0.,22.9161995642653,4.60984630529804));
#1669=CARTESIAN_POINT('Ctrl Pts',(0.,22.2644582023825,4.50002922613614));
#1670=CARTESIAN_POINT('Ctrl Pts',(0.,21.6125891512676,4.39180470816776));
#1671=CARTESIAN_POINT('Ctrl Pts',(0.,20.9605926036528,4.28519317117686));
#1672=CARTESIAN_POINT('Ctrl Pts',(0.,20.308469214674,4.18020487020627));
#1673=CARTESIAN_POINT('Ctrl Pts',(0.,19.6562200652976,4.07684083519854));
#1674=CARTESIAN_POINT('Ctrl Pts',(0.,19.0038462312497,3.97510303280697));
#1675=CARTESIAN_POINT('Ctrl Pts',(0.,18.3513484094911,3.87500317822806));
#1676=CARTESIAN_POINT('Ctrl Pts',(0.,17.698726592958,3.77657043286632));
#1677=CARTESIAN_POINT('Ctrl Pts',(0.,17.0459795510858,3.67986360890145));
#1678=CARTESIAN_POINT('Ctrl Pts',(0.,16.3931050481041,3.58496624899161));
#1679=CARTESIAN_POINT('Ctrl Pts',(0.,15.7401008387282,3.49196366788531));
#1680=CARTESIAN_POINT('Ctrl Pts',(0.,15.0869655396325,3.40092286499464));
#1681=CARTESIAN_POINT('Ctrl Pts',(0.,14.4336993768452,3.3118753479016));
#1682=CARTESIAN_POINT('Ctrl Pts',(0.,13.7803054180861,3.2247886255422));
#1683=CARTESIAN_POINT('Ctrl Pts',(0.,13.1267887396372,3.13958594997519));
#1684=CARTESIAN_POINT('Ctrl Pts',(0.,12.4731541490167,3.05619982224085));
#1685=CARTESIAN_POINT('Ctrl Pts',(0.,11.8194041615087,2.97461951400241));
#1686=CARTESIAN_POINT('Ctrl Pts',(0.,11.1655372422076,2.89493251473806));
#1687=CARTESIAN_POINT('Ctrl Pts',(0.,10.5115450008809,2.81739012619378));
#1688=CARTESIAN_POINT('Ctrl Pts',(0.,9.85741472270626,2.74234988204663));
#1689=CARTESIAN_POINT('Ctrl Pts',(0.,9.20313433015125,2.67016174148905));
#1690=CARTESIAN_POINT('Ctrl Pts',(0.,8.54869677246561,2.601067694274));
#1691=CARTESIAN_POINT('Ctrl Pts',(0.,7.89410421061346,2.53510564516455));
#1692=CARTESIAN_POINT('Ctrl Pts',(0.,7.23937343690766,2.47198592417126));
#1693=CARTESIAN_POINT('Ctrl Pts',(0.,6.58453258194441,2.41116177861922));
#1694=CARTESIAN_POINT('Ctrl Pts',(0.,5.92961547407656,2.35195220576168));
#1695=CARTESIAN_POINT('Ctrl Pts',(0.,5.27465671090262,2.29364883017507));
#1696=CARTESIAN_POINT('Ctrl Pts',(0.,4.61968662697536,2.2356252973465));
#1697=CARTESIAN_POINT('Ctrl Pts',(0.,3.96472578953448,2.1774566437154));
#1698=CARTESIAN_POINT('Ctrl Pts',(0.,3.30978642455578,2.11889033043622));
#1699=CARTESIAN_POINT('Ctrl Pts',(0.,2.78585702926825,2.0716175195091));
#1700=CARTESIAN_POINT('Ctrl Pts',(0.,2.39292332548476,2.03590792789011));
#1701=CARTESIAN_POINT('Ctrl Pts',(0.,2.13097345344626,2.01198819787743));
#1702=CARTESIAN_POINT('Ctrl Pts',(0.,2.,1.99999999999999));
#1703=CARTESIAN_POINT('Origin',(0.,2.,30.));
#1704=CARTESIAN_POINT('Origin',(0.,2.,3.00000000000001));
#1705=CARTESIAN_POINT('',(0.,2.,57.));
#1706=CARTESIAN_POINT('Origin',(0.,2.,30.));
#1707=CARTESIAN_POINT('Origin',(0.,-4.,30.));
#1708=CARTESIAN_POINT('',(0.,-10.,57.));
#1709=CARTESIAN_POINT('',(0.,-4.,57.));
#1710=CARTESIAN_POINT('Origin',(0.,-10.,30.));
#1711=CARTESIAN_POINT('Origin',(0.,-10.,0.999999999999996));
#1712=CARTESIAN_POINT('',(0.,-10.,59.));
#1713=CARTESIAN_POINT('Origin',(0.,-10.,30.));
#1714=CARTESIAN_POINT('Origin',(0.,-5.,30.));
#1715=CARTESIAN_POINT('',(0.,0.,59.));
#1716=CARTESIAN_POINT('Origin',(0.,0.,30.));
#1717=CARTESIAN_POINT('',(0.,-5.,59.));
#1718=CARTESIAN_POINT('Origin',(0.,0.,0.));
#1719=CARTESIAN_POINT('',(0.,0.,0.));
#1720=CARTESIAN_POINT('Origin',(0.,0.,30.));
#1721=CARTESIAN_POINT('Ctrl Pts',(0.,100.,30.));
#1722=CARTESIAN_POINT('Ctrl Pts',(0.,100.,30.));
#1723=CARTESIAN_POINT('Ctrl Pts',(0.,100.,30.));
#1724=CARTESIAN_POINT('Ctrl Pts',(0.,100.,30.));
#1725=CARTESIAN_POINT('Ctrl Pts',(0.,100.,30.));
#1726=CARTESIAN_POINT('Ctrl Pts',(0.,100.,30.));
#1727=CARTESIAN_POINT('Ctrl Pts',(0.,100.,30.));
#1728=CARTESIAN_POINT('Ctrl Pts',(0.,100.,30.));
#1729=CARTESIAN_POINT('Ctrl Pts',(0.,100.,30.));
#1730=CARTESIAN_POINT('Ctrl Pts',(0.,99.8877686612804,29.872617515341));
#1731=CARTESIAN_POINT('Ctrl Pts',(-0.127382484658991,99.8877686612804,29.872617515341));
#1732=CARTESIAN_POINT('Ctrl Pts',(-0.127382484658991,99.8877686612804,30.));
#1733=CARTESIAN_POINT('Ctrl Pts',(-0.127382484658991,99.8877686612804,30.127382484659));
#1734=CARTESIAN_POINT('Ctrl Pts',(0.,99.8877686612804,30.127382484659));
#1735=CARTESIAN_POINT('Ctrl Pts',(0.127382484658991,99.8877686612804,30.127382484659));
#1736=CARTESIAN_POINT('Ctrl Pts',(0.127382484658991,99.8877686612804,30.));
#1737=CARTESIAN_POINT('Ctrl Pts',(0.127382484658991,99.8877686612804,29.872617515341));
#1738=CARTESIAN_POINT('Ctrl Pts',(0.,99.8877686612804,29.872617515341));
#1739=CARTESIAN_POINT('Ctrl Pts',(0.,99.662255042036,29.621450666226));
#1740=CARTESIAN_POINT('Ctrl Pts',(-0.37854933377405,99.662255042036,29.621450666226));
#1741=CARTESIAN_POINT('Ctrl Pts',(-0.37854933377405,99.662255042036,30.));
#1742=CARTESIAN_POINT('Ctrl Pts',(-0.37854933377405,99.662255042036,30.378549333774));
#1743=CARTESIAN_POINT('Ctrl Pts',(0.,99.662255042036,30.378549333774));
#1744=CARTESIAN_POINT('Ctrl Pts',(0.37854933377405,99.662255042036,30.378549333774));
#1745=CARTESIAN_POINT('Ctrl Pts',(0.37854933377405,99.662255042036,30.));
#1746=CARTESIAN_POINT('Ctrl Pts',(0.37854933377405,99.662255042036,29.621450666226));
#1747=CARTESIAN_POINT('Ctrl Pts',(0.,99.662255042036,29.621450666226));
#1748=CARTESIAN_POINT('Ctrl Pts',(0.,99.3208318014212,29.2554947093643));
#1749=CARTESIAN_POINT('Ctrl Pts',(-0.744505290635669,99.3208318014212,29.2554947093643));
#1750=CARTESIAN_POINT('Ctrl Pts',(-0.744505290635669,99.3208318014212,30.));
#1751=CARTESIAN_POINT('Ctrl Pts',(-0.744505290635669,99.3208318014212,30.7445052906357));
#1752=CARTESIAN_POINT('Ctrl Pts',(0.,99.3208318014212,30.7445052906357));
#1753=CARTESIAN_POINT('Ctrl Pts',(0.744505290635669,99.3208318014212,30.7445052906357));
#1754=CARTESIAN_POINT('Ctrl Pts',(0.744505290635669,99.3208318014212,30.));
#1755=CARTESIAN_POINT('Ctrl Pts',(0.744505290635669,99.3208318014212,29.2554947093643));
#1756=CARTESIAN_POINT('Ctrl Pts',(0.,99.3208318014212,29.2554947093643));
#1757=CARTESIAN_POINT('Ctrl Pts',(0.,98.8592946157236,28.7891440088399));
#1758=CARTESIAN_POINT('Ctrl Pts',(-1.21085599116012,98.8592946157236,28.7891440088399));
#1759=CARTESIAN_POINT('Ctrl Pts',(-1.21085599116012,98.8592946157236,30.));
#1760=CARTESIAN_POINT('Ctrl Pts',(-1.21085599116012,98.8592946157236,31.2108559911601));
#1761=CARTESIAN_POINT('Ctrl Pts',(0.,98.8592946157236,31.2108559911601));
#1762=CARTESIAN_POINT('Ctrl Pts',(1.21085599116012,98.8592946157236,31.2108559911601));
#1763=CARTESIAN_POINT('Ctrl Pts',(1.21085599116012,98.8592946157236,30.));
#1764=CARTESIAN_POINT('Ctrl Pts',(1.21085599116012,98.8592946157236,28.7891440088399));
#1765=CARTESIAN_POINT('Ctrl Pts',(0.,98.8592946157236,28.7891440088399));
#1766=CARTESIAN_POINT('Ctrl Pts',(0.,98.2719320474763,28.2419675217096));
#1767=CARTESIAN_POINT('Ctrl Pts',(-1.75803247829045,98.2719320474763,28.2419675217096));
#1768=CARTESIAN_POINT('Ctrl Pts',(-1.75803247829045,98.2719320474763,30.));
#1769=CARTESIAN_POINT('Ctrl Pts',(-1.75803247829045,98.2719320474763,31.7580324782904));
#1770=CARTESIAN_POINT('Ctrl Pts',(0.,98.2719320474763,31.7580324782904));
#1771=CARTESIAN_POINT('Ctrl Pts',(1.75803247829045,98.2719320474763,31.7580324782904));
#1772=CARTESIAN_POINT('Ctrl Pts',(1.75803247829045,98.2719320474763,30.));
#1773=CARTESIAN_POINT('Ctrl Pts',(1.75803247829045,98.2719320474763,28.2419675217096));
#1774=CARTESIAN_POINT('Ctrl Pts',(0.,98.2719320474763,28.2419675217096));
#1775=CARTESIAN_POINT('Ctrl Pts',(0.,97.6743384985192,27.7298771081308));
#1776=CARTESIAN_POINT('Ctrl Pts',(-2.27012289186921,97.6743384985192,27.7298771081308));
#1777=CARTESIAN_POINT('Ctrl Pts',(-2.27012289186921,97.6743384985192,30.));
#1778=CARTESIAN_POINT('Ctrl Pts',(-2.27012289186921,97.6743384985192,32.2701228918692));
#1779=CARTESIAN_POINT('Ctrl Pts',(0.,97.6743384985192,32.2701228918692));
#1780=CARTESIAN_POINT('Ctrl Pts',(2.27012289186921,97.6743384985192,32.2701228918692));
#1781=CARTESIAN_POINT('Ctrl Pts',(2.27012289186921,97.6743384985192,30.));
#1782=CARTESIAN_POINT('Ctrl Pts',(2.27012289186921,97.6743384985192,27.7298771081308));
#1783=CARTESIAN_POINT('Ctrl Pts',(0.,97.6743384985192,27.7298771081308));
#1784=CARTESIAN_POINT('Ctrl Pts',(0.,97.066941526425,27.2514968438013));
#1785=CARTESIAN_POINT('Ctrl Pts',(-2.74850315619866,97.066941526425,27.2514968438013));
#1786=CARTESIAN_POINT('Ctrl Pts',(-2.74850315619866,97.066941526425,30.));
#1787=CARTESIAN_POINT('Ctrl Pts',(-2.74850315619866,97.066941526425,32.7485031561987));
#1788=CARTESIAN_POINT('Ctrl Pts',(0.,97.066941526425,32.7485031561987));
#1789=CARTESIAN_POINT('Ctrl Pts',(2.74850315619866,97.066941526425,32.7485031561987));
#1790=CARTESIAN_POINT('Ctrl Pts',(2.74850315619866,97.066941526425,30.));
#1791=CARTESIAN_POINT('Ctrl Pts',(2.74850315619866,97.066941526425,27.2514968438013));
#1792=CARTESIAN_POINT('Ctrl Pts',(0.,97.066941526425,27.2514968438013));
#1793=CARTESIAN_POINT('Ctrl Pts',(0.,96.4504486240409,26.8045492045283));
#1794=CARTESIAN_POINT('Ctrl Pts',(-3.1954507954717,96.4504486240409,26.8045492045283));
#1795=CARTESIAN_POINT('Ctrl Pts',(-3.19545079547171,96.4504486240409,30.));
#1796=CARTESIAN_POINT('Ctrl Pts',(-3.19545079547171,96.4504486240409,33.1954507954717));
#1797=CARTESIAN_POINT('Ctrl Pts',(0.,96.4504486240409,33.1954507954717));
#1798=CARTESIAN_POINT('Ctrl Pts',(3.1954507954717,96.4504486240409,33.1954507954717));
#1799=CARTESIAN_POINT('Ctrl Pts',(3.19545079547171,96.4504486240409,30.));
#1800=CARTESIAN_POINT('Ctrl Pts',(3.19545079547171,96.4504486240409,26.8045492045283));
#1801=CARTESIAN_POINT('Ctrl Pts',(0.,96.4504486240409,26.8045492045283));
#1802=CARTESIAN_POINT('Ctrl Pts',(0.,95.825943585658,26.3855449955496));
#1803=CARTESIAN_POINT('Ctrl Pts',(-3.61445500445037,95.825943585658,26.3855449955496));
#1804=CARTESIAN_POINT('Ctrl Pts',(-3.61445500445037,95.825943585658,30.));
#1805=CARTESIAN_POINT('Ctrl Pts',(-3.61445500445037,95.825943585658,33.6144550044504));
#1806=CARTESIAN_POINT('Ctrl Pts',(0.,95.825943585658,33.6144550044504));
#1807=CARTESIAN_POINT('Ctrl Pts',(3.61445500445037,95.825943585658,33.6144550044504));
#1808=CARTESIAN_POINT('Ctrl Pts',(3.61445500445037,95.825943585658,30.));
#1809=CARTESIAN_POINT('Ctrl Pts',(3.61445500445037,95.825943585658,26.3855449955496));
#1810=CARTESIAN_POINT('Ctrl Pts',(0.,95.825943585658,26.3855449955496));
#1811=CARTESIAN_POINT('Ctrl Pts',(0.,95.1948744846782,25.9898206136351));
#1812=CARTESIAN_POINT('Ctrl Pts',(-4.0101793863649,95.1948744846782,25.9898206136351));
#1813=CARTESIAN_POINT('Ctrl Pts',(-4.0101793863649,95.1948744846782,30.));
#1814=CARTESIAN_POINT('Ctrl Pts',(-4.0101793863649,95.1948744846782,34.0101793863649));
#1815=CARTESIAN_POINT('Ctrl Pts',(0.,95.1948744846782,34.0101793863649));
#1816=CARTESIAN_POINT('Ctrl Pts',(4.0101793863649,95.1948744846782,34.0101793863649));
#1817=CARTESIAN_POINT('Ctrl Pts',(4.0101793863649,95.1948744846782,30.));
#1818=CARTESIAN_POINT('Ctrl Pts',(4.0101793863649,95.1948744846782,25.9898206136351));
#1819=CARTESIAN_POINT('Ctrl Pts',(0.,95.1948744846782,25.9898206136351));
#1820=CARTESIAN_POINT('Ctrl Pts',(0.,94.5588380521801,25.6122277759689));
#1821=CARTESIAN_POINT('Ctrl Pts',(-4.38777222403109,94.5588380521801,25.6122277759689));
#1822=CARTESIAN_POINT('Ctrl Pts',(-4.3877722240311,94.5588380521801,30.));
#1823=CARTESIAN_POINT('Ctrl Pts',(-4.3877722240311,94.5588380521801,34.3877722240311));
#1824=CARTESIAN_POINT('Ctrl Pts',(0.,94.5588380521801,34.3877722240311));
#1825=CARTESIAN_POINT('Ctrl Pts',(4.38777222403109,94.5588380521801,34.3877722240311));
#1826=CARTESIAN_POINT('Ctrl Pts',(4.3877722240311,94.5588380521801,30.));
#1827=CARTESIAN_POINT('Ctrl Pts',(4.3877722240311,94.5588380521801,25.6122277759689));
#1828=CARTESIAN_POINT('Ctrl Pts',(0.,94.5588380521801,25.6122277759689));
#1829=CARTESIAN_POINT('Ctrl Pts',(0.,93.9194067826091,25.2476862866342));
#1830=CARTESIAN_POINT('Ctrl Pts',(-4.75231371336577,93.9194067826091,25.2476862866342));
#1831=CARTESIAN_POINT('Ctrl Pts',(-4.75231371336577,93.9194067826091,30.));
#1832=CARTESIAN_POINT('Ctrl Pts',(-4.75231371336577,93.9194067826091,34.7523137133658));
#1833=CARTESIAN_POINT('Ctrl Pts',(0.,93.9194067826091,34.7523137133658));
#1834=CARTESIAN_POINT('Ctrl Pts',(4.75231371336577,93.9194067826091,34.7523137133658));
#1835=CARTESIAN_POINT('Ctrl Pts',(4.75231371336577,93.9194067826091,30.));
#1836=CARTESIAN_POINT('Ctrl Pts',(4.75231371336577,93.9194067826091,25.2476862866342));
#1837=CARTESIAN_POINT('Ctrl Pts',(0.,93.9194067826091,25.2476862866342));
#1838=CARTESIAN_POINT('Ctrl Pts',(0.,93.2779425423948,24.8917801388735));
#1839=CARTESIAN_POINT('Ctrl Pts',(-5.10821986112646,93.2779425423948,24.8917801388735));
#1840=CARTESIAN_POINT('Ctrl Pts',(-5.10821986112646,93.2779425423948,30.));
#1841=CARTESIAN_POINT('Ctrl Pts',(-5.10821986112646,93.2779425423948,35.1082198611265));
#1842=CARTESIAN_POINT('Ctrl Pts',(0.,93.2779425423948,35.1082198611265));
#1843=CARTESIAN_POINT('Ctrl Pts',(5.10821986112646,93.2779425423948,35.1082198611265));
#1844=CARTESIAN_POINT('Ctrl Pts',(5.10821986112646,93.2779425423948,30.));
#1845=CARTESIAN_POINT('Ctrl Pts',(5.10821986112646,93.2779425423948,24.8917801388735));
#1846=CARTESIAN_POINT('Ctrl Pts',(0.,93.2779425423948,24.8917801388735));
#1847=CARTESIAN_POINT('Ctrl Pts',(0.,92.6354074208791,24.5413622485653));
#1848=CARTESIAN_POINT('Ctrl Pts',(-5.45863775143472,92.6354074208791,24.5413622485653));
#1849=CARTESIAN_POINT('Ctrl Pts',(-5.45863775143472,92.6354074208791,30.));
#1850=CARTESIAN_POINT('Ctrl Pts',(-5.45863775143472,92.6354074208791,35.4586377514347));
#1851=CARTESIAN_POINT('Ctrl Pts',(0.,92.6354074208791,35.4586377514347));
#1852=CARTESIAN_POINT('Ctrl Pts',(5.45863775143472,92.6354074208791,35.4586377514347));
#1853=CARTESIAN_POINT('Ctrl Pts',(5.45863775143472,92.6354074208791,30.));
#1854=CARTESIAN_POINT('Ctrl Pts',(5.45863775143472,92.6354074208791,24.5413622485653));
#1855=CARTESIAN_POINT('Ctrl Pts',(0.,92.6354074208791,24.5413622485653));
#1856=CARTESIAN_POINT('Ctrl Pts',(0.,91.9922000201032,24.1950782299065));
#1857=CARTESIAN_POINT('Ctrl Pts',(-5.80492177009345,91.9922000201032,24.1950782299065));
#1858=CARTESIAN_POINT('Ctrl Pts',(-5.80492177009345,91.9922000201032,30.));
#1859=CARTESIAN_POINT('Ctrl Pts',(-5.80492177009345,91.9922000201032,35.8049217700935));
#1860=CARTESIAN_POINT('Ctrl Pts',(0.,91.9922000201032,35.8049217700935));
#1861=CARTESIAN_POINT('Ctrl Pts',(5.80492177009345,91.9922000201032,35.8049217700935));
#1862=CARTESIAN_POINT('Ctrl Pts',(5.80492177009345,91.9922000201032,30.));
#1863=CARTESIAN_POINT('Ctrl Pts',(5.80492177009345,91.9922000201032,24.1950782299065));
#1864=CARTESIAN_POINT('Ctrl Pts',(0.,91.9922000201032,24.1950782299065));
#1865=CARTESIAN_POINT('Ctrl Pts',(0.,91.3483263722333,23.8528244331869));
#1866=CARTESIAN_POINT('Ctrl Pts',(-6.14717556681311,91.3483263722333,23.8528244331869));
#1867=CARTESIAN_POINT('Ctrl Pts',(-6.14717556681311,91.3483263722333,30.));
#1868=CARTESIAN_POINT('Ctrl Pts',(-6.14717556681311,91.3483263722333,36.1471755668131));
#1869=CARTESIAN_POINT('Ctrl Pts',(0.,91.3483263722333,36.1471755668131));
#1870=CARTESIAN_POINT('Ctrl Pts',(6.14717556681311,91.3483263722333,36.1471755668131));
#1871=CARTESIAN_POINT('Ctrl Pts',(6.14717556681311,91.3483263722333,30.));
#1872=CARTESIAN_POINT('Ctrl Pts',(6.14717556681311,91.3483263722333,23.8528244331869));
#1873=CARTESIAN_POINT('Ctrl Pts',(0.,91.3483263722333,23.8528244331869));
#1874=CARTESIAN_POINT('Ctrl Pts',(0.,90.7035456033921,23.5152864000916));
#1875=CARTESIAN_POINT('Ctrl Pts',(-6.48471359990839,90.7035456033921,23.5152864000916));
#1876=CARTESIAN_POINT('Ctrl Pts',(-6.4847135999084,90.7035456033921,30.));
#1877=CARTESIAN_POINT('Ctrl Pts',(-6.4847135999084,90.7035456033921,36.4847135999084));
#1878=CARTESIAN_POINT('Ctrl Pts',(0.,90.7035456033921,36.4847135999084));
#1879=CARTESIAN_POINT('Ctrl Pts',(6.48471359990839,90.7035456033921,36.4847135999084));
#1880=CARTESIAN_POINT('Ctrl Pts',(6.4847135999084,90.7035456033921,30.));
#1881=CARTESIAN_POINT('Ctrl Pts',(6.4847135999084,90.7035456033921,23.5152864000916));
#1882=CARTESIAN_POINT('Ctrl Pts',(0.,90.7035456033921,23.5152864000916));
#1883=CARTESIAN_POINT('Ctrl Pts',(0.,90.0575272565411,23.1834402323346));
#1884=CARTESIAN_POINT('Ctrl Pts',(-6.81655976766544,90.0575272565411,23.1834402323346));
#1885=CARTESIAN_POINT('Ctrl Pts',(-6.81655976766544,90.0575272565411,30.));
#1886=CARTESIAN_POINT('Ctrl Pts',(-6.81655976766544,90.0575272565411,36.8165597676654));
#1887=CARTESIAN_POINT('Ctrl Pts',(0.,90.0575272565411,36.8165597676654));
#1888=CARTESIAN_POINT('Ctrl Pts',(6.81655976766544,90.0575272565411,36.8165597676654));
#1889=CARTESIAN_POINT('Ctrl Pts',(6.81655976766544,90.0575272565411,30.));
#1890=CARTESIAN_POINT('Ctrl Pts',(6.81655976766544,90.0575272565411,23.1834402323346));
#1891=CARTESIAN_POINT('Ctrl Pts',(0.,90.0575272565411,23.1834402323346));
#1892=CARTESIAN_POINT('Ctrl Pts',(0.,89.4099987336593,22.8580853135375));
#1893=CARTESIAN_POINT('Ctrl Pts',(-7.14191468646248,89.4099987336593,22.8580853135375));
#1894=CARTESIAN_POINT('Ctrl Pts',(-7.14191468646248,89.4099987336593,30.));
#1895=CARTESIAN_POINT('Ctrl Pts',(-7.14191468646248,89.4099987336593,37.1419146864625));
#1896=CARTESIAN_POINT('Ctrl Pts',(0.,89.4099987336593,37.1419146864625));
#1897=CARTESIAN_POINT('Ctrl Pts',(7.14191468646248,89.4099987336593,37.1419146864625));
#1898=CARTESIAN_POINT('Ctrl Pts',(7.14191468646248,89.4099987336593,30.));
#1899=CARTESIAN_POINT('Ctrl Pts',(7.14191468646248,89.4099987336593,22.8580853135375));
#1900=CARTESIAN_POINT('Ctrl Pts',(0.,89.4099987336593,22.8580853135375));
#1901=CARTESIAN_POINT('Ctrl Pts',(0.,88.7609100844259,22.5393220952741));
#1902=CARTESIAN_POINT('Ctrl Pts',(-7.46067790472591,88.7609100844259,22.5393220952741));
#1903=CARTESIAN_POINT('Ctrl Pts',(-7.46067790472591,88.7609100844259,30.));
#1904=CARTESIAN_POINT('Ctrl Pts',(-7.46067790472591,88.7609100844259,37.4606779047259));
#1905=CARTESIAN_POINT('Ctrl Pts',(0.,88.7609100844259,37.4606779047259));
#1906=CARTESIAN_POINT('Ctrl Pts',(7.46067790472591,88.7609100844259,37.4606779047259));
#1907=CARTESIAN_POINT('Ctrl Pts',(7.46067790472591,88.7609100844259,30.));
#1908=CARTESIAN_POINT('Ctrl Pts',(7.46067790472591,88.7609100844259,22.5393220952741));
#1909=CARTESIAN_POINT('Ctrl Pts',(0.,88.7609100844259,22.5393220952741));
#1910=CARTESIAN_POINT('Ctrl Pts',(0.,88.1103818739651,22.226716477446));
#1911=CARTESIAN_POINT('Ctrl Pts',(-7.77328352255402,88.1103818739651,22.226716477446));
#1912=CARTESIAN_POINT('Ctrl Pts',(-7.77328352255403,88.1103818739651,30.));
#1913=CARTESIAN_POINT('Ctrl Pts',(-7.77328352255403,88.1103818739651,37.773283522554));
#1914=CARTESIAN_POINT('Ctrl Pts',(0.,88.1103818739651,37.773283522554));
#1915=CARTESIAN_POINT('Ctrl Pts',(7.77328352255402,88.1103818739651,37.773283522554));
#1916=CARTESIAN_POINT('Ctrl Pts',(7.77328352255403,88.1103818739651,30.));
#1917=CARTESIAN_POINT('Ctrl Pts',(7.77328352255403,88.1103818739651,22.226716477446));
#1918=CARTESIAN_POINT('Ctrl Pts',(0.,88.1103818739651,22.226716477446));
#1919=CARTESIAN_POINT('Ctrl Pts',(0.,87.4586351591654,21.9195208167671));
#1920=CARTESIAN_POINT('Ctrl Pts',(-8.08047918323294,87.4586351591654,21.9195208167671));
#1921=CARTESIAN_POINT('Ctrl Pts',(-8.08047918323295,87.4586351591654,30.));
#1922=CARTESIAN_POINT('Ctrl Pts',(-8.08047918323294,87.4586351591654,38.0804791832329));
#1923=CARTESIAN_POINT('Ctrl Pts',(0.,87.4586351591654,38.080479183233));
#1924=CARTESIAN_POINT('Ctrl Pts',(8.08047918323294,87.4586351591654,38.0804791832329));
#1925=CARTESIAN_POINT('Ctrl Pts',(8.08047918323295,87.4586351591654,30.));
#1926=CARTESIAN_POINT('Ctrl Pts',(8.08047918323294,87.4586351591654,21.9195208167671));
#1927=CARTESIAN_POINT('Ctrl Pts',(0.,87.4586351591654,21.9195208167671));
#1928=CARTESIAN_POINT('Ctrl Pts',(0.,86.8059260075098,21.6168805489751));
#1929=CARTESIAN_POINT('Ctrl Pts',(-8.38311945102492,86.8059260075098,21.6168805489751));
#1930=CARTESIAN_POINT('Ctrl Pts',(-8.38311945102492,86.8059260075098,30.));
#1931=CARTESIAN_POINT('Ctrl Pts',(-8.38311945102492,86.8059260075098,38.3831194510249));
#1932=CARTESIAN_POINT('Ctrl Pts',(0.,86.8059260075098,38.3831194510249));
#1933=CARTESIAN_POINT('Ctrl Pts',(8.38311945102492,86.8059260075098,38.3831194510249));
#1934=CARTESIAN_POINT('Ctrl Pts',(8.38311945102492,86.8059260075098,30.));
#1935=CARTESIAN_POINT('Ctrl Pts',(8.38311945102492,86.8059260075098,21.6168805489751));
#1936=CARTESIAN_POINT('Ctrl Pts',(0.,86.8059260075098,21.6168805489751));
#1937=CARTESIAN_POINT('Ctrl Pts',(0.,86.1524824419617,21.3180331596425));
#1938=CARTESIAN_POINT('Ctrl Pts',(-8.68196684035752,86.1524824419617,21.3180331596425));
#1939=CARTESIAN_POINT('Ctrl Pts',(-8.68196684035753,86.1524824419617,30.));
#1940=CARTESIAN_POINT('Ctrl Pts',(-8.68196684035752,86.1524824419617,38.6819668403575));
#1941=CARTESIAN_POINT('Ctrl Pts',(0.,86.1524824419617,38.6819668403575));
#1942=CARTESIAN_POINT('Ctrl Pts',(8.68196684035752,86.1524824419617,38.6819668403575));
#1943=CARTESIAN_POINT('Ctrl Pts',(8.68196684035753,86.1524824419617,30.));
#1944=CARTESIAN_POINT('Ctrl Pts',(8.68196684035752,86.1524824419617,21.3180331596425));
#1945=CARTESIAN_POINT('Ctrl Pts',(0.,86.1524824419617,21.3180331596425));
#1946=CARTESIAN_POINT('Ctrl Pts',(0.,85.4984291307904,21.0225458728561));
#1947=CARTESIAN_POINT('Ctrl Pts',(-8.97745412714393,85.4984291307904,21.0225458728561));
#1948=CARTESIAN_POINT('Ctrl Pts',(-8.97745412714393,85.4984291307904,30.));
#1949=CARTESIAN_POINT('Ctrl Pts',(-8.97745412714393,85.4984291307904,38.9774541271439));
#1950=CARTESIAN_POINT('Ctrl Pts',(0.,85.4984291307904,38.9774541271439));
#1951=CARTESIAN_POINT('Ctrl Pts',(8.97745412714393,85.4984291307904,38.9774541271439));
#1952=CARTESIAN_POINT('Ctrl Pts',(8.97745412714393,85.4984291307904,30.));
#1953=CARTESIAN_POINT('Ctrl Pts',(8.97745412714393,85.4984291307904,21.0225458728561));
#1954=CARTESIAN_POINT('Ctrl Pts',(0.,85.4984291307904,21.0225458728561));
#1955=CARTESIAN_POINT('Ctrl Pts',(0.,84.843800352799,20.730274411939));
#1956=CARTESIAN_POINT('Ctrl Pts',(-9.26972558806105,84.843800352799,20.730274411939));
#1957=CARTESIAN_POINT('Ctrl Pts',(-9.26972558806105,84.843800352799,30.));
#1958=CARTESIAN_POINT('Ctrl Pts',(-9.26972558806105,84.843800352799,39.269725588061));
#1959=CARTESIAN_POINT('Ctrl Pts',(0.,84.843800352799,39.269725588061));
#1960=CARTESIAN_POINT('Ctrl Pts',(9.26972558806105,84.843800352799,39.269725588061));
#1961=CARTESIAN_POINT('Ctrl Pts',(9.26972558806105,84.843800352799,30.));
#1962=CARTESIAN_POINT('Ctrl Pts',(9.26972558806105,84.843800352799,20.730274411939));
#1963=CARTESIAN_POINT('Ctrl Pts',(0.,84.843800352799,20.730274411939));
#1964=CARTESIAN_POINT('Ctrl Pts',(0.,84.188575252576,20.4412513301538));
#1965=CARTESIAN_POINT('Ctrl Pts',(-9.55874866984623,84.188575252576,20.4412513301538));
#1966=CARTESIAN_POINT('Ctrl Pts',(-9.55874866984623,84.188575252576,30.));
#1967=CARTESIAN_POINT('Ctrl Pts',(-9.55874866984623,84.188575252576,39.5587486698462));
#1968=CARTESIAN_POINT('Ctrl Pts',(0.,84.188575252576,39.5587486698462));
#1969=CARTESIAN_POINT('Ctrl Pts',(9.55874866984623,84.188575252576,39.5587486698462));
#1970=CARTESIAN_POINT('Ctrl Pts',(9.55874866984623,84.188575252576,30.));
#1971=CARTESIAN_POINT('Ctrl Pts',(9.55874866984623,84.188575252576,20.4412513301538));
#1972=CARTESIAN_POINT('Ctrl Pts',(0.,84.188575252576,20.4412513301538));
#1973=CARTESIAN_POINT('Ctrl Pts',(0.,83.5327065271529,20.1555950923206));
#1974=CARTESIAN_POINT('Ctrl Pts',(-9.84440490767938,83.5327065271529,20.1555950923206));
#1975=CARTESIAN_POINT('Ctrl Pts',(-9.84440490767938,83.5327065271529,30.));
#1976=CARTESIAN_POINT('Ctrl Pts',(-9.84440490767938,83.5327065271529,39.8444049076794));
#1977=CARTESIAN_POINT('Ctrl Pts',(0.,83.5327065271529,39.8444049076794));
#1978=CARTESIAN_POINT('Ctrl Pts',(9.84440490767938,83.5327065271529,39.8444049076794));
#1979=CARTESIAN_POINT('Ctrl Pts',(9.84440490767938,83.5327065271529,30.));
#1980=CARTESIAN_POINT('Ctrl Pts',(9.84440490767938,83.5327065271529,20.1555950923206));
#1981=CARTESIAN_POINT('Ctrl Pts',(0.,83.5327065271529,20.1555950923206));
#1982=CARTESIAN_POINT('Ctrl Pts',(0.,82.8761495149259,19.8734178971094));
#1983=CARTESIAN_POINT('Ctrl Pts',(-10.1265821028906,82.8761495149259,19.8734178971094));
#1984=CARTESIAN_POINT('Ctrl Pts',(-10.1265821028906,82.8761495149259,30.));
#1985=CARTESIAN_POINT('Ctrl Pts',(-10.1265821028906,82.8761495149259,40.1265821028906));
#1986=CARTESIAN_POINT('Ctrl Pts',(0.,82.8761495149259,40.1265821028906));
#1987=CARTESIAN_POINT('Ctrl Pts',(10.1265821028906,82.8761495149259,40.1265821028906));
#1988=CARTESIAN_POINT('Ctrl Pts',(10.1265821028906,82.8761495149259,30.));
#1989=CARTESIAN_POINT('Ctrl Pts',(10.1265821028906,82.8761495149259,19.8734178971094));
#1990=CARTESIAN_POINT('Ctrl Pts',(0.,82.8761495149259,19.8734178971094));
#1991=CARTESIAN_POINT('Ctrl Pts',(0.,82.2188970550242,19.5947152366655));
#1992=CARTESIAN_POINT('Ctrl Pts',(-10.4052847633345,82.2188970550242,19.5947152366655));
#1993=CARTESIAN_POINT('Ctrl Pts',(-10.4052847633345,82.2188970550242,30.));
#1994=CARTESIAN_POINT('Ctrl Pts',(-10.4052847633345,82.2188970550242,40.4052847633345));
#1995=CARTESIAN_POINT('Ctrl Pts',(0.,82.2188970550242,40.4052847633345));
#1996=CARTESIAN_POINT('Ctrl Pts',(10.4052847633345,82.2188970550242,40.4052847633345));
#1997=CARTESIAN_POINT('Ctrl Pts',(10.4052847633345,82.2188970550242,30.));
#1998=CARTESIAN_POINT('Ctrl Pts',(10.4052847633345,82.2188970550242,19.5947152366655));
#1999=CARTESIAN_POINT('Ctrl Pts',(0.,82.2188970550242,19.5947152366655));
#2000=CARTESIAN_POINT('Ctrl Pts',(0.,81.5609786155004,19.3193685091334));
#2001=CARTESIAN_POINT('Ctrl Pts',(-10.6806314908666,81.5609786155004,19.3193685091334));
#2002=CARTESIAN_POINT('Ctrl Pts',(-10.6806314908666,81.5609786155004,30.));
#2003=CARTESIAN_POINT('Ctrl Pts',(-10.6806314908666,81.5609786155004,40.6806314908666));
#2004=CARTESIAN_POINT('Ctrl Pts',(0.,81.5609786155004,40.6806314908666));
#2005=CARTESIAN_POINT('Ctrl Pts',(10.6806314908666,81.5609786155004,40.6806314908666));
#2006=CARTESIAN_POINT('Ctrl Pts',(10.6806314908666,81.5609786155004,30.));
#2007=CARTESIAN_POINT('Ctrl Pts',(10.6806314908666,81.5609786155004,19.3193685091334));
#2008=CARTESIAN_POINT('Ctrl Pts',(0.,81.5609786155004,19.3193685091334));
#2009=CARTESIAN_POINT('Ctrl Pts',(0.,80.9024442330871,19.047195686414));
#2010=CARTESIAN_POINT('Ctrl Pts',(-10.952804313586,80.9024442330871,19.047195686414));
#2011=CARTESIAN_POINT('Ctrl Pts',(-10.952804313586,80.9024442330871,30.));
#2012=CARTESIAN_POINT('Ctrl Pts',(-10.952804313586,80.9024442330871,40.952804313586));
#2013=CARTESIAN_POINT('Ctrl Pts',(0.,80.9024442330871,40.952804313586));
#2014=CARTESIAN_POINT('Ctrl Pts',(10.952804313586,80.9024442330871,40.952804313586));
#2015=CARTESIAN_POINT('Ctrl Pts',(10.952804313586,80.9024442330871,30.));
#2016=CARTESIAN_POINT('Ctrl Pts',(10.952804313586,80.9024442330871,19.047195686414));
#2017=CARTESIAN_POINT('Ctrl Pts',(0.,80.9024442330871,19.047195686414));
#2018=CARTESIAN_POINT('Ctrl Pts',(0.,80.2433528966778,18.7779879201486));
#2019=CARTESIAN_POINT('Ctrl Pts',(-11.2220120798514,80.2433528966778,18.7779879201486));
#2020=CARTESIAN_POINT('Ctrl Pts',(-11.2220120798514,80.2433528966778,30.));
#2021=CARTESIAN_POINT('Ctrl Pts',(-11.2220120798514,80.2433528966778,41.2220120798514));
#2022=CARTESIAN_POINT('Ctrl Pts',(0.,80.2433528966778,41.2220120798514));
#2023=CARTESIAN_POINT('Ctrl Pts',(11.2220120798514,80.2433528966778,41.2220120798514));
#2024=CARTESIAN_POINT('Ctrl Pts',(11.2220120798514,80.2433528966778,30.));
#2025=CARTESIAN_POINT('Ctrl Pts',(11.2220120798514,80.2433528966778,18.7779879201486));
#2026=CARTESIAN_POINT('Ctrl Pts',(0.,80.2433528966778,18.7779879201486));
#2027=CARTESIAN_POINT('Ctrl Pts',(0.,79.5837601539385,18.5115486117434));
#2028=CARTESIAN_POINT('Ctrl Pts',(-11.4884513882566,79.5837601539385,18.5115486117434));
#2029=CARTESIAN_POINT('Ctrl Pts',(-11.4884513882566,79.5837601539385,30.));
#2030=CARTESIAN_POINT('Ctrl Pts',(-11.4884513882566,79.5837601539385,41.4884513882566));
#2031=CARTESIAN_POINT('Ctrl Pts',(0.,79.5837601539385,41.4884513882566));
#2032=CARTESIAN_POINT('Ctrl Pts',(11.4884513882566,79.5837601539385,41.4884513882566));
#2033=CARTESIAN_POINT('Ctrl Pts',(11.4884513882566,79.5837601539385,30.));
#2034=CARTESIAN_POINT('Ctrl Pts',(11.4884513882566,79.5837601539385,18.5115486117434));
#2035=CARTESIAN_POINT('Ctrl Pts',(0.,79.5837601539385,18.5115486117434));
#2036=CARTESIAN_POINT('Ctrl Pts',(0.,78.9237033678707,18.2477399022723));
#2037=CARTESIAN_POINT('Ctrl Pts',(-11.7522600977277,78.9237033678707,18.2477399022723));
#2038=CARTESIAN_POINT('Ctrl Pts',(-11.7522600977277,78.9237033678707,30.));
#2039=CARTESIAN_POINT('Ctrl Pts',(-11.7522600977277,78.9237033678707,41.7522600977277));
#2040=CARTESIAN_POINT('Ctrl Pts',(0.,78.9237033678707,41.7522600977277));
#2041=CARTESIAN_POINT('Ctrl Pts',(11.7522600977277,78.9237033678707,41.7522600977277));
#2042=CARTESIAN_POINT('Ctrl Pts',(11.7522600977277,78.9237033678707,30.));
#2043=CARTESIAN_POINT('Ctrl Pts',(11.7522600977277,78.9237033678707,18.2477399022723));
#2044=CARTESIAN_POINT('Ctrl Pts',(0.,78.9237033678707,18.2477399022723));
#2045=CARTESIAN_POINT('Ctrl Pts',(0.,78.2632009812623,17.9864849118247));
#2046=CARTESIAN_POINT('Ctrl Pts',(-12.0135150881753,78.2632009812623,17.9864849118247));
#2047=CARTESIAN_POINT('Ctrl Pts',(-12.0135150881753,78.2632009812623,30.));
#2048=CARTESIAN_POINT('Ctrl Pts',(-12.0135150881753,78.2632009812623,42.0135150881753));
#2049=CARTESIAN_POINT('Ctrl Pts',(0.,78.2632009812623,42.0135150881753));
#2050=CARTESIAN_POINT('Ctrl Pts',(12.0135150881753,78.2632009812623,42.0135150881753));
#2051=CARTESIAN_POINT('Ctrl Pts',(12.0135150881753,78.2632009812623,30.));
#2052=CARTESIAN_POINT('Ctrl Pts',(12.0135150881753,78.2632009812623,17.9864849118247));
#2053=CARTESIAN_POINT('Ctrl Pts',(0.,78.2632009812623,17.9864849118247));
#2054=CARTESIAN_POINT('Ctrl Pts',(0.,77.6022600037081,17.7277440028797));
#2055=CARTESIAN_POINT('Ctrl Pts',(-12.2722559971202,77.6022600037081,17.7277440028797));
#2056=CARTESIAN_POINT('Ctrl Pts',(-12.2722559971203,77.6022600037081,30.));
#2057=CARTESIAN_POINT('Ctrl Pts',(-12.2722559971203,77.6022600037081,42.2722559971202));
#2058=CARTESIAN_POINT('Ctrl Pts',(0.,77.6022600037081,42.2722559971203));
#2059=CARTESIAN_POINT('Ctrl Pts',(12.2722559971202,77.6022600037081,42.2722559971203));
#2060=CARTESIAN_POINT('Ctrl Pts',(12.2722559971203,77.6022600037081,30.));
#2061=CARTESIAN_POINT('Ctrl Pts',(12.2722559971203,77.6022600037081,17.7277440028798));
#2062=CARTESIAN_POINT('Ctrl Pts',(0.,77.6022600037081,17.7277440028797));
#2063=CARTESIAN_POINT('Ctrl Pts',(0.,76.9408811657972,17.4714984121367));
#2064=CARTESIAN_POINT('Ctrl Pts',(-12.5285015878633,76.9408811657972,17.4714984121367));
#2065=CARTESIAN_POINT('Ctrl Pts',(-12.5285015878633,76.9408811657972,30.));
#2066=CARTESIAN_POINT('Ctrl Pts',(-12.5285015878633,76.9408811657972,42.5285015878633));
#2067=CARTESIAN_POINT('Ctrl Pts',(0.,76.9408811657972,42.5285015878633));
#2068=CARTESIAN_POINT('Ctrl Pts',(12.5285015878633,76.9408811657972,42.5285015878633));
#2069=CARTESIAN_POINT('Ctrl Pts',(12.5285015878633,76.9408811657972,30.));
#2070=CARTESIAN_POINT('Ctrl Pts',(12.5285015878633,76.9408811657972,17.4714984121367));
#2071=CARTESIAN_POINT('Ctrl Pts',(0.,76.9408811657972,17.4714984121367));
#2072=CARTESIAN_POINT('Ctrl Pts',(0.,76.2790645609497,17.2177323450263));
#2073=CARTESIAN_POINT('Ctrl Pts',(-12.7822676549737,76.2790645609497,17.2177323450263));
#2074=CARTESIAN_POINT('Ctrl Pts',(-12.7822676549737,76.2790645609497,30.));
#2075=CARTESIAN_POINT('Ctrl Pts',(-12.7822676549737,76.2790645609497,42.7822676549737));
#2076=CARTESIAN_POINT('Ctrl Pts',(0.,76.2790645609497,42.7822676549737));
#2077=CARTESIAN_POINT('Ctrl Pts',(12.7822676549737,76.2790645609497,42.7822676549737));
#2078=CARTESIAN_POINT('Ctrl Pts',(12.7822676549737,76.2790645609497,30.));
#2079=CARTESIAN_POINT('Ctrl Pts',(12.7822676549737,76.2790645609497,17.2177323450263));
#2080=CARTESIAN_POINT('Ctrl Pts',(0.,76.2790645609497,17.2177323450263));
#2081=CARTESIAN_POINT('Ctrl Pts',(0.,75.6168162633865,16.9664119781065));
#2082=CARTESIAN_POINT('Ctrl Pts',(-13.0335880218935,75.6168162633865,16.9664119781065));
#2083=CARTESIAN_POINT('Ctrl Pts',(-13.0335880218935,75.6168162633865,30.));
#2084=CARTESIAN_POINT('Ctrl Pts',(-13.0335880218935,75.6168162633865,43.0335880218935));
#2085=CARTESIAN_POINT('Ctrl Pts',(0.,75.6168162633865,43.0335880218935));
#2086=CARTESIAN_POINT('Ctrl Pts',(13.0335880218935,75.6168162633865,43.0335880218935));
#2087=CARTESIAN_POINT('Ctrl Pts',(13.0335880218935,75.6168162633865,30.));
#2088=CARTESIAN_POINT('Ctrl Pts',(13.0335880218935,75.6168162633865,16.9664119781065));
#2089=CARTESIAN_POINT('Ctrl Pts',(0.,75.6168162633865,16.9664119781065));
#2090=CARTESIAN_POINT('Ctrl Pts',(0.,74.9541492319394,16.7174825476858));
#2091=CARTESIAN_POINT('Ctrl Pts',(-13.2825174523142,74.9541492319394,16.7174825476858));
#2092=CARTESIAN_POINT('Ctrl Pts',(-13.2825174523142,74.9541492319394,30.));
#2093=CARTESIAN_POINT('Ctrl Pts',(-13.2825174523142,74.9541492319394,43.2825174523142));
#2094=CARTESIAN_POINT('Ctrl Pts',(0.,74.9541492319394,43.2825174523142));
#2095=CARTESIAN_POINT('Ctrl Pts',(13.2825174523142,74.9541492319394,43.2825174523142));
#2096=CARTESIAN_POINT('Ctrl Pts',(13.2825174523142,74.9541492319394,30.));
#2097=CARTESIAN_POINT('Ctrl Pts',(13.2825174523142,74.9541492319394,16.7174825476858));
#2098=CARTESIAN_POINT('Ctrl Pts',(0.,74.9541492319394,16.7174825476858));
#2099=CARTESIAN_POINT('Ctrl Pts',(0.,74.2910800793714,16.4708785238715));
#2100=CARTESIAN_POINT('Ctrl Pts',(-13.5291214761285,74.2910800793714,16.4708785238715));
#2101=CARTESIAN_POINT('Ctrl Pts',(-13.5291214761285,74.2910800793714,30.));
#2102=CARTESIAN_POINT('Ctrl Pts',(-13.5291214761285,74.2910800793714,43.5291214761285));
#2103=CARTESIAN_POINT('Ctrl Pts',(0.,74.2910800793714,43.5291214761285));
#2104=CARTESIAN_POINT('Ctrl Pts',(13.5291214761285,74.2910800793714,43.5291214761285));
#2105=CARTESIAN_POINT('Ctrl Pts',(13.5291214761285,74.2910800793714,30.));
#2106=CARTESIAN_POINT('Ctrl Pts',(13.5291214761285,74.2910800793714,16.4708785238715));
#2107=CARTESIAN_POINT('Ctrl Pts',(0.,74.2910800793714,16.4708785238715));
#2108=CARTESIAN_POINT('Ctrl Pts',(0.,73.6276269839076,16.2265301688274));
#2109=CARTESIAN_POINT('Ctrl Pts',(-13.7734698311726,73.6276269839076,16.2265301688274));
#2110=CARTESIAN_POINT('Ctrl Pts',(-13.7734698311726,73.6276269839076,30.));
#2111=CARTESIAN_POINT('Ctrl Pts',(-13.7734698311726,73.6276269839076,43.7734698311726));
#2112=CARTESIAN_POINT('Ctrl Pts',(0.,73.6276269839076,43.7734698311726));
#2113=CARTESIAN_POINT('Ctrl Pts',(13.7734698311726,73.6276269839076,43.7734698311726));
#2114=CARTESIAN_POINT('Ctrl Pts',(13.7734698311726,73.6276269839076,30.));
#2115=CARTESIAN_POINT('Ctrl Pts',(13.7734698311726,73.6276269839076,16.2265301688274));
#2116=CARTESIAN_POINT('Ctrl Pts',(0.,73.6276269839076,16.2265301688274));
#2117=CARTESIAN_POINT('Ctrl Pts',(0.,72.9638073336878,15.9843709420719));
#2118=CARTESIAN_POINT('Ctrl Pts',(-14.0156290579281,72.9638073336878,15.9843709420719));
#2119=CARTESIAN_POINT('Ctrl Pts',(-14.0156290579281,72.9638073336878,30.));
#2120=CARTESIAN_POINT('Ctrl Pts',(-14.0156290579281,72.9638073336878,44.0156290579281));
#2121=CARTESIAN_POINT('Ctrl Pts',(0.,72.9638073336878,44.0156290579281));
#2122=CARTESIAN_POINT('Ctrl Pts',(14.0156290579281,72.9638073336878,44.0156290579281));
#2123=CARTESIAN_POINT('Ctrl Pts',(14.0156290579281,72.9638073336878,30.));
#2124=CARTESIAN_POINT('Ctrl Pts',(14.0156290579281,72.9638073336878,15.9843709420719));
#2125=CARTESIAN_POINT('Ctrl Pts',(0.,72.9638073336878,15.9843709420719));
#2126=CARTESIAN_POINT('Ctrl Pts',(0.,72.2996349822961,15.7443461318927));
#2127=CARTESIAN_POINT('Ctrl Pts',(-14.2556538681073,72.2996349822961,15.7443461318927));
#2128=CARTESIAN_POINT('Ctrl Pts',(-14.2556538681073,72.2996349822961,30.));
#2129=CARTESIAN_POINT('Ctrl Pts',(-14.2556538681073,72.2996349822961,44.2556538681073));
#2130=CARTESIAN_POINT('Ctrl Pts',(0.,72.2996349822961,44.2556538681073));
#2131=CARTESIAN_POINT('Ctrl Pts',(14.2556538681073,72.2996349822961,44.2556538681073));
#2132=CARTESIAN_POINT('Ctrl Pts',(14.2556538681073,72.2996349822961,30.));
#2133=CARTESIAN_POINT('Ctrl Pts',(14.2556538681073,72.2996349822961,15.7443461318927));
#2134=CARTESIAN_POINT('Ctrl Pts',(0.,72.2996349822961,15.7443461318927));
#2135=CARTESIAN_POINT('Ctrl Pts',(0.,71.6351198183581,15.5064141815094));
#2136=CARTESIAN_POINT('Ctrl Pts',(-14.4935858184906,71.6351198183581,15.5064141815094));
#2137=CARTESIAN_POINT('Ctrl Pts',(-14.4935858184906,71.6351198183581,30.));
#2138=CARTESIAN_POINT('Ctrl Pts',(-14.4935858184906,71.6351198183581,44.4935858184906));
#2139=CARTESIAN_POINT('Ctrl Pts',(0.,71.6351198183581,44.4935858184906));
#2140=CARTESIAN_POINT('Ctrl Pts',(14.4935858184906,71.6351198183581,44.4935858184906));
#2141=CARTESIAN_POINT('Ctrl Pts',(14.4935858184906,71.6351198183581,30.));
#2142=CARTESIAN_POINT('Ctrl Pts',(14.4935858184906,71.6351198183581,15.5064141815094));
#2143=CARTESIAN_POINT('Ctrl Pts',(0.,71.6351198183581,15.5064141815094));
#2144=CARTESIAN_POINT('Ctrl Pts',(0.,70.9702692454547,15.2705419839571));
#2145=CARTESIAN_POINT('Ctrl Pts',(-14.7294580160429,70.9702692454547,15.2705419839571));
#2146=CARTESIAN_POINT('Ctrl Pts',(-14.7294580160429,70.9702692454547,30.));
#2147=CARTESIAN_POINT('Ctrl Pts',(-14.7294580160429,70.9702692454547,44.7294580160429));
#2148=CARTESIAN_POINT('Ctrl Pts',(0.,70.9702692454547,44.7294580160429));
#2149=CARTESIAN_POINT('Ctrl Pts',(14.7294580160429,70.9702692454547,44.7294580160429));
#2150=CARTESIAN_POINT('Ctrl Pts',(14.7294580160429,70.9702692454547,30.));
#2151=CARTESIAN_POINT('Ctrl Pts',(14.7294580160429,70.9702692454547,15.2705419839571));
#2152=CARTESIAN_POINT('Ctrl Pts',(0.,70.9702692454547,15.2705419839571));
#2153=CARTESIAN_POINT('Ctrl Pts',(0.,70.3050891466696,15.0367018035323));
#2154=CARTESIAN_POINT('Ctrl Pts',(-14.9632981964677,70.3050891466696,15.0367018035323));
#2155=CARTESIAN_POINT('Ctrl Pts',(-14.9632981964677,70.3050891466696,30.));
#2156=CARTESIAN_POINT('Ctrl Pts',(-14.9632981964677,70.3050891466696,44.9632981964677));
#2157=CARTESIAN_POINT('Ctrl Pts',(0.,70.3050891466696,44.9632981964677));
#2158=CARTESIAN_POINT('Ctrl Pts',(14.9632981964677,70.3050891466696,44.9632981964677));
#2159=CARTESIAN_POINT('Ctrl Pts',(14.9632981964677,70.3050891466696,30.));
#2160=CARTESIAN_POINT('Ctrl Pts',(14.9632981964677,70.3050891466696,15.0367018035323));
#2161=CARTESIAN_POINT('Ctrl Pts',(0.,70.3050891466696,15.0367018035323));
#2162=CARTESIAN_POINT('Ctrl Pts',(0.,69.6395849716039,14.8048678116264));
#2163=CARTESIAN_POINT('Ctrl Pts',(-15.1951321883736,69.6395849716039,14.8048678116264));
#2164=CARTESIAN_POINT('Ctrl Pts',(-15.1951321883736,69.6395849716039,30.));
#2165=CARTESIAN_POINT('Ctrl Pts',(-15.1951321883736,69.6395849716039,45.1951321883735));
#2166=CARTESIAN_POINT('Ctrl Pts',(0.,69.6395849716039,45.1951321883735));
#2167=CARTESIAN_POINT('Ctrl Pts',(15.1951321883736,69.6395849716039,45.1951321883735));
#2168=CARTESIAN_POINT('Ctrl Pts',(15.1951321883736,69.6395849716039,30.));
#2169=CARTESIAN_POINT('Ctrl Pts',(15.1951321883736,69.6395849716039,14.8048678116264));
#2170=CARTESIAN_POINT('Ctrl Pts',(0.,69.6395849716039,14.8048678116264));
#2171=CARTESIAN_POINT('Ctrl Pts',(0.,68.973762990911,14.5750120906028));
#2172=CARTESIAN_POINT('Ctrl Pts',(-15.4249879093972,68.973762990911,14.5750120906028));
#2173=CARTESIAN_POINT('Ctrl Pts',(-15.4249879093972,68.973762990911,30.));
#2174=CARTESIAN_POINT('Ctrl Pts',(-15.4249879093972,68.973762990911,45.4249879093972));
#2175=CARTESIAN_POINT('Ctrl Pts',(0.,68.973762990911,45.4249879093972));
#2176=CARTESIAN_POINT('Ctrl Pts',(15.4249879093972,68.973762990911,45.4249879093972));
#2177=CARTESIAN_POINT('Ctrl Pts',(15.4249879093972,68.973762990911,30.));
#2178=CARTESIAN_POINT('Ctrl Pts',(15.4249879093972,68.973762990911,14.5750120906028));
#2179=CARTESIAN_POINT('Ctrl Pts',(0.,68.973762990911,14.5750120906028));
#2180=CARTESIAN_POINT('Ctrl Pts',(0.,68.30763056086,14.3471037745529));
#2181=CARTESIAN_POINT('Ctrl Pts',(-15.6528962254471,68.30763056086,14.3471037745529));
#2182=CARTESIAN_POINT('Ctrl Pts',(-15.6528962254471,68.30763056086,30.));
#2183=CARTESIAN_POINT('Ctrl Pts',(-15.6528962254471,68.30763056086,45.6528962254471));
#2184=CARTESIAN_POINT('Ctrl Pts',(0.,68.30763056086,45.6528962254471));
#2185=CARTESIAN_POINT('Ctrl Pts',(15.6528962254471,68.30763056086,45.6528962254471));
#2186=CARTESIAN_POINT('Ctrl Pts',(15.6528962254471,68.30763056086,30.));
#2187=CARTESIAN_POINT('Ctrl Pts',(15.6528962254471,68.30763056086,14.3471037745529));
#2188=CARTESIAN_POINT('Ctrl Pts',(0.,68.30763056086,14.3471037745529));
#2189=CARTESIAN_POINT('Ctrl Pts',(0.,67.6411955145423,14.121110957009));
#2190=CARTESIAN_POINT('Ctrl Pts',(-15.878889042991,67.6411955145423,14.121110957009));
#2191=CARTESIAN_POINT('Ctrl Pts',(-15.878889042991,67.6411955145423,30.));
#2192=CARTESIAN_POINT('Ctrl Pts',(-15.878889042991,67.6411955145423,45.878889042991));
#2193=CARTESIAN_POINT('Ctrl Pts',(0.,67.6411955145423,45.878889042991));
#2194=CARTESIAN_POINT('Ctrl Pts',(15.878889042991,67.6411955145423,45.878889042991));
#2195=CARTESIAN_POINT('Ctrl Pts',(15.878889042991,67.6411955145423,30.));
#2196=CARTESIAN_POINT('Ctrl Pts',(15.878889042991,67.6411955145423,14.121110957009));
#2197=CARTESIAN_POINT('Ctrl Pts',(0.,67.6411955145423,14.121110957009));
#2198=CARTESIAN_POINT('Ctrl Pts',(0.,66.974465786283,13.8970018593727));
#2199=CARTESIAN_POINT('Ctrl Pts',(-16.1029981406273,66.974465786283,13.8970018593727));
#2200=CARTESIAN_POINT('Ctrl Pts',(-16.1029981406273,66.974465786283,30.));
#2201=CARTESIAN_POINT('Ctrl Pts',(-16.1029981406273,66.974465786283,46.1029981406273));
#2202=CARTESIAN_POINT('Ctrl Pts',(0.,66.974465786283,46.1029981406273));
#2203=CARTESIAN_POINT('Ctrl Pts',(16.1029981406273,66.974465786283,46.1029981406273));
#2204=CARTESIAN_POINT('Ctrl Pts',(16.1029981406273,66.974465786283,30.));
#2205=CARTESIAN_POINT('Ctrl Pts',(16.1029981406273,66.974465786283,13.8970018593727));
#2206=CARTESIAN_POINT('Ctrl Pts',(0.,66.974465786283,13.8970018593727));
#2207=CARTESIAN_POINT('Ctrl Pts',(0.,66.3074489781793,13.6747461833322));
#2208=CARTESIAN_POINT('Ctrl Pts',(-16.3252538166678,66.3074489781793,13.6747461833322));
#2209=CARTESIAN_POINT('Ctrl Pts',(-16.3252538166678,66.3074489781793,30.));
#2210=CARTESIAN_POINT('Ctrl Pts',(-16.3252538166678,66.3074489781793,46.3252538166678));
#2211=CARTESIAN_POINT('Ctrl Pts',(0.,66.3074489781793,46.3252538166678));
#2212=CARTESIAN_POINT('Ctrl Pts',(16.3252538166678,66.3074489781793,46.3252538166678));
#2213=CARTESIAN_POINT('Ctrl Pts',(16.3252538166678,66.3074489781793,30.));
#2214=CARTESIAN_POINT('Ctrl Pts',(16.3252538166678,66.3074489781793,13.6747461833322));
#2215=CARTESIAN_POINT('Ctrl Pts',(0.,66.3074489781793,13.6747461833322));
#2216=CARTESIAN_POINT('Ctrl Pts',(0.,65.6401518583022,13.4543166777211));
#2217=CARTESIAN_POINT('Ctrl Pts',(-16.5456833222788,65.6401518583022,13.4543166777211));
#2218=CARTESIAN_POINT('Ctrl Pts',(-16.5456833222789,65.6401518583022,30.));
#2219=CARTESIAN_POINT('Ctrl Pts',(-16.5456833222789,65.6401518583022,46.5456833222788));
#2220=CARTESIAN_POINT('Ctrl Pts',(0.,65.6401518583022,46.5456833222789));
#2221=CARTESIAN_POINT('Ctrl Pts',(16.5456833222788,65.6401518583022,46.5456833222789));
#2222=CARTESIAN_POINT('Ctrl Pts',(16.5456833222789,65.6401518583022,30.));
#2223=CARTESIAN_POINT('Ctrl Pts',(16.5456833222789,65.6401518583022,13.4543166777212));
#2224=CARTESIAN_POINT('Ctrl Pts',(0.,65.6401518583022,13.4543166777211));
#2225=CARTESIAN_POINT('Ctrl Pts',(0.,64.9725802750877,13.235689394114));
#2226=CARTESIAN_POINT('Ctrl Pts',(-16.764310605886,64.9725802750877,13.235689394114));
#2227=CARTESIAN_POINT('Ctrl Pts',(-16.764310605886,64.9725802750877,30.));
#2228=CARTESIAN_POINT('Ctrl Pts',(-16.764310605886,64.9725802750877,46.764310605886));
#2229=CARTESIAN_POINT('Ctrl Pts',(0.,64.9725802750877,46.764310605886));
#2230=CARTESIAN_POINT('Ctrl Pts',(16.764310605886,64.9725802750877,46.764310605886));
#2231=CARTESIAN_POINT('Ctrl Pts',(16.764310605886,64.9725802750877,30.));
#2232=CARTESIAN_POINT('Ctrl Pts',(16.764310605886,64.9725802750877,13.235689394114));
#2233=CARTESIAN_POINT('Ctrl Pts',(0.,64.9725802750877,13.235689394114));
#2234=CARTESIAN_POINT('Ctrl Pts',(0.,64.3047394448535,13.0188427665365));
#2235=CARTESIAN_POINT('Ctrl Pts',(-16.9811572334635,64.3047394448535,13.0188427665365));
#2236=CARTESIAN_POINT('Ctrl Pts',(-16.9811572334635,64.3047394448535,30.));
#2237=CARTESIAN_POINT('Ctrl Pts',(-16.9811572334635,64.3047394448535,46.9811572334635));
#2238=CARTESIAN_POINT('Ctrl Pts',(0.,64.3047394448535,46.9811572334635));
#2239=CARTESIAN_POINT('Ctrl Pts',(16.9811572334635,64.3047394448535,46.9811572334635));
#2240=CARTESIAN_POINT('Ctrl Pts',(16.9811572334635,64.3047394448535,30.));
#2241=CARTESIAN_POINT('Ctrl Pts',(16.9811572334635,64.3047394448535,13.0188427665365));
#2242=CARTESIAN_POINT('Ctrl Pts',(0.,64.3047394448535,13.0188427665365));
#2243=CARTESIAN_POINT('Ctrl Pts',(0.,63.636634140293,12.8037570028563));
#2244=CARTESIAN_POINT('Ctrl Pts',(-17.1962429971437,63.636634140293,12.8037570028563));
#2245=CARTESIAN_POINT('Ctrl Pts',(-17.1962429971437,63.636634140293,30.));
#2246=CARTESIAN_POINT('Ctrl Pts',(-17.1962429971437,63.636634140293,47.1962429971437));
#2247=CARTESIAN_POINT('Ctrl Pts',(0.,63.636634140293,47.1962429971437));
#2248=CARTESIAN_POINT('Ctrl Pts',(17.1962429971437,63.636634140293,47.1962429971437));
#2249=CARTESIAN_POINT('Ctrl Pts',(17.1962429971437,63.636634140293,30.));
#2250=CARTESIAN_POINT('Ctrl Pts',(17.1962429971437,63.636634140293,12.8037570028563));
#2251=CARTESIAN_POINT('Ctrl Pts',(0.,63.636634140293,12.8037570028563));
#2252=CARTESIAN_POINT('Ctrl Pts',(0.,62.9682689026993,12.5904134018134));
#2253=CARTESIAN_POINT('Ctrl Pts',(-17.4095865981866,62.9682689026993,12.5904134018134));
#2254=CARTESIAN_POINT('Ctrl Pts',(-17.4095865981866,62.9682689026993,30.));
#2255=CARTESIAN_POINT('Ctrl Pts',(-17.4095865981866,62.9682689026993,47.4095865981866));
#2256=CARTESIAN_POINT('Ctrl Pts',(0.,62.9682689026993,47.4095865981866));
#2257=CARTESIAN_POINT('Ctrl Pts',(17.4095865981866,62.9682689026993,47.4095865981866));
#2258=CARTESIAN_POINT('Ctrl Pts',(17.4095865981866,62.9682689026993,30.));
#2259=CARTESIAN_POINT('Ctrl Pts',(17.4095865981866,62.9682689026993,12.5904134018134));
#2260=CARTESIAN_POINT('Ctrl Pts',(0.,62.9682689026993,12.5904134018134));
#2261=CARTESIAN_POINT('Ctrl Pts',(0.,62.2996482857283,12.3787935690932));
#2262=CARTESIAN_POINT('Ctrl Pts',(-17.6212064309068,62.2996482857283,12.3787935690932));
#2263=CARTESIAN_POINT('Ctrl Pts',(-17.6212064309068,62.2996482857283,30.));
#2264=CARTESIAN_POINT('Ctrl Pts',(-17.6212064309068,62.2996482857283,47.6212064309068));
#2265=CARTESIAN_POINT('Ctrl Pts',(0.,62.2996482857283,47.6212064309068));
#2266=CARTESIAN_POINT('Ctrl Pts',(17.6212064309068,62.2996482857283,47.6212064309068));
#2267=CARTESIAN_POINT('Ctrl Pts',(17.6212064309068,62.2996482857283,30.));
#2268=CARTESIAN_POINT('Ctrl Pts',(17.6212064309068,62.2996482857283,12.3787935690932));
#2269=CARTESIAN_POINT('Ctrl Pts',(0.,62.2996482857283,12.3787935690932));
#2270=CARTESIAN_POINT('Ctrl Pts',(0.,61.6307769105428,12.1688792332106));
#2271=CARTESIAN_POINT('Ctrl Pts',(-17.8311207667894,61.6307769105428,12.1688792332106));
#2272=CARTESIAN_POINT('Ctrl Pts',(-17.8311207667894,61.6307769105428,30.));
#2273=CARTESIAN_POINT('Ctrl Pts',(-17.8311207667894,61.6307769105428,47.8311207667894));
#2274=CARTESIAN_POINT('Ctrl Pts',(0.,61.6307769105428,47.8311207667894));
#2275=CARTESIAN_POINT('Ctrl Pts',(17.8311207667894,61.6307769105428,47.8311207667894));
#2276=CARTESIAN_POINT('Ctrl Pts',(17.8311207667894,61.6307769105428,30.));
#2277=CARTESIAN_POINT('Ctrl Pts',(17.8311207667894,61.6307769105428,12.1688792332106));
#2278=CARTESIAN_POINT('Ctrl Pts',(0.,61.6307769105428,12.1688792332106));
#2279=CARTESIAN_POINT('Ctrl Pts',(0.,60.9616593576448,11.9606525805214));
#2280=CARTESIAN_POINT('Ctrl Pts',(-18.0393474194786,60.9616593576448,11.9606525805214));
#2281=CARTESIAN_POINT('Ctrl Pts',(-18.0393474194786,60.9616593576448,30.));
#2282=CARTESIAN_POINT('Ctrl Pts',(-18.0393474194786,60.9616593576448,48.0393474194786));
#2283=CARTESIAN_POINT('Ctrl Pts',(0.,60.9616593576448,48.0393474194786));
#2284=CARTESIAN_POINT('Ctrl Pts',(18.0393474194786,60.9616593576448,48.0393474194786));
#2285=CARTESIAN_POINT('Ctrl Pts',(18.0393474194786,60.9616593576448,30.));
#2286=CARTESIAN_POINT('Ctrl Pts',(18.0393474194786,60.9616593576448,11.9606525805214));
#2287=CARTESIAN_POINT('Ctrl Pts',(0.,60.9616593576448,11.9606525805214));
#2288=CARTESIAN_POINT('Ctrl Pts',(0.,60.2923001025795,11.7540964504315));
#2289=CARTESIAN_POINT('Ctrl Pts',(-18.2459035495685,60.2923001025795,11.7540964504315));
#2290=CARTESIAN_POINT('Ctrl Pts',(-18.2459035495685,60.2923001025795,30.));
#2291=CARTESIAN_POINT('Ctrl Pts',(-18.2459035495685,60.2923001025795,48.2459035495685));
#2292=CARTESIAN_POINT('Ctrl Pts',(0.,60.2923001025795,48.2459035495685));
#2293=CARTESIAN_POINT('Ctrl Pts',(18.2459035495685,60.2923001025795,48.2459035495685));
#2294=CARTESIAN_POINT('Ctrl Pts',(18.2459035495685,60.2923001025795,30.));
#2295=CARTESIAN_POINT('Ctrl Pts',(18.2459035495685,60.2923001025795,11.7540964504315));
#2296=CARTESIAN_POINT('Ctrl Pts',(0.,60.2923001025795,11.7540964504315));
#2297=CARTESIAN_POINT('Ctrl Pts',(0.,59.6227034406974,11.5491945656578));
#2298=CARTESIAN_POINT('Ctrl Pts',(-18.4508054343422,59.6227034406974,11.5491945656578));
#2299=CARTESIAN_POINT('Ctrl Pts',(-18.4508054343422,59.6227034406974,30.));
#2300=CARTESIAN_POINT('Ctrl Pts',(-18.4508054343422,59.6227034406974,48.4508054343422));
#2301=CARTESIAN_POINT('Ctrl Pts',(0.,59.6227034406974,48.4508054343422));
#2302=CARTESIAN_POINT('Ctrl Pts',(18.4508054343422,59.6227034406974,48.4508054343422));
#2303=CARTESIAN_POINT('Ctrl Pts',(18.4508054343422,59.6227034406974,30.));
#2304=CARTESIAN_POINT('Ctrl Pts',(18.4508054343422,59.6227034406974,11.5491945656578));
#2305=CARTESIAN_POINT('Ctrl Pts',(0.,59.6227034406974,11.5491945656578));
#2306=CARTESIAN_POINT('Ctrl Pts',(0.,58.9528733992288,11.3459318016355));
#2307=CARTESIAN_POINT('Ctrl Pts',(-18.6540681983645,58.9528733992288,11.3459318016355));
#2308=CARTESIAN_POINT('Ctrl Pts',(-18.6540681983645,58.9528733992288,30.));
#2309=CARTESIAN_POINT('Ctrl Pts',(-18.6540681983645,58.9528733992288,48.6540681983645));
#2310=CARTESIAN_POINT('Ctrl Pts',(0.,58.9528733992288,48.6540681983645));
#2311=CARTESIAN_POINT('Ctrl Pts',(18.6540681983645,58.9528733992288,48.6540681983645));
#2312=CARTESIAN_POINT('Ctrl Pts',(18.6540681983645,58.9528733992288,30.));
#2313=CARTESIAN_POINT('Ctrl Pts',(18.6540681983645,58.9528733992288,11.3459318016355));
#2314=CARTESIAN_POINT('Ctrl Pts',(0.,58.9528733992288,11.3459318016355));
#2315=CARTESIAN_POINT('Ctrl Pts',(0.,58.2828137298438,11.144294204035));
#2316=CARTESIAN_POINT('Ctrl Pts',(-18.855705795965,58.2828137298438,11.144294204035));
#2317=CARTESIAN_POINT('Ctrl Pts',(-18.855705795965,58.2828137298438,30.));
#2318=CARTESIAN_POINT('Ctrl Pts',(-18.855705795965,58.2828137298438,48.855705795965));
#2319=CARTESIAN_POINT('Ctrl Pts',(0.,58.2828137298438,48.855705795965));
#2320=CARTESIAN_POINT('Ctrl Pts',(18.855705795965,58.2828137298438,48.855705795965));
#2321=CARTESIAN_POINT('Ctrl Pts',(18.855705795965,58.2828137298438,30.));
#2322=CARTESIAN_POINT('Ctrl Pts',(18.855705795965,58.2828137298438,11.144294204035));
#2323=CARTESIAN_POINT('Ctrl Pts',(0.,58.2828137298438,11.144294204035));
#2324=CARTESIAN_POINT('Ctrl Pts',(0.,57.6125279661021,10.9442688030496));
#2325=CARTESIAN_POINT('Ctrl Pts',(-19.0557311969504,57.6125279661021,10.9442688030496));
#2326=CARTESIAN_POINT('Ctrl Pts',(-19.0557311969504,57.6125279661021,30.));
#2327=CARTESIAN_POINT('Ctrl Pts',(-19.0557311969504,57.6125279661021,49.0557311969504));
#2328=CARTESIAN_POINT('Ctrl Pts',(0.,57.6125279661021,49.0557311969504));
#2329=CARTESIAN_POINT('Ctrl Pts',(19.0557311969504,57.6125279661021,49.0557311969504));
#2330=CARTESIAN_POINT('Ctrl Pts',(19.0557311969504,57.6125279661021,30.));
#2331=CARTESIAN_POINT('Ctrl Pts',(19.0557311969504,57.6125279661021,10.9442688030496));
#2332=CARTESIAN_POINT('Ctrl Pts',(0.,57.6125279661021,10.9442688030496));
#2333=CARTESIAN_POINT('Ctrl Pts',(0.,56.9420194633871,10.7458434822004));
#2334=CARTESIAN_POINT('Ctrl Pts',(-19.2541565177996,56.9420194633871,10.7458434822004));
#2335=CARTESIAN_POINT('Ctrl Pts',(-19.2541565177996,56.9420194633871,30.));
#2336=CARTESIAN_POINT('Ctrl Pts',(-19.2541565177996,56.9420194633871,49.2541565177996));
#2337=CARTESIAN_POINT('Ctrl Pts',(0.,56.9420194633871,49.2541565177996));
#2338=CARTESIAN_POINT('Ctrl Pts',(19.2541565177996,56.9420194633871,49.2541565177996));
#2339=CARTESIAN_POINT('Ctrl Pts',(19.2541565177996,56.9420194633871,30.));
#2340=CARTESIAN_POINT('Ctrl Pts',(19.2541565177996,56.9420194633871,10.7458434822004));
#2341=CARTESIAN_POINT('Ctrl Pts',(0.,56.9420194633871,10.7458434822004));
#2342=CARTESIAN_POINT('Ctrl Pts',(0.,56.2712914428216,10.5490068349117));
#2343=CARTESIAN_POINT('Ctrl Pts',(-19.4509931650883,56.2712914428216,10.5490068349117));
#2344=CARTESIAN_POINT('Ctrl Pts',(-19.4509931650883,56.2712914428216,30.));
#2345=CARTESIAN_POINT('Ctrl Pts',(-19.4509931650883,56.2712914428216,49.4509931650883));
#2346=CARTESIAN_POINT('Ctrl Pts',(0.,56.2712914428216,49.4509931650883));
#2347=CARTESIAN_POINT('Ctrl Pts',(19.4509931650883,56.2712914428216,49.4509931650883));
#2348=CARTESIAN_POINT('Ctrl Pts',(19.4509931650883,56.2712914428216,30.));
#2349=CARTESIAN_POINT('Ctrl Pts',(19.4509931650883,56.2712914428216,10.5490068349117));
#2350=CARTESIAN_POINT('Ctrl Pts',(0.,56.2712914428216,10.5490068349117));
#2351=CARTESIAN_POINT('Ctrl Pts',(0.,55.6003470416003,10.35374799985));
#2352=CARTESIAN_POINT('Ctrl Pts',(-19.64625200015,55.6003470416003,10.35374799985));
#2353=CARTESIAN_POINT('Ctrl Pts',(-19.64625200015,55.6003470416003,30.));
#2354=CARTESIAN_POINT('Ctrl Pts',(-19.64625200015,55.6003470416003,49.64625200015));
#2355=CARTESIAN_POINT('Ctrl Pts',(0.,55.6003470416003,49.64625200015));
#2356=CARTESIAN_POINT('Ctrl Pts',(19.64625200015,55.6003470416003,49.64625200015));
#2357=CARTESIAN_POINT('Ctrl Pts',(19.64625200015,55.6003470416003,30.));
#2358=CARTESIAN_POINT('Ctrl Pts',(19.64625200015,55.6003470416003,10.35374799985));
#2359=CARTESIAN_POINT('Ctrl Pts',(0.,55.6003470416003,10.35374799985));
#2360=CARTESIAN_POINT('Ctrl Pts',(0.,54.9291893242509,10.1600566225445));
#2361=CARTESIAN_POINT('Ctrl Pts',(-19.8399433774555,54.9291893242509,10.1600566225445));
#2362=CARTESIAN_POINT('Ctrl Pts',(-19.8399433774555,54.9291893242509,30.));
#2363=CARTESIAN_POINT('Ctrl Pts',(-19.8399433774555,54.9291893242509,49.8399433774555));
#2364=CARTESIAN_POINT('Ctrl Pts',(0.,54.9291893242509,49.8399433774555));
#2365=CARTESIAN_POINT('Ctrl Pts',(19.8399433774555,54.9291893242509,49.8399433774555));
#2366=CARTESIAN_POINT('Ctrl Pts',(19.8399433774555,54.9291893242509,30.));
#2367=CARTESIAN_POINT('Ctrl Pts',(19.8399433774555,54.9291893242509,10.1600566225445));
#2368=CARTESIAN_POINT('Ctrl Pts',(0.,54.9291893242509,10.1600566225445));
#2369=CARTESIAN_POINT('Ctrl Pts',(0.,54.2578212659202,9.96792290726408));
#2370=CARTESIAN_POINT('Ctrl Pts',(-20.0320770927359,54.2578212659202,9.96792290726408));
#2371=CARTESIAN_POINT('Ctrl Pts',(-20.0320770927359,54.2578212659202,30.));
#2372=CARTESIAN_POINT('Ctrl Pts',(-20.0320770927359,54.2578212659202,50.0320770927359));
#2373=CARTESIAN_POINT('Ctrl Pts',(0.,54.2578212659202,50.0320770927359));
#2374=CARTESIAN_POINT('Ctrl Pts',(20.0320770927359,54.2578212659202,50.0320770927359));
#2375=CARTESIAN_POINT('Ctrl Pts',(20.0320770927359,54.2578212659202,30.));
#2376=CARTESIAN_POINT('Ctrl Pts',(20.0320770927359,54.2578212659202,9.96792290726408));
#2377=CARTESIAN_POINT('Ctrl Pts',(0.,54.2578212659202,9.96792290726408));
#2378=CARTESIAN_POINT('Ctrl Pts',(0.,53.5862457435174,9.7773376432626));
#2379=CARTESIAN_POINT('Ctrl Pts',(-20.2226623567374,53.5862457435174,9.7773376432626));
#2380=CARTESIAN_POINT('Ctrl Pts',(-20.2226623567374,53.5862457435174,30.));
#2381=CARTESIAN_POINT('Ctrl Pts',(-20.2226623567374,53.5862457435174,50.2226623567374));
#2382=CARTESIAN_POINT('Ctrl Pts',(0.,53.5862457435174,50.2226623567374));
#2383=CARTESIAN_POINT('Ctrl Pts',(20.2226623567374,53.5862457435174,50.2226623567374));
#2384=CARTESIAN_POINT('Ctrl Pts',(20.2226623567374,53.5862457435174,30.));
#2385=CARTESIAN_POINT('Ctrl Pts',(20.2226623567374,53.5862457435174,9.77733764326262));
#2386=CARTESIAN_POINT('Ctrl Pts',(0.,53.5862457435174,9.7773376432626));
#2387=CARTESIAN_POINT('Ctrl Pts',(0.,52.9144655249091,9.58829223739796));
#2388=CARTESIAN_POINT('Ctrl Pts',(-20.411707762602,52.9144655249091,9.58829223739796));
#2389=CARTESIAN_POINT('Ctrl Pts',(-20.411707762602,52.9144655249091,30.));
#2390=CARTESIAN_POINT('Ctrl Pts',(-20.411707762602,52.9144655249091,50.411707762602));
#2391=CARTESIAN_POINT('Ctrl Pts',(0.,52.9144655249091,50.411707762602));
#2392=CARTESIAN_POINT('Ctrl Pts',(20.411707762602,52.9144655249091,50.411707762602));
#2393=CARTESIAN_POINT('Ctrl Pts',(20.411707762602,52.9144655249091,30.));
#2394=CARTESIAN_POINT('Ctrl Pts',(20.411707762602,52.9144655249091,9.58829223739796));
#2395=CARTESIAN_POINT('Ctrl Pts',(0.,52.9144655249091,9.58829223739796));
#2396=CARTESIAN_POINT('Ctrl Pts',(0.,52.2424832558572,9.40077875327027));
#2397=CARTESIAN_POINT('Ctrl Pts',(-20.5992212467297,52.2424832558572,9.40077875327027));
#2398=CARTESIAN_POINT('Ctrl Pts',(-20.5992212467297,52.2424832558572,30.));
#2399=CARTESIAN_POINT('Ctrl Pts',(-20.5992212467297,52.2424832558572,50.5992212467297));
#2400=CARTESIAN_POINT('Ctrl Pts',(0.,52.2424832558572,50.5992212467297));
#2401=CARTESIAN_POINT('Ctrl Pts',(20.5992212467297,52.2424832558572,50.5992212467297));
#2402=CARTESIAN_POINT('Ctrl Pts',(20.5992212467297,52.2424832558572,30.));
#2403=CARTESIAN_POINT('Ctrl Pts',(20.5992212467297,52.2424832558572,9.40077875327027));
#2404=CARTESIAN_POINT('Ctrl Pts',(0.,52.2424832558572,9.40077875327027));
#2405=CARTESIAN_POINT('Ctrl Pts',(0.,51.570301462913,9.21478990138002));
#2406=CARTESIAN_POINT('Ctrl Pts',(-20.78521009862,51.570301462913,9.21478990138002));
#2407=CARTESIAN_POINT('Ctrl Pts',(-20.78521009862,51.570301462913,30.));
#2408=CARTESIAN_POINT('Ctrl Pts',(-20.78521009862,51.570301462913,50.78521009862));
#2409=CARTESIAN_POINT('Ctrl Pts',(0.,51.570301462913,50.78521009862));
#2410=CARTESIAN_POINT('Ctrl Pts',(20.78521009862,51.570301462913,50.78521009862));
#2411=CARTESIAN_POINT('Ctrl Pts',(20.78521009862,51.570301462913,30.));
#2412=CARTESIAN_POINT('Ctrl Pts',(20.78521009862,51.570301462913,9.21478990138004));
#2413=CARTESIAN_POINT('Ctrl Pts',(0.,51.570301462913,9.21478990138002));
#2414=CARTESIAN_POINT('Ctrl Pts',(0.,50.8979225661969,9.03031899886507));
#2415=CARTESIAN_POINT('Ctrl Pts',(-20.9696810011349,50.8979225661969,9.03031899886507));
#2416=CARTESIAN_POINT('Ctrl Pts',(-20.9696810011349,50.8979225661969,30.));
#2417=CARTESIAN_POINT('Ctrl Pts',(-20.9696810011349,50.8979225661969,50.9696810011349));
#2418=CARTESIAN_POINT('Ctrl Pts',(0.,50.8979225661969,50.9696810011349));
#2419=CARTESIAN_POINT('Ctrl Pts',(20.9696810011349,50.8979225661969,50.9696810011349));
#2420=CARTESIAN_POINT('Ctrl Pts',(20.9696810011349,50.8979225661969,30.));
#2421=CARTESIAN_POINT('Ctrl Pts',(20.9696810011349,50.8979225661969,9.03031899886507));
#2422=CARTESIAN_POINT('Ctrl Pts',(0.,50.8979225661969,9.03031899886507));
#2423=CARTESIAN_POINT('Ctrl Pts',(0.,50.2253488894455,8.84735993727281));
#2424=CARTESIAN_POINT('Ctrl Pts',(-21.1526400627272,50.2253488894455,8.84735993727281));
#2425=CARTESIAN_POINT('Ctrl Pts',(-21.1526400627272,50.2253488894455,30.));
#2426=CARTESIAN_POINT('Ctrl Pts',(-21.1526400627272,50.2253488894455,51.1526400627272));
#2427=CARTESIAN_POINT('Ctrl Pts',(0.,50.2253488894455,51.1526400627272));
#2428=CARTESIAN_POINT('Ctrl Pts',(21.1526400627272,50.2253488894455,51.1526400627272));
#2429=CARTESIAN_POINT('Ctrl Pts',(21.1526400627272,50.2253488894455,30.));
#2430=CARTESIAN_POINT('Ctrl Pts',(21.1526400627272,50.2253488894455,8.84735993727283));
#2431=CARTESIAN_POINT('Ctrl Pts',(0.,50.2253488894455,8.84735993727281));
#2432=CARTESIAN_POINT('Ctrl Pts',(0.,49.5525826706017,8.66590714896038));
#2433=CARTESIAN_POINT('Ctrl Pts',(-21.3340928510396,49.5525826706017,8.66590714896038));
#2434=CARTESIAN_POINT('Ctrl Pts',(-21.3340928510396,49.5525826706017,30.));
#2435=CARTESIAN_POINT('Ctrl Pts',(-21.3340928510396,49.5525826706017,51.3340928510396));
#2436=CARTESIAN_POINT('Ctrl Pts',(0.,49.5525826706017,51.3340928510396));
#2437=CARTESIAN_POINT('Ctrl Pts',(21.3340928510396,49.5525826706017,51.3340928510396));
#2438=CARTESIAN_POINT('Ctrl Pts',(21.3340928510396,49.5525826706017,30.));
#2439=CARTESIAN_POINT('Ctrl Pts',(21.3340928510396,49.5525826706017,8.66590714896038));
#2440=CARTESIAN_POINT('Ctrl Pts',(0.,49.5525826706017,8.66590714896038));
#2441=CARTESIAN_POINT('Ctrl Pts',(0.,48.8796260737942,8.48595556790032));
#2442=CARTESIAN_POINT('Ctrl Pts',(-21.5140444320997,48.8796260737942,8.48595556790032));
#2443=CARTESIAN_POINT('Ctrl Pts',(-21.5140444320997,48.8796260737942,30.));
#2444=CARTESIAN_POINT('Ctrl Pts',(-21.5140444320997,48.8796260737942,51.5140444320997));
#2445=CARTESIAN_POINT('Ctrl Pts',(0.,48.8796260737942,51.5140444320997));
#2446=CARTESIAN_POINT('Ctrl Pts',(21.5140444320997,48.8796260737942,51.5140444320997));
#2447=CARTESIAN_POINT('Ctrl Pts',(21.5140444320997,48.8796260737942,30.));
#2448=CARTESIAN_POINT('Ctrl Pts',(21.5140444320997,48.8796260737942,8.48595556790034));
#2449=CARTESIAN_POINT('Ctrl Pts',(0.,48.8796260737942,8.48595556790032));
#2450=CARTESIAN_POINT('Ctrl Pts',(0.,48.2064811925459,8.30750062278577));
#2451=CARTESIAN_POINT('Ctrl Pts',(-21.6924993772142,48.2064811925459,8.30750062278577));
#2452=CARTESIAN_POINT('Ctrl Pts',(-21.6924993772142,48.2064811925459,30.));
#2453=CARTESIAN_POINT('Ctrl Pts',(-21.6924993772142,48.2064811925459,51.6924993772142));
#2454=CARTESIAN_POINT('Ctrl Pts',(0.,48.2064811925459,51.6924993772142));
#2455=CARTESIAN_POINT('Ctrl Pts',(21.6924993772142,48.2064811925459,51.6924993772142));
#2456=CARTESIAN_POINT('Ctrl Pts',(21.6924993772142,48.2064811925459,30.));
#2457=CARTESIAN_POINT('Ctrl Pts',(21.6924993772142,48.2064811925459,8.30750062278579));
#2458=CARTESIAN_POINT('Ctrl Pts',(0.,48.2064811925459,8.30750062278577));
#2459=CARTESIAN_POINT('Ctrl Pts',(0.,47.5331500485605,8.13053824620102));
#2460=CARTESIAN_POINT('Ctrl Pts',(-21.869461753799,47.5331500485605,8.13053824620102));
#2461=CARTESIAN_POINT('Ctrl Pts',(-21.869461753799,47.5331500485605,30.));
#2462=CARTESIAN_POINT('Ctrl Pts',(-21.869461753799,47.5331500485605,51.869461753799));
#2463=CARTESIAN_POINT('Ctrl Pts',(0.,47.5331500485605,51.869461753799));
#2464=CARTESIAN_POINT('Ctrl Pts',(21.869461753799,47.5331500485605,51.869461753799));
#2465=CARTESIAN_POINT('Ctrl Pts',(21.869461753799,47.5331500485605,30.));
#2466=CARTESIAN_POINT('Ctrl Pts',(21.869461753799,47.5331500485605,8.13053824620104));
#2467=CARTESIAN_POINT('Ctrl Pts',(0.,47.5331500485605,8.13053824620102));
#2468=CARTESIAN_POINT('Ctrl Pts',(0.,46.8596345918698,7.95506487868252));
#2469=CARTESIAN_POINT('Ctrl Pts',(-22.0449351213175,46.8596345918698,7.95506487868252));
#2470=CARTESIAN_POINT('Ctrl Pts',(-22.0449351213175,46.8596345918698,30.));
#2471=CARTESIAN_POINT('Ctrl Pts',(-22.0449351213175,46.8596345918698,52.0449351213175));
#2472=CARTESIAN_POINT('Ctrl Pts',(0.,46.8596345918698,52.0449351213175));
#2473=CARTESIAN_POINT('Ctrl Pts',(22.0449351213175,46.8596345918698,52.0449351213175));
#2474=CARTESIAN_POINT('Ctrl Pts',(22.0449351213175,46.8596345918698,30.));
#2475=CARTESIAN_POINT('Ctrl Pts',(22.0449351213175,46.8596345918698,7.95506487868254));
#2476=CARTESIAN_POINT('Ctrl Pts',(0.,46.8596345918698,7.95506487868252));
#2477=CARTESIAN_POINT('Ctrl Pts',(0.,46.1859367006451,7.78107747380458));
#2478=CARTESIAN_POINT('Ctrl Pts',(-22.2189225261954,46.1859367006451,7.78107747380458));
#2479=CARTESIAN_POINT('Ctrl Pts',(-22.2189225261954,46.1859367006451,30.));
#2480=CARTESIAN_POINT('Ctrl Pts',(-22.2189225261954,46.1859367006451,52.2189225261954));
#2481=CARTESIAN_POINT('Ctrl Pts',(0.,46.1859367006451,52.2189225261954));
#2482=CARTESIAN_POINT('Ctrl Pts',(22.2189225261954,46.1859367006451,52.2189225261954));
#2483=CARTESIAN_POINT('Ctrl Pts',(22.2189225261954,46.1859367006451,30.));
#2484=CARTESIAN_POINT('Ctrl Pts',(22.2189225261954,46.1859367006451,7.78107747380458));
#2485=CARTESIAN_POINT('Ctrl Pts',(0.,46.1859367006451,7.78107747380458));
#2486=CARTESIAN_POINT('Ctrl Pts',(0.,45.5120581807237,7.60857350431941));
#2487=CARTESIAN_POINT('Ctrl Pts',(-22.3914264956806,45.5120581807237,7.60857350431941));
#2488=CARTESIAN_POINT('Ctrl Pts',(-22.3914264956806,45.5120581807237,30.));
#2489=CARTESIAN_POINT('Ctrl Pts',(-22.3914264956806,45.5120581807237,52.3914264956806));
#2490=CARTESIAN_POINT('Ctrl Pts',(0.,45.5120581807237,52.3914264956806));
#2491=CARTESIAN_POINT('Ctrl Pts',(22.3914264956806,45.5120581807237,52.3914264956806));
#2492=CARTESIAN_POINT('Ctrl Pts',(22.3914264956806,45.5120581807237,30.));
#2493=CARTESIAN_POINT('Ctrl Pts',(22.3914264956806,45.5120581807237,7.60857350431943));
#2494=CARTESIAN_POINT('Ctrl Pts',(0.,45.5120581807237,7.60857350431941));
#2495=CARTESIAN_POINT('Ctrl Pts',(0.,44.8380007680563,7.43755095670629));
#2496=CARTESIAN_POINT('Ctrl Pts',(-22.5624490432937,44.8380007680563,7.43755095670629));
#2497=CARTESIAN_POINT('Ctrl Pts',(-22.5624490432937,44.8380007680563,30.));
#2498=CARTESIAN_POINT('Ctrl Pts',(-22.5624490432937,44.8380007680563,52.5624490432937));
#2499=CARTESIAN_POINT('Ctrl Pts',(0.,44.8380007680563,52.5624490432937));
#2500=CARTESIAN_POINT('Ctrl Pts',(22.5624490432937,44.8380007680563,52.5624490432937));
#2501=CARTESIAN_POINT('Ctrl Pts',(22.5624490432937,44.8380007680563,30.));
#2502=CARTESIAN_POINT('Ctrl Pts',(22.5624490432937,44.8380007680563,7.43755095670629));
#2503=CARTESIAN_POINT('Ctrl Pts',(0.,44.8380007680563,7.43755095670629));
#2504=CARTESIAN_POINT('Ctrl Pts',(0.,44.1637661323534,7.26800832110824));
#2505=CARTESIAN_POINT('Ctrl Pts',(-22.7319916788918,44.1637661323534,7.26800832110824));
#2506=CARTESIAN_POINT('Ctrl Pts',(-22.7319916788918,44.1637661323534,30.));
#2507=CARTESIAN_POINT('Ctrl Pts',(-22.7319916788918,44.1637661323534,52.7319916788918));
#2508=CARTESIAN_POINT('Ctrl Pts',(0.,44.1637661323534,52.7319916788918));
#2509=CARTESIAN_POINT('Ctrl Pts',(22.7319916788918,44.1637661323534,52.7319916788918));
#2510=CARTESIAN_POINT('Ctrl Pts',(22.7319916788918,44.1637661323534,30.));
#2511=CARTESIAN_POINT('Ctrl Pts',(22.7319916788918,44.1637661323534,7.26800832110824));
#2512=CARTESIAN_POINT('Ctrl Pts',(0.,44.1637661323534,7.26800832110824));
#2513=CARTESIAN_POINT('Ctrl Pts',(0.,43.4893558804306,7.09994458188808));
#2514=CARTESIAN_POINT('Ctrl Pts',(-22.9000554181119,43.4893558804306,7.09994458188808));
#2515=CARTESIAN_POINT('Ctrl Pts',(-22.9000554181119,43.4893558804306,30.));
#2516=CARTESIAN_POINT('Ctrl Pts',(-22.9000554181119,43.4893558804306,52.9000554181119));
#2517=CARTESIAN_POINT('Ctrl Pts',(0.,43.4893558804306,52.9000554181119));
#2518=CARTESIAN_POINT('Ctrl Pts',(22.9000554181119,43.4893558804306,52.9000554181119));
#2519=CARTESIAN_POINT('Ctrl Pts',(22.9000554181119,43.4893558804306,30.));
#2520=CARTESIAN_POINT('Ctrl Pts',(22.9000554181119,43.4893558804306,7.0999445818881));
#2521=CARTESIAN_POINT('Ctrl Pts',(0.,43.4893558804306,7.09994458188808));
#2522=CARTESIAN_POINT('Ctrl Pts',(0.,42.8147715595997,6.93335920881641));
#2523=CARTESIAN_POINT('Ctrl Pts',(-23.0666407911836,42.8147715595997,6.93335920881641));
#2524=CARTESIAN_POINT('Ctrl Pts',(-23.0666407911836,42.8147715595997,30.));
#2525=CARTESIAN_POINT('Ctrl Pts',(-23.0666407911836,42.8147715595997,53.0666407911836));
#2526=CARTESIAN_POINT('Ctrl Pts',(0.,42.8147715595997,53.0666407911836));
#2527=CARTESIAN_POINT('Ctrl Pts',(23.0666407911836,42.8147715595997,53.0666407911836));
#2528=CARTESIAN_POINT('Ctrl Pts',(23.0666407911836,42.8147715595997,30.));
#2529=CARTESIAN_POINT('Ctrl Pts',(23.0666407911836,42.8147715595997,6.93335920881642));
#2530=CARTESIAN_POINT('Ctrl Pts',(0.,42.8147715595997,6.93335920881641));
#2531=CARTESIAN_POINT('Ctrl Pts',(0.,42.1400146614001,6.76825214438438));
#2532=CARTESIAN_POINT('Ctrl Pts',(-23.2317478556156,42.1400146614001,6.76825214438438));
#2533=CARTESIAN_POINT('Ctrl Pts',(-23.2317478556156,42.1400146614001,30.));
#2534=CARTESIAN_POINT('Ctrl Pts',(-23.2317478556156,42.1400146614001,53.2317478556156));
#2535=CARTESIAN_POINT('Ctrl Pts',(0.,42.1400146614001,53.2317478556156));
#2536=CARTESIAN_POINT('Ctrl Pts',(23.2317478556156,42.1400146614001,53.2317478556156));
#2537=CARTESIAN_POINT('Ctrl Pts',(23.2317478556156,42.1400146614001,30.));
#2538=CARTESIAN_POINT('Ctrl Pts',(23.2317478556156,42.1400146614001,6.76825214438438));
#2539=CARTESIAN_POINT('Ctrl Pts',(0.,42.1400146614001,6.76825214438438));
#2540=CARTESIAN_POINT('Ctrl Pts',(0.,41.4650866230136,6.60462381472005));
#2541=CARTESIAN_POINT('Ctrl Pts',(-23.39537618528,41.4650866230136,6.60462381472005));
#2542=CARTESIAN_POINT('Ctrl Pts',(-23.39537618528,41.4650866230136,30.));
#2543=CARTESIAN_POINT('Ctrl Pts',(-23.39537618528,41.4650866230136,53.39537618528));
#2544=CARTESIAN_POINT('Ctrl Pts',(0.,41.4650866230136,53.39537618528));
#2545=CARTESIAN_POINT('Ctrl Pts',(23.39537618528,41.4650866230136,53.39537618528));
#2546=CARTESIAN_POINT('Ctrl Pts',(23.39537618528,41.4650866230136,30.));
#2547=CARTESIAN_POINT('Ctrl Pts',(23.39537618528,41.4650866230136,6.60462381472005));
#2548=CARTESIAN_POINT('Ctrl Pts',(0.,41.4650866230136,6.60462381472005));
#2549=CARTESIAN_POINT('Ctrl Pts',(0.,40.7899888280214,6.44247514684256));
#2550=CARTESIAN_POINT('Ctrl Pts',(-23.5575248531574,40.7899888280214,6.44247514684256));
#2551=CARTESIAN_POINT('Ctrl Pts',(-23.5575248531574,40.7899888280214,30.));
#2552=CARTESIAN_POINT('Ctrl Pts',(-23.5575248531574,40.7899888280214,53.5575248531574));
#2553=CARTESIAN_POINT('Ctrl Pts',(0.,40.7899888280214,53.5575248531574));
#2554=CARTESIAN_POINT('Ctrl Pts',(23.5575248531574,40.7899888280214,53.5575248531574));
#2555=CARTESIAN_POINT('Ctrl Pts',(23.5575248531574,40.7899888280214,30.));
#2556=CARTESIAN_POINT('Ctrl Pts',(23.5575248531574,40.7899888280214,6.44247514684256));
#2557=CARTESIAN_POINT('Ctrl Pts',(0.,40.7899888280214,6.44247514684256));
#2558=CARTESIAN_POINT('Ctrl Pts',(0.,40.1147226074173,6.28180758393746));
#2559=CARTESIAN_POINT('Ctrl Pts',(-23.7181924160625,40.1147226074173,6.28180758393746));
#2560=CARTESIAN_POINT('Ctrl Pts',(-23.7181924160625,40.1147226074173,30.));
#2561=CARTESIAN_POINT('Ctrl Pts',(-23.7181924160625,40.1147226074173,53.7181924160625));
#2562=CARTESIAN_POINT('Ctrl Pts',(0.,40.1147226074173,53.7181924160625));
#2563=CARTESIAN_POINT('Ctrl Pts',(23.7181924160625,40.1147226074173,53.7181924160625));
#2564=CARTESIAN_POINT('Ctrl Pts',(23.7181924160625,40.1147226074173,30.));
#2565=CARTESIAN_POINT('Ctrl Pts',(23.7181924160625,40.1147226074173,6.28180758393748));
#2566=CARTESIAN_POINT('Ctrl Pts',(0.,40.1147226074173,6.28180758393746));
#2567=CARTESIAN_POINT('Ctrl Pts',(0.,39.4392892405739,6.12262309997108));
#2568=CARTESIAN_POINT('Ctrl Pts',(-23.8773769000289,39.4392892405739,6.12262309997108));
#2569=CARTESIAN_POINT('Ctrl Pts',(-23.8773769000289,39.4392892405739,30.));
#2570=CARTESIAN_POINT('Ctrl Pts',(-23.8773769000289,39.4392892405739,53.8773769000289));
#2571=CARTESIAN_POINT('Ctrl Pts',(0.,39.4392892405739,53.8773769000289));
#2572=CARTESIAN_POINT('Ctrl Pts',(23.8773769000289,39.4392892405739,53.8773769000289));
#2573=CARTESIAN_POINT('Ctrl Pts',(23.8773769000289,39.4392892405739,30.));
#2574=CARTESIAN_POINT('Ctrl Pts',(23.8773769000289,39.4392892405739,6.12262309997108));
#2575=CARTESIAN_POINT('Ctrl Pts',(0.,39.4392892405739,6.12262309997108));
#2576=CARTESIAN_POINT('Ctrl Pts',(0.,38.7636899562276,5.96492421717397));
#2577=CARTESIAN_POINT('Ctrl Pts',(-24.035075782826,38.7636899562276,5.96492421717397));
#2578=CARTESIAN_POINT('Ctrl Pts',(-24.035075782826,38.7636899562276,30.));
#2579=CARTESIAN_POINT('Ctrl Pts',(-24.035075782826,38.7636899562276,54.035075782826));
#2580=CARTESIAN_POINT('Ctrl Pts',(0.,38.7636899562276,54.035075782826));
#2581=CARTESIAN_POINT('Ctrl Pts',(24.035075782826,38.7636899562276,54.035075782826));
#2582=CARTESIAN_POINT('Ctrl Pts',(24.035075782826,38.7636899562276,30.));
#2583=CARTESIAN_POINT('Ctrl Pts',(24.035075782826,38.7636899562276,5.96492421717397));
#2584=CARTESIAN_POINT('Ctrl Pts',(0.,38.7636899562276,5.96492421717397));
#2585=CARTESIAN_POINT('Ctrl Pts',(0.,38.0879259339007,5.80871399591414));
#2586=CARTESIAN_POINT('Ctrl Pts',(-24.1912860040859,38.0879259339007,5.80871399591414));
#2587=CARTESIAN_POINT('Ctrl Pts',(-24.1912860040859,38.0879259339007,30.));
#2588=CARTESIAN_POINT('Ctrl Pts',(-24.1912860040859,38.0879259339007,54.1912860040859));
#2589=CARTESIAN_POINT('Ctrl Pts',(0.,38.0879259339007,54.1912860040859));
#2590=CARTESIAN_POINT('Ctrl Pts',(24.1912860040859,38.0879259339007,54.1912860040859));
#2591=CARTESIAN_POINT('Ctrl Pts',(24.1912860040859,38.0879259339007,30.));
#2592=CARTESIAN_POINT('Ctrl Pts',(24.1912860040859,38.0879259339007,5.80871399591414));
#2593=CARTESIAN_POINT('Ctrl Pts',(0.,38.0879259339007,5.80871399591414));
#2594=CARTESIAN_POINT('Ctrl Pts',(0.,37.4119983054358,5.65399601950794));
#2595=CARTESIAN_POINT('Ctrl Pts',(-24.346003980492,37.4119983054358,5.65399601950794));
#2596=CARTESIAN_POINT('Ctrl Pts',(-24.3460039804921,37.4119983054358,30.));
#2597=CARTESIAN_POINT('Ctrl Pts',(-24.3460039804921,37.4119983054358,54.346003980492));
#2598=CARTESIAN_POINT('Ctrl Pts',(0.,37.4119983054358,54.3460039804921));
#2599=CARTESIAN_POINT('Ctrl Pts',(24.346003980492,37.4119983054358,54.3460039804921));
#2600=CARTESIAN_POINT('Ctrl Pts',(24.3460039804921,37.4119983054358,30.));
#2601=CARTESIAN_POINT('Ctrl Pts',(24.3460039804921,37.4119983054358,5.65399601950796));
#2602=CARTESIAN_POINT('Ctrl Pts',(0.,37.4119983054358,5.65399601950794));
#2603=CARTESIAN_POINT('Ctrl Pts',(0.,36.7359081565461,5.50077437948628));
#2604=CARTESIAN_POINT('Ctrl Pts',(-24.4992256205137,36.7359081565461,5.50077437948628));
#2605=CARTESIAN_POINT('Ctrl Pts',(-24.4992256205137,36.7359081565461,30.));
#2606=CARTESIAN_POINT('Ctrl Pts',(-24.4992256205137,36.7359081565461,54.4992256205137));
#2607=CARTESIAN_POINT('Ctrl Pts',(0.,36.7359081565461,54.4992256205137));
#2608=CARTESIAN_POINT('Ctrl Pts',(24.4992256205137,36.7359081565461,54.4992256205137));
#2609=CARTESIAN_POINT('Ctrl Pts',(24.4992256205137,36.7359081565461,30.));
#2610=CARTESIAN_POINT('Ctrl Pts',(24.4992256205137,36.7359081565461,5.50077437948628));
#2611=CARTESIAN_POINT('Ctrl Pts',(0.,36.7359081565461,5.50077437948628));
#2612=CARTESIAN_POINT('Ctrl Pts',(0.,36.0596565283703,5.3490536624996));
#2613=CARTESIAN_POINT('Ctrl Pts',(-24.6509463375004,36.0596565283703,5.3490536624996));
#2614=CARTESIAN_POINT('Ctrl Pts',(-24.6509463375004,36.0596565283703,30.));
#2615=CARTESIAN_POINT('Ctrl Pts',(-24.6509463375004,36.0596565283703,54.6509463375004));
#2616=CARTESIAN_POINT('Ctrl Pts',(0.,36.0596565283703,54.6509463375004));
#2617=CARTESIAN_POINT('Ctrl Pts',(24.6509463375004,36.0596565283703,54.6509463375004));
#2618=CARTESIAN_POINT('Ctrl Pts',(24.6509463375004,36.0596565283703,30.));
#2619=CARTESIAN_POINT('Ctrl Pts',(24.6509463375004,36.0596565283703,5.34905366249962));
#2620=CARTESIAN_POINT('Ctrl Pts',(0.,36.0596565283703,5.3490536624996));
#2621=CARTESIAN_POINT('Ctrl Pts',(0.,35.3832444191558,5.19883893029302));
#2622=CARTESIAN_POINT('Ctrl Pts',(-24.801161069707,35.3832444191558,5.19883893029302));
#2623=CARTESIAN_POINT('Ctrl Pts',(-24.801161069707,35.3832444191558,30.));
#2624=CARTESIAN_POINT('Ctrl Pts',(-24.801161069707,35.3832444191558,54.801161069707));
#2625=CARTESIAN_POINT('Ctrl Pts',(0.,35.3832444191558,54.801161069707));
#2626=CARTESIAN_POINT('Ctrl Pts',(24.801161069707,35.3832444191558,54.801161069707));
#2627=CARTESIAN_POINT('Ctrl Pts',(24.801161069707,35.3832444191558,30.));
#2628=CARTESIAN_POINT('Ctrl Pts',(24.801161069707,35.3832444191558,5.19883893029302));
#2629=CARTESIAN_POINT('Ctrl Pts',(0.,35.3832444191558,5.19883893029302));
#2630=CARTESIAN_POINT('Ctrl Pts',(0.,34.7066727846995,5.05013578441522));
#2631=CARTESIAN_POINT('Ctrl Pts',(-24.9498642155848,34.7066727846995,5.05013578441522));
#2632=CARTESIAN_POINT('Ctrl Pts',(-24.9498642155848,34.7066727846995,30.));
#2633=CARTESIAN_POINT('Ctrl Pts',(-24.9498642155848,34.7066727846995,54.9498642155848));
#2634=CARTESIAN_POINT('Ctrl Pts',(0.,34.7066727846995,54.9498642155848));
#2635=CARTESIAN_POINT('Ctrl Pts',(24.9498642155848,34.7066727846995,54.9498642155848));
#2636=CARTESIAN_POINT('Ctrl Pts',(24.9498642155848,34.7066727846995,30.));
#2637=CARTESIAN_POINT('Ctrl Pts',(24.9498642155848,34.7066727846995,5.05013578441524));
#2638=CARTESIAN_POINT('Ctrl Pts',(0.,34.7066727846995,5.05013578441522));
#2639=CARTESIAN_POINT('Ctrl Pts',(0.,34.0299425386848,4.90295043939415));
#2640=CARTESIAN_POINT('Ctrl Pts',(-25.0970495606058,34.0299425386848,4.90295043939415));
#2641=CARTESIAN_POINT('Ctrl Pts',(-25.0970495606058,34.0299425386848,30.));
#2642=CARTESIAN_POINT('Ctrl Pts',(-25.0970495606058,34.0299425386848,55.0970495606058));
#2643=CARTESIAN_POINT('Ctrl Pts',(0.,34.0299425386848,55.0970495606058));
#2644=CARTESIAN_POINT('Ctrl Pts',(25.0970495606058,34.0299425386848,55.0970495606058));
#2645=CARTESIAN_POINT('Ctrl Pts',(25.0970495606058,34.0299425386848,30.));
#2646=CARTESIAN_POINT('Ctrl Pts',(25.0970495606058,34.0299425386848,4.90295043939417));
#2647=CARTESIAN_POINT('Ctrl Pts',(0.,34.0299425386848,4.90295043939415));
#2648=CARTESIAN_POINT('Ctrl Pts',(0.,33.3530545530929,4.75728979308011));
#2649=CARTESIAN_POINT('Ctrl Pts',(-25.2427102069199,33.3530545530929,4.75728979308011));
#2650=CARTESIAN_POINT('Ctrl Pts',(-25.2427102069199,33.3530545530929,30.));
#2651=CARTESIAN_POINT('Ctrl Pts',(-25.2427102069199,33.3530545530929,55.2427102069199));
#2652=CARTESIAN_POINT('Ctrl Pts',(0.,33.3530545530929,55.2427102069199));
#2653=CARTESIAN_POINT('Ctrl Pts',(25.2427102069199,33.3530545530929,55.2427102069199));
#2654=CARTESIAN_POINT('Ctrl Pts',(25.2427102069199,33.3530545530929,30.));
#2655=CARTESIAN_POINT('Ctrl Pts',(25.2427102069199,33.3530545530929,4.75728979308013));
#2656=CARTESIAN_POINT('Ctrl Pts',(0.,33.3530545530929,4.75728979308011));
#2657=CARTESIAN_POINT('Ctrl Pts',(0.,32.6760096586333,4.61316149664436));
#2658=CARTESIAN_POINT('Ctrl Pts',(-25.3868385033556,32.6760096586333,4.61316149664436));
#2659=CARTESIAN_POINT('Ctrl Pts',(-25.3868385033556,32.6760096586333,30.));
#2660=CARTESIAN_POINT('Ctrl Pts',(-25.3868385033556,32.6760096586333,55.3868385033556));
#2661=CARTESIAN_POINT('Ctrl Pts',(0.,32.6760096586333,55.3868385033556));
#2662=CARTESIAN_POINT('Ctrl Pts',(25.3868385033556,32.6760096586333,55.3868385033556));
#2663=CARTESIAN_POINT('Ctrl Pts',(25.3868385033556,32.6760096586333,30.));
#2664=CARTESIAN_POINT('Ctrl Pts',(25.3868385033556,32.6760096586333,4.61316149664437));
#2665=CARTESIAN_POINT('Ctrl Pts',(0.,32.6760096586333,4.61316149664436));
#2666=CARTESIAN_POINT('Ctrl Pts',(0.,31.9988086451917,4.47057402776821));
#2667=CARTESIAN_POINT('Ctrl Pts',(-25.5294259722318,31.9988086451917,4.47057402776821));
#2668=CARTESIAN_POINT('Ctrl Pts',(-25.5294259722318,31.9988086451917,30.));
#2669=CARTESIAN_POINT('Ctrl Pts',(-25.5294259722318,31.9988086451917,55.5294259722318));
#2670=CARTESIAN_POINT('Ctrl Pts',(0.,31.9988086451917,55.5294259722318));
#2671=CARTESIAN_POINT('Ctrl Pts',(25.5294259722318,31.9988086451917,55.5294259722318));
#2672=CARTESIAN_POINT('Ctrl Pts',(25.5294259722318,31.9988086451917,30.));
#2673=CARTESIAN_POINT('Ctrl Pts',(25.5294259722318,31.9988086451917,4.47057402776823));
#2674=CARTESIAN_POINT('Ctrl Pts',(0.,31.9988086451917,4.47057402776821));
#2675=CARTESIAN_POINT('Ctrl Pts',(0.,31.3214522631283,4.32953659584587));
#2676=CARTESIAN_POINT('Ctrl Pts',(-25.6704634041541,31.3214522631283,4.32953659584587));
#2677=CARTESIAN_POINT('Ctrl Pts',(-25.6704634041541,31.3214522631283,30.));
#2678=CARTESIAN_POINT('Ctrl Pts',(-25.6704634041541,31.3214522631283,55.6704634041541));
#2679=CARTESIAN_POINT('Ctrl Pts',(0.,31.3214522631283,55.6704634041541));
#2680=CARTESIAN_POINT('Ctrl Pts',(25.6704634041541,31.3214522631283,55.6704634041541));
#2681=CARTESIAN_POINT('Ctrl Pts',(25.6704634041541,31.3214522631283,30.));
#2682=CARTESIAN_POINT('Ctrl Pts',(25.6704634041541,31.3214522631283,4.32953659584587));
#2683=CARTESIAN_POINT('Ctrl Pts',(0.,31.3214522631283,4.32953659584587));
#2684=CARTESIAN_POINT('Ctrl Pts',(0.,30.6439412246393,4.19005904077711));
#2685=CARTESIAN_POINT('Ctrl Pts',(-25.8099409592229,30.6439412246393,4.19005904077711));
#2686=CARTESIAN_POINT('Ctrl Pts',(-25.8099409592229,30.6439412246393,30.));
#2687=CARTESIAN_POINT('Ctrl Pts',(-25.8099409592229,30.6439412246393,55.8099409592229));
#2688=CARTESIAN_POINT('Ctrl Pts',(0.,30.6439412246393,55.8099409592229));
#2689=CARTESIAN_POINT('Ctrl Pts',(25.8099409592229,30.6439412246393,55.8099409592229));
#2690=CARTESIAN_POINT('Ctrl Pts',(25.8099409592229,30.6439412246393,30.));
#2691=CARTESIAN_POINT('Ctrl Pts',(25.8099409592229,30.6439412246393,4.19005904077713));
#2692=CARTESIAN_POINT('Ctrl Pts',(0.,30.6439412246393,4.19005904077711));
#2693=CARTESIAN_POINT('Ctrl Pts',(0.,29.9662762051153,4.05215173673762));
#2694=CARTESIAN_POINT('Ctrl Pts',(-25.9478482632624,29.9662762051153,4.05215173673762));
#2695=CARTESIAN_POINT('Ctrl Pts',(-25.9478482632624,29.9662762051153,30.));
#2696=CARTESIAN_POINT('Ctrl Pts',(-25.9478482632624,29.9662762051153,55.9478482632624));
#2697=CARTESIAN_POINT('Ctrl Pts',(0.,29.9662762051153,55.9478482632624));
#2698=CARTESIAN_POINT('Ctrl Pts',(25.9478482632624,29.9662762051153,55.9478482632624));
#2699=CARTESIAN_POINT('Ctrl Pts',(25.9478482632624,29.9662762051153,30.));
#2700=CARTESIAN_POINT('Ctrl Pts',(25.9478482632624,29.9662762051153,4.05215173673763));
#2701=CARTESIAN_POINT('Ctrl Pts',(0.,29.9662762051153,4.05215173673762));
#2702=CARTESIAN_POINT('Ctrl Pts',(0.,29.2884578445913,3.91582548669195));
#2703=CARTESIAN_POINT('Ctrl Pts',(-26.084174513308,29.2884578445913,3.91582548669195));
#2704=CARTESIAN_POINT('Ctrl Pts',(-26.084174513308,29.2884578445913,30.));
#2705=CARTESIAN_POINT('Ctrl Pts',(-26.084174513308,29.2884578445913,56.084174513308));
#2706=CARTESIAN_POINT('Ctrl Pts',(0.,29.2884578445913,56.084174513308));
#2707=CARTESIAN_POINT('Ctrl Pts',(26.084174513308,29.2884578445913,56.084174513308));
#2708=CARTESIAN_POINT('Ctrl Pts',(26.0841745133081,29.2884578445913,30.));
#2709=CARTESIAN_POINT('Ctrl Pts',(26.0841745133081,29.2884578445913,3.91582548669195));
#2710=CARTESIAN_POINT('Ctrl Pts',(0.,29.2884578445913,3.91582548669195));
#2711=CARTESIAN_POINT('Ctrl Pts',(0.,28.6104867490701,3.78109143927452));
#2712=CARTESIAN_POINT('Ctrl Pts',(-26.2189085607255,28.6104867490701,3.78109143927452));
#2713=CARTESIAN_POINT('Ctrl Pts',(-26.2189085607255,28.6104867490701,30.));
#2714=CARTESIAN_POINT('Ctrl Pts',(-26.2189085607255,28.6104867490701,56.2189085607255));
#2715=CARTESIAN_POINT('Ctrl Pts',(0.,28.6104867490701,56.2189085607255));
#2716=CARTESIAN_POINT('Ctrl Pts',(26.2189085607255,28.6104867490701,56.2189085607255));
#2717=CARTESIAN_POINT('Ctrl Pts',(26.2189085607255,28.6104867490701,30.));
#2718=CARTESIAN_POINT('Ctrl Pts',(26.2189085607255,28.6104867490701,3.78109143927453));
#2719=CARTESIAN_POINT('Ctrl Pts',(0.,28.6104867490701,3.78109143927452));
#2720=CARTESIAN_POINT('Ctrl Pts',(0.,27.9323634888625,3.64796143471589));
#2721=CARTESIAN_POINT('Ctrl Pts',(-26.3520385652841,27.9323634888625,3.64796143471589));
#2722=CARTESIAN_POINT('Ctrl Pts',(-26.3520385652841,27.9323634888625,30.));
#2723=CARTESIAN_POINT('Ctrl Pts',(-26.3520385652841,27.9323634888625,56.3520385652841));
#2724=CARTESIAN_POINT('Ctrl Pts',(0.,27.9323634888625,56.3520385652841));
#2725=CARTESIAN_POINT('Ctrl Pts',(26.3520385652841,27.9323634888625,56.3520385652841));
#2726=CARTESIAN_POINT('Ctrl Pts',(26.3520385652841,27.9323634888625,30.));
#2727=CARTESIAN_POINT('Ctrl Pts',(26.3520385652841,27.9323634888625,3.6479614347159));
#2728=CARTESIAN_POINT('Ctrl Pts',(0.,27.9323634888625,3.64796143471589));
#2729=CARTESIAN_POINT('Ctrl Pts',(0.,27.2540885970315,3.51644834123494));
#2730=CARTESIAN_POINT('Ctrl Pts',(-26.483551658765,27.2540885970315,3.51644834123494));
#2731=CARTESIAN_POINT('Ctrl Pts',(-26.4835516587651,27.2540885970315,30.));
#2732=CARTESIAN_POINT('Ctrl Pts',(-26.4835516587651,27.2540885970315,56.483551658765));
#2733=CARTESIAN_POINT('Ctrl Pts',(0.,27.2540885970315,56.4835516587651));
#2734=CARTESIAN_POINT('Ctrl Pts',(26.483551658765,27.2540885970315,56.4835516587651));
#2735=CARTESIAN_POINT('Ctrl Pts',(26.4835516587651,27.2540885970315,30.));
#2736=CARTESIAN_POINT('Ctrl Pts',(26.4835516587651,27.2540885970315,3.51644834123496));
#2737=CARTESIAN_POINT('Ctrl Pts',(0.,27.2540885970315,3.51644834123494));
#2738=CARTESIAN_POINT('Ctrl Pts',(0.,26.575662567943,3.38656637724988));
#2739=CARTESIAN_POINT('Ctrl Pts',(-26.6134336227501,26.575662567943,3.38656637724988));
#2740=CARTESIAN_POINT('Ctrl Pts',(-26.6134336227501,26.575662567943,30.));
#2741=CARTESIAN_POINT('Ctrl Pts',(-26.6134336227501,26.575662567943,56.6134336227501));
#2742=CARTESIAN_POINT('Ctrl Pts',(0.,26.575662567943,56.6134336227501));
#2743=CARTESIAN_POINT('Ctrl Pts',(26.6134336227501,26.575662567943,56.6134336227501));
#2744=CARTESIAN_POINT('Ctrl Pts',(26.6134336227501,26.575662567943,30.));
#2745=CARTESIAN_POINT('Ctrl Pts',(26.6134336227501,26.575662567943,3.3865663772499));
#2746=CARTESIAN_POINT('Ctrl Pts',(0.,26.575662567943,3.38656637724988));
#2747=CARTESIAN_POINT('Ctrl Pts',(0.,25.8970858555706,3.25833148007696));
#2748=CARTESIAN_POINT('Ctrl Pts',(-26.741668519923,25.8970858555706,3.25833148007696));
#2749=CARTESIAN_POINT('Ctrl Pts',(-26.741668519923,25.8970858555706,30.));
#2750=CARTESIAN_POINT('Ctrl Pts',(-26.741668519923,25.8970858555706,56.741668519923));
#2751=CARTESIAN_POINT('Ctrl Pts',(0.,25.8970858555706,56.741668519923));
#2752=CARTESIAN_POINT('Ctrl Pts',(26.741668519923,25.8970858555706,56.741668519923));
#2753=CARTESIAN_POINT('Ctrl Pts',(26.741668519923,25.8970858555706,30.));
#2754=CARTESIAN_POINT('Ctrl Pts',(26.741668519923,25.8970858555706,3.25833148007698));
#2755=CARTESIAN_POINT('Ctrl Pts',(0.,25.8970858555706,3.25833148007696));
#2756=CARTESIAN_POINT('Ctrl Pts',(0.,25.2183588726471,3.13176153697233));
#2757=CARTESIAN_POINT('Ctrl Pts',(-26.8682384630277,25.2183588726471,3.13176153697233));
#2758=CARTESIAN_POINT('Ctrl Pts',(-26.8682384630277,25.2183588726471,30.));
#2759=CARTESIAN_POINT('Ctrl Pts',(-26.8682384630277,25.2183588726471,56.8682384630277));
#2760=CARTESIAN_POINT('Ctrl Pts',(0.,25.2183588726471,56.8682384630277));
#2761=CARTESIAN_POINT('Ctrl Pts',(26.8682384630277,25.2183588726471,56.8682384630277));
#2762=CARTESIAN_POINT('Ctrl Pts',(26.8682384630277,25.2183588726471,30.));
#2763=CARTESIAN_POINT('Ctrl Pts',(26.8682384630277,25.2183588726471,3.13176153697235));
#2764=CARTESIAN_POINT('Ctrl Pts',(0.,25.2183588726471,3.13176153697233));
#2765=CARTESIAN_POINT('Ctrl Pts',(0.,24.5394819951987,3.00687571265083));
#2766=CARTESIAN_POINT('Ctrl Pts',(-26.9931242873492,24.5394819951987,3.00687571265083));
#2767=CARTESIAN_POINT('Ctrl Pts',(-26.9931242873492,24.5394819951987,30.));
#2768=CARTESIAN_POINT('Ctrl Pts',(-26.9931242873492,24.5394819951987,56.9931242873492));
#2769=CARTESIAN_POINT('Ctrl Pts',(0.,24.5394819951987,56.9931242873492));
#2770=CARTESIAN_POINT('Ctrl Pts',(26.9931242873492,24.5394819951987,56.9931242873492));
#2771=CARTESIAN_POINT('Ctrl Pts',(26.9931242873492,24.5394819951987,30.));
#2772=CARTESIAN_POINT('Ctrl Pts',(26.9931242873492,24.5394819951987,3.00687571265083));
#2773=CARTESIAN_POINT('Ctrl Pts',(0.,24.5394819951987,3.00687571265083));
#2774=CARTESIAN_POINT('Ctrl Pts',(0.,23.860455566775,2.8836938351855));
#2775=CARTESIAN_POINT('Ctrl Pts',(-27.1163061648145,23.860455566775,2.8836938351855));
#2776=CARTESIAN_POINT('Ctrl Pts',(-27.1163061648145,23.860455566775,30.));
#2777=CARTESIAN_POINT('Ctrl Pts',(-27.1163061648145,23.860455566775,57.1163061648145));
#2778=CARTESIAN_POINT('Ctrl Pts',(0.,23.860455566775,57.1163061648145));
#2779=CARTESIAN_POINT('Ctrl Pts',(27.1163061648145,23.860455566775,57.1163061648145));
#2780=CARTESIAN_POINT('Ctrl Pts',(27.1163061648145,23.860455566775,30.));
#2781=CARTESIAN_POINT('Ctrl Pts',(27.1163061648145,23.860455566775,2.88369383518551));
#2782=CARTESIAN_POINT('Ctrl Pts',(0.,23.860455566775,2.8836938351855));
#2783=CARTESIAN_POINT('Ctrl Pts',(0.,23.1812799023902,2.76223583066189));
#2784=CARTESIAN_POINT('Ctrl Pts',(-27.2377641693381,23.1812799023902,2.76223583066189));
#2785=CARTESIAN_POINT('Ctrl Pts',(-27.2377641693381,23.1812799023902,30.));
#2786=CARTESIAN_POINT('Ctrl Pts',(-27.2377641693381,23.1812799023902,57.2377641693381));
#2787=CARTESIAN_POINT('Ctrl Pts',(0.,23.1812799023902,57.2377641693381));
#2788=CARTESIAN_POINT('Ctrl Pts',(27.2377641693381,23.1812799023902,57.2377641693381));
#2789=CARTESIAN_POINT('Ctrl Pts',(27.2377641693381,23.1812799023902,30.));
#2790=CARTESIAN_POINT('Ctrl Pts',(27.2377641693381,23.1812799023902,2.76223583066189));
#2791=CARTESIAN_POINT('Ctrl Pts',(0.,23.1812799023902,2.76223583066189));
#2792=CARTESIAN_POINT('Ctrl Pts',(0.,22.5019552936773,2.6425209687258));
#2793=CARTESIAN_POINT('Ctrl Pts',(-27.3574790312742,22.5019552936773,2.6425209687258));
#2794=CARTESIAN_POINT('Ctrl Pts',(-27.3574790312742,22.5019552936773,30.));
#2795=CARTESIAN_POINT('Ctrl Pts',(-27.3574790312742,22.5019552936773,57.3574790312742));
#2796=CARTESIAN_POINT('Ctrl Pts',(0.,22.5019552936773,57.3574790312742));
#2797=CARTESIAN_POINT('Ctrl Pts',(27.3574790312742,22.5019552936773,57.3574790312742));
#2798=CARTESIAN_POINT('Ctrl Pts',(27.3574790312742,22.5019552936773,30.));
#2799=CARTESIAN_POINT('Ctrl Pts',(27.3574790312742,22.5019552936773,2.64252096872582));
#2800=CARTESIAN_POINT('Ctrl Pts',(0.,22.5019552936773,2.6425209687258));
#2801=CARTESIAN_POINT('Ctrl Pts',(0.,21.8224820103761,2.52456770009257));
#2802=CARTESIAN_POINT('Ctrl Pts',(-27.4754322999074,21.8224820103761,2.52456770009257));
#2803=CARTESIAN_POINT('Ctrl Pts',(-27.4754322999074,21.8224820103761,30.));
#2804=CARTESIAN_POINT('Ctrl Pts',(-27.4754322999074,21.8224820103761,57.4754322999074));
#2805=CARTESIAN_POINT('Ctrl Pts',(0.,21.8224820103761,57.4754322999074));
#2806=CARTESIAN_POINT('Ctrl Pts',(27.4754322999074,21.8224820103761,57.4754322999074));
#2807=CARTESIAN_POINT('Ctrl Pts',(27.4754322999074,21.8224820103761,30.));
#2808=CARTESIAN_POINT('Ctrl Pts',(27.4754322999074,21.8224820103761,2.52456770009257));
#2809=CARTESIAN_POINT('Ctrl Pts',(0.,21.8224820103761,2.52456770009257));
#2810=CARTESIAN_POINT('Ctrl Pts',(0.,21.1428602889185,2.40839556474839));
#2811=CARTESIAN_POINT('Ctrl Pts',(-27.5916044352516,21.1428602889185,2.40839556474839));
#2812=CARTESIAN_POINT('Ctrl Pts',(-27.5916044352516,21.1428602889185,30.));
#2813=CARTESIAN_POINT('Ctrl Pts',(-27.5916044352516,21.1428602889185,57.5916044352516));
#2814=CARTESIAN_POINT('Ctrl Pts',(0.,21.1428602889185,57.5916044352516));
#2815=CARTESIAN_POINT('Ctrl Pts',(27.5916044352516,21.1428602889185,57.5916044352516));
#2816=CARTESIAN_POINT('Ctrl Pts',(27.5916044352516,21.1428602889185,30.));
#2817=CARTESIAN_POINT('Ctrl Pts',(27.5916044352516,21.1428602889185,2.40839556474841));
#2818=CARTESIAN_POINT('Ctrl Pts',(0.,21.1428602889185,2.40839556474839));
#2819=CARTESIAN_POINT('Ctrl Pts',(0.,20.4630903224132,2.29402688209868));
#2820=CARTESIAN_POINT('Ctrl Pts',(-27.7059731179013,20.4630903224132,2.29402688209868));
#2821=CARTESIAN_POINT('Ctrl Pts',(-27.7059731179013,20.4630903224132,30.));
#2822=CARTESIAN_POINT('Ctrl Pts',(-27.7059731179013,20.4630903224132,57.7059731179013));
#2823=CARTESIAN_POINT('Ctrl Pts',(0.,20.4630903224132,57.7059731179013));
#2824=CARTESIAN_POINT('Ctrl Pts',(27.7059731179013,20.4630903224132,57.7059731179013));
#2825=CARTESIAN_POINT('Ctrl Pts',(27.7059731179013,20.4630903224132,30.));
#2826=CARTESIAN_POINT('Ctrl Pts',(27.7059731179013,20.4630903224132,2.29402688209868));
#2827=CARTESIAN_POINT('Ctrl Pts',(0.,20.4630903224132,2.29402688209868));
#2828=CARTESIAN_POINT('Ctrl Pts',(0.,19.7831722515058,2.18148830186855));
#2829=CARTESIAN_POINT('Ctrl Pts',(-27.8185116981314,19.7831722515058,2.18148830186855));
#2830=CARTESIAN_POINT('Ctrl Pts',(-27.8185116981314,19.7831722515058,30.));
#2831=CARTESIAN_POINT('Ctrl Pts',(-27.8185116981314,19.7831722515058,57.8185116981314));
#2832=CARTESIAN_POINT('Ctrl Pts',(0.,19.7831722515058,57.8185116981315));
#2833=CARTESIAN_POINT('Ctrl Pts',(27.8185116981314,19.7831722515058,57.8185116981315));
#2834=CARTESIAN_POINT('Ctrl Pts',(27.8185116981315,19.7831722515058,30.));
#2835=CARTESIAN_POINT('Ctrl Pts',(27.8185116981315,19.7831722515058,2.18148830186855));
#2836=CARTESIAN_POINT('Ctrl Pts',(0.,19.7831722515058,2.18148830186855));
#2837=CARTESIAN_POINT('Ctrl Pts',(0.,19.1031061516144,2.07081294857176));
#2838=CARTESIAN_POINT('Ctrl Pts',(-27.9291870514282,19.1031061516144,2.07081294857176));
#2839=CARTESIAN_POINT('Ctrl Pts',(-27.9291870514282,19.1031061516144,30.));
#2840=CARTESIAN_POINT('Ctrl Pts',(-27.9291870514282,19.1031061516144,57.9291870514282));
#2841=CARTESIAN_POINT('Ctrl Pts',(0.,19.1031061516144,57.9291870514282));
#2842=CARTESIAN_POINT('Ctrl Pts',(27.9291870514282,19.1031061516144,57.9291870514282));
#2843=CARTESIAN_POINT('Ctrl Pts',(27.9291870514282,19.1031061516144,30.));
#2844=CARTESIAN_POINT('Ctrl Pts',(27.9291870514282,19.1031061516144,2.07081294857177));
#2845=CARTESIAN_POINT('Ctrl Pts',(0.,19.1031061516144,2.07081294857176));
#2846=CARTESIAN_POINT('Ctrl Pts',(0.,18.4228920324547,1.96204057622007));
#2847=CARTESIAN_POINT('Ctrl Pts',(-28.0379594237799,18.4228920324547,1.96204057622007));
#2848=CARTESIAN_POINT('Ctrl Pts',(-28.0379594237799,18.4228920324547,30.));
#2849=CARTESIAN_POINT('Ctrl Pts',(-28.0379594237799,18.4228920324547,58.0379594237799));
#2850=CARTESIAN_POINT('Ctrl Pts',(0.,18.4228920324547,58.0379594237799));
#2851=CARTESIAN_POINT('Ctrl Pts',(28.0379594237799,18.4228920324547,58.0379594237799));
#2852=CARTESIAN_POINT('Ctrl Pts',(28.0379594237799,18.4228920324547,30.));
#2853=CARTESIAN_POINT('Ctrl Pts',(28.0379594237799,18.4228920324547,1.96204057622008));
#2854=CARTESIAN_POINT('Ctrl Pts',(0.,18.4228920324547,1.96204057622007));
#2855=CARTESIAN_POINT('Ctrl Pts',(0.,17.7425298633785,1.85521354208468));
#2856=CARTESIAN_POINT('Ctrl Pts',(-28.1447864579153,17.7425298633785,1.85521354208468));
#2857=CARTESIAN_POINT('Ctrl Pts',(-28.1447864579153,17.7425298633785,30.));
#2858=CARTESIAN_POINT('Ctrl Pts',(-28.1447864579153,17.7425298633785,58.1447864579153));
#2859=CARTESIAN_POINT('Ctrl Pts',(0.,17.7425298633785,58.1447864579153));
#2860=CARTESIAN_POINT('Ctrl Pts',(28.1447864579153,17.7425298633785,58.1447864579153));
#2861=CARTESIAN_POINT('Ctrl Pts',(28.1447864579153,17.7425298633785,30.));
#2862=CARTESIAN_POINT('Ctrl Pts',(28.1447864579153,17.7425298633785,1.85521354208468));
#2863=CARTESIAN_POINT('Ctrl Pts',(0.,17.7425298633785,1.85521354208468));
#2864=CARTESIAN_POINT('Ctrl Pts',(0.,17.0620195954107,1.7503733184207));
#2865=CARTESIAN_POINT('Ctrl Pts',(-28.2496266815793,17.0620195954107,1.7503733184207));
#2866=CARTESIAN_POINT('Ctrl Pts',(-28.2496266815793,17.0620195954107,30.));
#2867=CARTESIAN_POINT('Ctrl Pts',(-28.2496266815793,17.0620195954107,58.2496266815793));
#2868=CARTESIAN_POINT('Ctrl Pts',(0.,17.0620195954107,58.2496266815793));
#2869=CARTESIAN_POINT('Ctrl Pts',(28.2496266815793,17.0620195954107,58.2496266815793));
#2870=CARTESIAN_POINT('Ctrl Pts',(28.2496266815793,17.0620195954107,30.));
#2871=CARTESIAN_POINT('Ctrl Pts',(28.2496266815793,17.0620195954107,1.7503733184207));
#2872=CARTESIAN_POINT('Ctrl Pts',(0.,17.0620195954107,1.7503733184207));
#2873=CARTESIAN_POINT('Ctrl Pts',(0.,16.3813611805407,1.6475574582484));
#2874=CARTESIAN_POINT('Ctrl Pts',(-28.3524425417516,16.3813611805407,1.6475574582484));
#2875=CARTESIAN_POINT('Ctrl Pts',(-28.3524425417516,16.3813611805407,30.));
#2876=CARTESIAN_POINT('Ctrl Pts',(-28.3524425417516,16.3813611805407,58.3524425417516));
#2877=CARTESIAN_POINT('Ctrl Pts',(0.,16.3813611805407,58.3524425417516));
#2878=CARTESIAN_POINT('Ctrl Pts',(28.3524425417516,16.3813611805407,58.3524425417516));
#2879=CARTESIAN_POINT('Ctrl Pts',(28.3524425417516,16.3813611805407,30.));
#2880=CARTESIAN_POINT('Ctrl Pts',(28.3524425417516,16.3813611805407,1.64755745824841));
#2881=CARTESIAN_POINT('Ctrl Pts',(0.,16.3813611805407,1.6475574582484));
#2882=CARTESIAN_POINT('Ctrl Pts',(0.,15.7005546021187,1.54679475517142));
#2883=CARTESIAN_POINT('Ctrl Pts',(-28.4532052448286,15.7005546021187,1.54679475517142));
#2884=CARTESIAN_POINT('Ctrl Pts',(-28.4532052448286,15.7005546021187,30.));
#2885=CARTESIAN_POINT('Ctrl Pts',(-28.4532052448286,15.7005546021187,58.4532052448286));
#2886=CARTESIAN_POINT('Ctrl Pts',(0.,15.7005546021187,58.4532052448286));
#2887=CARTESIAN_POINT('Ctrl Pts',(28.4532052448286,15.7005546021187,58.4532052448286));
#2888=CARTESIAN_POINT('Ctrl Pts',(28.4532052448286,15.7005546021187,30.));
#2889=CARTESIAN_POINT('Ctrl Pts',(28.4532052448286,15.7005546021187,1.54679475517142));
#2890=CARTESIAN_POINT('Ctrl Pts',(0.,15.7005546021187,1.54679475517142));
#2891=CARTESIAN_POINT('Ctrl Pts',(0.,15.0195998653813,1.4481069067504));
#2892=CARTESIAN_POINT('Ctrl Pts',(-28.5518930932496,15.0195998653813,1.4481069067504));
#2893=CARTESIAN_POINT('Ctrl Pts',(-28.5518930932496,15.0195998653813,30.));
#2894=CARTESIAN_POINT('Ctrl Pts',(-28.5518930932496,15.0195998653813,58.5518930932496));
#2895=CARTESIAN_POINT('Ctrl Pts',(0.,15.0195998653813,58.5518930932496));
#2896=CARTESIAN_POINT('Ctrl Pts',(28.5518930932496,15.0195998653813,58.5518930932496));
#2897=CARTESIAN_POINT('Ctrl Pts',(28.5518930932496,15.0195998653813,30.));
#2898=CARTESIAN_POINT('Ctrl Pts',(28.5518930932496,15.0195998653813,1.4481069067504));
#2899=CARTESIAN_POINT('Ctrl Pts',(0.,15.0195998653813,1.4481069067504));
#2900=CARTESIAN_POINT('Ctrl Pts',(0.,14.3384969348156,1.35151885502141));
#2901=CARTESIAN_POINT('Ctrl Pts',(-28.6484811449786,14.3384969348156,1.35151885502141));
#2902=CARTESIAN_POINT('Ctrl Pts',(-28.6484811449786,14.3384969348156,30.));
#2903=CARTESIAN_POINT('Ctrl Pts',(-28.6484811449786,14.3384969348156,58.6484811449786));
#2904=CARTESIAN_POINT('Ctrl Pts',(0.,14.3384969348156,58.6484811449786));
#2905=CARTESIAN_POINT('Ctrl Pts',(28.6484811449786,14.3384969348156,58.6484811449786));
#2906=CARTESIAN_POINT('Ctrl Pts',(28.6484811449786,14.3384969348156,30.));
#2907=CARTESIAN_POINT('Ctrl Pts',(28.6484811449786,14.3384969348156,1.35151885502141));
#2908=CARTESIAN_POINT('Ctrl Pts',(0.,14.3384969348156,1.35151885502141));
#2909=CARTESIAN_POINT('Ctrl Pts',(0.,13.6572456797123,1.2570677850556));
#2910=CARTESIAN_POINT('Ctrl Pts',(-28.7429322149444,13.6572456797123,1.2570677850556));
#2911=CARTESIAN_POINT('Ctrl Pts',(-28.7429322149444,13.6572456797123,30.));
#2912=CARTESIAN_POINT('Ctrl Pts',(-28.7429322149444,13.6572456797123,58.7429322149444));
#2913=CARTESIAN_POINT('Ctrl Pts',(0.,13.6572456797123,58.7429322149444));
#2914=CARTESIAN_POINT('Ctrl Pts',(28.7429322149444,13.6572456797123,58.7429322149444));
#2915=CARTESIAN_POINT('Ctrl Pts',(28.7429322149444,13.6572456797123,30.));
#2916=CARTESIAN_POINT('Ctrl Pts',(28.7429322149444,13.6572456797123,1.2570677850556));
#2917=CARTESIAN_POINT('Ctrl Pts',(0.,13.6572456797123,1.2570677850556));
#2918=CARTESIAN_POINT('Ctrl Pts',(0.,12.9758458268761,1.16481098811988));
#2919=CARTESIAN_POINT('Ctrl Pts',(-28.8351890118801,12.9758458268761,1.16481098811988));
#2920=CARTESIAN_POINT('Ctrl Pts',(-28.8351890118801,12.9758458268761,30.));
#2921=CARTESIAN_POINT('Ctrl Pts',(-28.8351890118801,12.9758458268761,58.8351890118801));
#2922=CARTESIAN_POINT('Ctrl Pts',(0.,12.9758458268761,58.8351890118801));
#2923=CARTESIAN_POINT('Ctrl Pts',(28.8351890118801,12.9758458268761,58.8351890118801));
#2924=CARTESIAN_POINT('Ctrl Pts',(28.8351890118801,12.9758458268761,30.));
#2925=CARTESIAN_POINT('Ctrl Pts',(28.8351890118801,12.9758458268761,1.1648109881199));
#2926=CARTESIAN_POINT('Ctrl Pts',(0.,12.9758458268761,1.16481098811988));
#2927=CARTESIAN_POINT('Ctrl Pts',(0.,12.2942968847449,1.07483832568608));
#2928=CARTESIAN_POINT('Ctrl Pts',(-28.9251616743139,12.2942968847449,1.07483832568608));
#2929=CARTESIAN_POINT('Ctrl Pts',(-28.9251616743139,12.2942968847449,30.));
#2930=CARTESIAN_POINT('Ctrl Pts',(-28.9251616743139,12.2942968847449,58.9251616743139));
#2931=CARTESIAN_POINT('Ctrl Pts',(0.,12.2942968847449,58.9251616743139));
#2932=CARTESIAN_POINT('Ctrl Pts',(28.9251616743139,12.2942968847449,58.9251616743139));
#2933=CARTESIAN_POINT('Ctrl Pts',(28.9251616743139,12.2942968847449,30.));
#2934=CARTESIAN_POINT('Ctrl Pts',(28.9251616743139,12.2942968847449,1.07483832568608));
#2935=CARTESIAN_POINT('Ctrl Pts',(0.,12.2942968847449,1.07483832568608));
#2936=CARTESIAN_POINT('Ctrl Pts',(0.,11.6125981826179,0.987266182564941));
#2937=CARTESIAN_POINT('Ctrl Pts',(-29.0127338174351,11.6125981826179,0.987266182564941));
#2938=CARTESIAN_POINT('Ctrl Pts',(-29.0127338174351,11.6125981826179,30.));
#2939=CARTESIAN_POINT('Ctrl Pts',(-29.0127338174351,11.6125981826179,59.0127338174351));
#2940=CARTESIAN_POINT('Ctrl Pts',(0.,11.6125981826179,59.0127338174351));
#2941=CARTESIAN_POINT('Ctrl Pts',(29.0127338174351,11.6125981826179,59.0127338174351));
#2942=CARTESIAN_POINT('Ctrl Pts',(29.0127338174351,11.6125981826179,30.));
#2943=CARTESIAN_POINT('Ctrl Pts',(29.0127338174351,11.6125981826179,0.987266182564941));
#2944=CARTESIAN_POINT('Ctrl Pts',(0.,11.6125981826179,0.987266182564941));
#2945=CARTESIAN_POINT('Ctrl Pts',(0.,10.9307490075324,0.902215750475008));
#2946=CARTESIAN_POINT('Ctrl Pts',(-29.097784249525,10.9307490075324,0.902215750475008));
#2947=CARTESIAN_POINT('Ctrl Pts',(-29.097784249525,10.9307490075324,30.));
#2948=CARTESIAN_POINT('Ctrl Pts',(-29.097784249525,10.9307490075324,59.097784249525));
#2949=CARTESIAN_POINT('Ctrl Pts',(0.,10.9307490075324,59.097784249525));
#2950=CARTESIAN_POINT('Ctrl Pts',(29.097784249525,10.9307490075324,59.097784249525));
#2951=CARTESIAN_POINT('Ctrl Pts',(29.097784249525,10.9307490075324,30.));
#2952=CARTESIAN_POINT('Ctrl Pts',(29.097784249525,10.9307490075324,0.902215750475008));
#2953=CARTESIAN_POINT('Ctrl Pts',(0.,10.9307490075324,0.902215750475008));
#2954=CARTESIAN_POINT('Ctrl Pts',(0.,10.2487487249287,0.819793862322431));
#2955=CARTESIAN_POINT('Ctrl Pts',(-29.1802061376776,10.2487487249287,0.819793862322431));
#2956=CARTESIAN_POINT('Ctrl Pts',(-29.1802061376776,10.2487487249287,30.));
#2957=CARTESIAN_POINT('Ctrl Pts',(-29.1802061376776,10.2487487249287,59.1802061376776));
#2958=CARTESIAN_POINT('Ctrl Pts',(0.,10.2487487249287,59.1802061376776));
#2959=CARTESIAN_POINT('Ctrl Pts',(29.1802061376776,10.2487487249287,59.1802061376776));
#2960=CARTESIAN_POINT('Ctrl Pts',(29.1802061376776,10.2487487249287,30.));
#2961=CARTESIAN_POINT('Ctrl Pts',(29.1802061376776,10.2487487249287,0.819793862322449));
#2962=CARTESIAN_POINT('Ctrl Pts',(0.,10.2487487249287,0.819793862322431));
#2963=CARTESIAN_POINT('Ctrl Pts',(0.,9.56659688188059,0.740076777485594));
#2964=CARTESIAN_POINT('Ctrl Pts',(-29.2599232225144,9.56659688188059,0.740076777485594));
#2965=CARTESIAN_POINT('Ctrl Pts',(-29.2599232225144,9.5665968818806,30.));
#2966=CARTESIAN_POINT('Ctrl Pts',(-29.2599232225144,9.5665968818806,59.2599232225144));
#2967=CARTESIAN_POINT('Ctrl Pts',(0.,9.5665968818806,59.2599232225144));
#2968=CARTESIAN_POINT('Ctrl Pts',(29.2599232225144,9.5665968818806,59.2599232225144));
#2969=CARTESIAN_POINT('Ctrl Pts',(29.2599232225144,9.5665968818806,30.));
#2970=CARTESIAN_POINT('Ctrl Pts',(29.2599232225144,9.56659688188059,0.740076777485612));
#2971=CARTESIAN_POINT('Ctrl Pts',(0.,9.56659688188059,0.740076777485594));
#2972=CARTESIAN_POINT('Ctrl Pts',(0.,8.88429337817926,0.66308270714293));
#2973=CARTESIAN_POINT('Ctrl Pts',(-29.3369172928571,8.88429337817926,0.66308270714293));
#2974=CARTESIAN_POINT('Ctrl Pts',(-29.3369172928571,8.88429337817926,30.));
#2975=CARTESIAN_POINT('Ctrl Pts',(-29.3369172928571,8.88429337817926,59.3369172928571));
#2976=CARTESIAN_POINT('Ctrl Pts',(0.,8.88429337817926,59.3369172928571));
#2977=CARTESIAN_POINT('Ctrl Pts',(29.3369172928571,8.88429337817926,59.3369172928571));
#2978=CARTESIAN_POINT('Ctrl Pts',(29.3369172928571,8.88429337817926,30.));
#2979=CARTESIAN_POINT('Ctrl Pts',(29.3369172928571,8.88429337817926,0.66308270714293));
#2980=CARTESIAN_POINT('Ctrl Pts',(0.,8.88429337817926,0.66308270714293));
#2981=CARTESIAN_POINT('Ctrl Pts',(0.,8.20183831606513,0.58879757937758));
#2982=CARTESIAN_POINT('Ctrl Pts',(-29.4112024206224,8.20183831606513,0.58879757937758));
#2983=CARTESIAN_POINT('Ctrl Pts',(-29.4112024206224,8.20183831606513,30.));
#2984=CARTESIAN_POINT('Ctrl Pts',(-29.4112024206224,8.20183831606512,59.4112024206224));
#2985=CARTESIAN_POINT('Ctrl Pts',(0.,8.20183831606512,59.4112024206224));
#2986=CARTESIAN_POINT('Ctrl Pts',(29.4112024206224,8.20183831606512,59.4112024206224));
#2987=CARTESIAN_POINT('Ctrl Pts',(29.4112024206224,8.20183831606513,30.));
#2988=CARTESIAN_POINT('Ctrl Pts',(29.4112024206224,8.20183831606513,0.588797579377598));
#2989=CARTESIAN_POINT('Ctrl Pts',(0.,8.20183831606513,0.58879757937758));
#2990=CARTESIAN_POINT('Ctrl Pts',(0.,7.51923167789082,0.517229268216308));
#2991=CARTESIAN_POINT('Ctrl Pts',(-29.4827707317837,7.51923167789082,0.517229268216308));
#2992=CARTESIAN_POINT('Ctrl Pts',(-29.4827707317837,7.51923167789082,30.));
#2993=CARTESIAN_POINT('Ctrl Pts',(-29.4827707317837,7.51923167789082,59.4827707317837));
#2994=CARTESIAN_POINT('Ctrl Pts',(0.,7.51923167789082,59.4827707317837));
#2995=CARTESIAN_POINT('Ctrl Pts',(29.4827707317837,7.51923167789082,59.4827707317837));
#2996=CARTESIAN_POINT('Ctrl Pts',(29.4827707317837,7.51923167789082,30.));
#2997=CARTESIAN_POINT('Ctrl Pts',(29.4827707317837,7.51923167789082,0.517229268216326));
#2998=CARTESIAN_POINT('Ctrl Pts',(0.,7.51923167789082,0.517229268216308));
#2999=CARTESIAN_POINT('Ctrl Pts',(0.,6.8364730414518,0.448455660522793));
#3000=CARTESIAN_POINT('Ctrl Pts',(-29.5515443394772,6.8364730414518,0.448455660522793));
#3001=CARTESIAN_POINT('Ctrl Pts',(-29.5515443394772,6.83647304145181,30.));
#3002=CARTESIAN_POINT('Ctrl Pts',(-29.5515443394772,6.83647304145181,59.5515443394772));
#3003=CARTESIAN_POINT('Ctrl Pts',(0.,6.83647304145181,59.5515443394772));
#3004=CARTESIAN_POINT('Ctrl Pts',(29.5515443394772,6.83647304145181,59.5515443394772));
#3005=CARTESIAN_POINT('Ctrl Pts',(29.5515443394772,6.83647304145181,30.));
#3006=CARTESIAN_POINT('Ctrl Pts',(29.5515443394772,6.8364730414518,0.448455660522811));
#3007=CARTESIAN_POINT('Ctrl Pts',(0.,6.8364730414518,0.448455660522793));
#3008=CARTESIAN_POINT('Ctrl Pts',(0.,6.1535613141008,0.38266946115991));
#3009=CARTESIAN_POINT('Ctrl Pts',(-29.6173305388401,6.1535613141008,0.38266946115991));
#3010=CARTESIAN_POINT('Ctrl Pts',(-29.6173305388401,6.15356131410079,30.));
#3011=CARTESIAN_POINT('Ctrl Pts',(-29.6173305388401,6.15356131410079,59.6173305388401));
#3012=CARTESIAN_POINT('Ctrl Pts',(0.,6.15356131410079,59.6173305388401));
#3013=CARTESIAN_POINT('Ctrl Pts',(29.6173305388401,6.15356131410079,59.6173305388401));
#3014=CARTESIAN_POINT('Ctrl Pts',(29.6173305388401,6.15356131410079,30.));
#3015=CARTESIAN_POINT('Ctrl Pts',(29.6173305388401,6.1535613141008,0.382669461159928));
#3016=CARTESIAN_POINT('Ctrl Pts',(0.,6.1535613141008,0.38266946115991));
#3017=CARTESIAN_POINT('Ctrl Pts',(0.,5.47049437043576,0.320239369421493));
#3018=CARTESIAN_POINT('Ctrl Pts',(-29.6797606305785,5.47049437043576,0.320239369421493));
#3019=CARTESIAN_POINT('Ctrl Pts',(-29.6797606305785,5.47049437043576,30.));
#3020=CARTESIAN_POINT('Ctrl Pts',(-29.6797606305785,5.47049437043576,59.6797606305785));
#3021=CARTESIAN_POINT('Ctrl Pts',(0.,5.47049437043576,59.6797606305785));
#3022=CARTESIAN_POINT('Ctrl Pts',(29.6797606305785,5.47049437043576,59.6797606305785));
#3023=CARTESIAN_POINT('Ctrl Pts',(29.6797606305785,5.47049437043576,30.));
#3024=CARTESIAN_POINT('Ctrl Pts',(29.6797606305785,5.47049437043576,0.320239369421493));
#3025=CARTESIAN_POINT('Ctrl Pts',(0.,5.47049437043576,0.320239369421493));
#3026=CARTESIAN_POINT('Ctrl Pts',(0.,4.78726930744162,0.261666687030679));
#3027=CARTESIAN_POINT('Ctrl Pts',(-29.7383333129693,4.78726930744162,0.261666687030679));
#3028=CARTESIAN_POINT('Ctrl Pts',(-29.7383333129693,4.78726930744162,30.));
#3029=CARTESIAN_POINT('Ctrl Pts',(-29.7383333129693,4.78726930744162,59.7383333129693));
#3030=CARTESIAN_POINT('Ctrl Pts',(0.,4.78726930744162,59.7383333129693));
#3031=CARTESIAN_POINT('Ctrl Pts',(29.7383333129693,4.78726930744162,59.7383333129693));
#3032=CARTESIAN_POINT('Ctrl Pts',(29.7383333129693,4.78726930744162,30.));
#3033=CARTESIAN_POINT('Ctrl Pts',(29.7383333129693,4.78726930744162,0.261666687030697));
#3034=CARTESIAN_POINT('Ctrl Pts',(0.,4.78726930744162,0.261666687030679));
#3035=CARTESIAN_POINT('Ctrl Pts',(0.,4.10388289224209,0.2075093157708));
#3036=CARTESIAN_POINT('Ctrl Pts',(-29.7924906842292,4.10388289224209,0.2075093157708));
#3037=CARTESIAN_POINT('Ctrl Pts',(-29.7924906842292,4.10388289224208,30.));
#3038=CARTESIAN_POINT('Ctrl Pts',(-29.7924906842292,4.10388289224208,59.7924906842292));
#3039=CARTESIAN_POINT('Ctrl Pts',(0.,4.10388289224208,59.7924906842292));
#3040=CARTESIAN_POINT('Ctrl Pts',(29.7924906842292,4.10388289224208,59.7924906842292));
#3041=CARTESIAN_POINT('Ctrl Pts',(29.7924906842292,4.10388289224208,30.));
#3042=CARTESIAN_POINT('Ctrl Pts',(29.7924906842292,4.10388289224209,0.2075093157708));
#3043=CARTESIAN_POINT('Ctrl Pts',(0.,4.10388289224209,0.2075093157708));
#3044=CARTESIAN_POINT('Ctrl Pts',(0.,3.42033195354492,0.158315307448262));
#3045=CARTESIAN_POINT('Ctrl Pts',(-29.8416846925517,3.42033195354492,0.158315307448262));
#3046=CARTESIAN_POINT('Ctrl Pts',(-29.8416846925517,3.42033195354492,30.));
#3047=CARTESIAN_POINT('Ctrl Pts',(-29.8416846925517,3.42033195354491,59.8416846925517));
#3048=CARTESIAN_POINT('Ctrl Pts',(0.,3.42033195354491,59.8416846925517));
#3049=CARTESIAN_POINT('Ctrl Pts',(29.8416846925517,3.42033195354491,59.8416846925517));
#3050=CARTESIAN_POINT('Ctrl Pts',(29.8416846925517,3.42033195354492,30.));
#3051=CARTESIAN_POINT('Ctrl Pts',(29.8416846925517,3.42033195354492,0.158315307448262));
#3052=CARTESIAN_POINT('Ctrl Pts',(0.,3.42033195354492,0.158315307448262));
#3053=CARTESIAN_POINT('Ctrl Pts',(0.,2.73661377845161,0.114555478643208));
#3054=CARTESIAN_POINT('Ctrl Pts',(-29.8854445213568,2.73661377845161,0.114555478643208));
#3055=CARTESIAN_POINT('Ctrl Pts',(-29.8854445213568,2.73661377845161,30.));
#3056=CARTESIAN_POINT('Ctrl Pts',(-29.8854445213568,2.73661377845161,59.8854445213568));
#3057=CARTESIAN_POINT('Ctrl Pts',(0.,2.73661377845161,59.8854445213568));
#3058=CARTESIAN_POINT('Ctrl Pts',(29.8854445213568,2.73661377845161,59.8854445213568));
#3059=CARTESIAN_POINT('Ctrl Pts',(29.8854445213568,2.73661377845161,30.));
#3060=CARTESIAN_POINT('Ctrl Pts',(29.8854445213568,2.73661377845161,0.114555478643226));
#3061=CARTESIAN_POINT('Ctrl Pts',(0.,2.73661377845161,0.114555478643208));
#3062=CARTESIAN_POINT('Ctrl Pts',(0.,2.05272655538283,0.0765483097272224));
#3063=CARTESIAN_POINT('Ctrl Pts',(-29.9234516902728,2.05272655538283,0.0765483097272224));
#3064=CARTESIAN_POINT('Ctrl Pts',(-29.9234516902728,2.05272655538283,30.));
#3065=CARTESIAN_POINT('Ctrl Pts',(-29.9234516902728,2.05272655538283,59.9234516902728));
#3066=CARTESIAN_POINT('Ctrl Pts',(0.,2.05272655538283,59.9234516902728));
#3067=CARTESIAN_POINT('Ctrl Pts',(29.9234516902728,2.05272655538283,59.9234516902728));
#3068=CARTESIAN_POINT('Ctrl Pts',(29.9234516902728,2.05272655538283,30.));
#3069=CARTESIAN_POINT('Ctrl Pts',(29.9234516902728,2.05272655538283,0.0765483097272401));
#3070=CARTESIAN_POINT('Ctrl Pts',(0.,2.05272655538283,0.0765483097272224));
#3071=CARTESIAN_POINT('Ctrl Pts',(0.,1.36866923759876,0.0444820722298722));
#3072=CARTESIAN_POINT('Ctrl Pts',(-29.9555179277701,1.36866923759876,0.0444820722298722));
#3073=CARTESIAN_POINT('Ctrl Pts',(-29.9555179277701,1.36866923759876,30.));
#3074=CARTESIAN_POINT('Ctrl Pts',(-29.9555179277701,1.36866923759876,59.9555179277701));
#3075=CARTESIAN_POINT('Ctrl Pts',(0.,1.36866923759876,59.9555179277701));
#3076=CARTESIAN_POINT('Ctrl Pts',(29.9555179277701,1.36866923759876,59.9555179277701));
#3077=CARTESIAN_POINT('Ctrl Pts',(29.9555179277701,1.36866923759876,30.));
#3078=CARTESIAN_POINT('Ctrl Pts',(29.9555179277701,1.36866923759876,0.0444820722298722));
#3079=CARTESIAN_POINT('Ctrl Pts',(0.,1.36866923759876,0.0444820722298722));
#3080=CARTESIAN_POINT('Ctrl Pts',(0.,0.821286908072749,0.0236568642050194));
#3081=CARTESIAN_POINT('Ctrl Pts',(-29.976343135795,0.821286908072749,0.0236568642050194));
#3082=CARTESIAN_POINT('Ctrl Pts',(-29.976343135795,0.821286908072754,30.));
#3083=CARTESIAN_POINT('Ctrl Pts',(-29.976343135795,0.821286908072758,59.976343135795));
#3084=CARTESIAN_POINT('Ctrl Pts',(0.,0.821286908072758,59.976343135795));
#3085=CARTESIAN_POINT('Ctrl Pts',(29.976343135795,0.821286908072758,59.976343135795));
#3086=CARTESIAN_POINT('Ctrl Pts',(29.976343135795,0.821286908072754,30.));
#3087=CARTESIAN_POINT('Ctrl Pts',(29.976343135795,0.821286908072749,0.0236568642050372));
#3088=CARTESIAN_POINT('Ctrl Pts',(0.,0.821286908072749,0.0236568642050194));
#3089=CARTESIAN_POINT('Ctrl Pts',(0.,0.410673330458401,0.010767146526085));
#3090=CARTESIAN_POINT('Ctrl Pts',(-29.9892328534739,0.410673330458401,0.010767146526085));
#3091=CARTESIAN_POINT('Ctrl Pts',(-29.9892328534739,0.410673330458398,30.));
#3092=CARTESIAN_POINT('Ctrl Pts',(-29.9892328534739,0.410673330458394,59.9892328534739));
#3093=CARTESIAN_POINT('Ctrl Pts',(0.,0.410673330458394,59.9892328534739));
#3094=CARTESIAN_POINT('Ctrl Pts',(29.9892328534739,0.410673330458394,59.9892328534739));
#3095=CARTESIAN_POINT('Ctrl Pts',(29.9892328534739,0.410673330458398,30.));
#3096=CARTESIAN_POINT('Ctrl Pts',(29.9892328534739,0.410673330458401,0.0107671465261028));
#3097=CARTESIAN_POINT('Ctrl Pts',(0.,0.410673330458401,0.010767146526085));
#3098=CARTESIAN_POINT('Ctrl Pts',(0.,0.136896800897225,0.00338689964992867));
#3099=CARTESIAN_POINT('Ctrl Pts',(-29.9966131003501,0.136896800897225,0.00338689964992867));
#3100=CARTESIAN_POINT('Ctrl Pts',(-29.9966131003501,0.136896800897226,30.));
#3101=CARTESIAN_POINT('Ctrl Pts',(-29.9966131003501,0.136896800897227,59.9966131003501));
#3102=CARTESIAN_POINT('Ctrl Pts',(0.,0.136896800897227,59.9966131003501));
#3103=CARTESIAN_POINT('Ctrl Pts',(29.9966131003501,0.136896800897227,59.9966131003501));
#3104=CARTESIAN_POINT('Ctrl Pts',(29.9966131003501,0.136896800897226,30.));
#3105=CARTESIAN_POINT('Ctrl Pts',(29.9966131003501,0.136896800897225,0.00338689964992867));
#3106=CARTESIAN_POINT('Ctrl Pts',(0.,0.136896800897225,0.00338689964992867));
#3107=CARTESIAN_POINT('Ctrl Pts',(0.,0.,0.));
#3108=CARTESIAN_POINT('Ctrl Pts',(-30.,0.,0.));
#3109=CARTESIAN_POINT('Ctrl Pts',(-30.,0.,30.));
#3110=CARTESIAN_POINT('Ctrl Pts',(-30.,0.,60.));
#3111=CARTESIAN_POINT('Ctrl Pts',(0.,0.,60.));
#3112=CARTESIAN_POINT('Ctrl Pts',(30.,0.,60.));
#3113=CARTESIAN_POINT('Ctrl Pts',(30.,0.,30.));
#3114=CARTESIAN_POINT('Ctrl Pts',(30.,0.,1.77635683940025E-14));
#3115=CARTESIAN_POINT('Ctrl Pts',(0.,0.,0.));
#3116=CARTESIAN_POINT('',(0.,100.,30.));
#3117=CARTESIAN_POINT('Ctrl Pts',(0.,100.,30.));
#3118=CARTESIAN_POINT('Ctrl Pts',(0.,99.8877686612804,29.872617515341));
#3119=CARTESIAN_POINT('Ctrl Pts',(0.,99.662255042036,29.621450666226));
#3120=CARTESIAN_POINT('Ctrl Pts',(0.,99.3208318014212,29.2554947093643));
#3121=CARTESIAN_POINT('Ctrl Pts',(0.,98.8592946157236,28.7891440088399));
#3122=CARTESIAN_POINT('Ctrl Pts',(0.,98.2719320474763,28.2419675217096));
#3123=CARTESIAN_POINT('Ctrl Pts',(0.,97.6743384985192,27.7298771081308));
#3124=CARTESIAN_POINT('Ctrl Pts',(0.,97.066941526425,27.2514968438013));
#3125=CARTESIAN_POINT('Ctrl Pts',(0.,96.4504486240409,26.8045492045283));
#3126=CARTESIAN_POINT('Ctrl Pts',(0.,95.825943585658,26.3855449955496));
#3127=CARTESIAN_POINT('Ctrl Pts',(0.,95.1948744846782,25.9898206136351));
#3128=CARTESIAN_POINT('Ctrl Pts',(0.,94.5588380521801,25.6122277759689));
#3129=CARTESIAN_POINT('Ctrl Pts',(0.,93.9194067826091,25.2476862866342));
#3130=CARTESIAN_POINT('Ctrl Pts',(0.,93.2779425423948,24.8917801388735));
#3131=CARTESIAN_POINT('Ctrl Pts',(0.,92.6354074208791,24.5413622485653));
#3132=CARTESIAN_POINT('Ctrl Pts',(0.,91.9922000201032,24.1950782299065));
#3133=CARTESIAN_POINT('Ctrl Pts',(0.,91.3483263722333,23.8528244331869));
#3134=CARTESIAN_POINT('Ctrl Pts',(0.,90.7035456033921,23.5152864000916));
#3135=CARTESIAN_POINT('Ctrl Pts',(0.,90.0575272565411,23.1834402323346));
#3136=CARTESIAN_POINT('Ctrl Pts',(0.,89.4099987336593,22.8580853135375));
#3137=CARTESIAN_POINT('Ctrl Pts',(0.,88.7609100844259,22.5393220952741));
#3138=CARTESIAN_POINT('Ctrl Pts',(0.,88.1103818739651,22.226716477446));
#3139=CARTESIAN_POINT('Ctrl Pts',(0.,87.4586351591654,21.9195208167671));
#3140=CARTESIAN_POINT('Ctrl Pts',(0.,86.8059260075098,21.6168805489751));
#3141=CARTESIAN_POINT('Ctrl Pts',(0.,86.1524824419617,21.3180331596425));
#3142=CARTESIAN_POINT('Ctrl Pts',(0.,85.4984291307904,21.0225458728561));
#3143=CARTESIAN_POINT('Ctrl Pts',(0.,84.843800352799,20.730274411939));
#3144=CARTESIAN_POINT('Ctrl Pts',(0.,84.188575252576,20.4412513301538));
#3145=CARTESIAN_POINT('Ctrl Pts',(0.,83.5327065271529,20.1555950923206));
#3146=CARTESIAN_POINT('Ctrl Pts',(0.,82.8761495149259,19.8734178971094));
#3147=CARTESIAN_POINT('Ctrl Pts',(0.,82.2188970550242,19.5947152366655));
#3148=CARTESIAN_POINT('Ctrl Pts',(0.,81.5609786155004,19.3193685091334));
#3149=CARTESIAN_POINT('Ctrl Pts',(0.,80.9024442330871,19.047195686414));
#3150=CARTESIAN_POINT('Ctrl Pts',(0.,80.2433528966778,18.7779879201486));
#3151=CARTESIAN_POINT('Ctrl Pts',(0.,79.5837601539385,18.5115486117434));
#3152=CARTESIAN_POINT('Ctrl Pts',(0.,78.9237033678707,18.2477399022723));
#3153=CARTESIAN_POINT('Ctrl Pts',(0.,78.2632009812623,17.9864849118247));
#3154=CARTESIAN_POINT('Ctrl Pts',(0.,77.6022600037081,17.7277440028797));
#3155=CARTESIAN_POINT('Ctrl Pts',(0.,76.9408811657972,17.4714984121367));
#3156=CARTESIAN_POINT('Ctrl Pts',(0.,76.2790645609497,17.2177323450263));
#3157=CARTESIAN_POINT('Ctrl Pts',(0.,75.6168162633865,16.9664119781065));
#3158=CARTESIAN_POINT('Ctrl Pts',(0.,74.9541492319394,16.7174825476858));
#3159=CARTESIAN_POINT('Ctrl Pts',(0.,74.2910800793714,16.4708785238715));
#3160=CARTESIAN_POINT('Ctrl Pts',(0.,73.6276269839076,16.2265301688274));
#3161=CARTESIAN_POINT('Ctrl Pts',(0.,72.9638073336878,15.9843709420719));
#3162=CARTESIAN_POINT('Ctrl Pts',(0.,72.2996349822961,15.7443461318927));
#3163=CARTESIAN_POINT('Ctrl Pts',(0.,71.6351198183581,15.5064141815094));
#3164=CARTESIAN_POINT('Ctrl Pts',(0.,70.9702692454547,15.2705419839571));
#3165=CARTESIAN_POINT('Ctrl Pts',(0.,70.3050891466696,15.0367018035323));
#3166=CARTESIAN_POINT('Ctrl Pts',(0.,69.6395849716039,14.8048678116264));
#3167=CARTESIAN_POINT('Ctrl Pts',(0.,68.973762990911,14.5750120906028));
#3168=CARTESIAN_POINT('Ctrl Pts',(0.,68.30763056086,14.3471037745529));
#3169=CARTESIAN_POINT('Ctrl Pts',(0.,67.6411955145423,14.121110957009));
#3170=CARTESIAN_POINT('Ctrl Pts',(0.,66.974465786283,13.8970018593727));
#3171=CARTESIAN_POINT('Ctrl Pts',(0.,66.3074489781793,13.6747461833322));
#3172=CARTESIAN_POINT('Ctrl Pts',(0.,65.6401518583022,13.4543166777211));
#3173=CARTESIAN_POINT('Ctrl Pts',(0.,64.9725802750877,13.235689394114));
#3174=CARTESIAN_POINT('Ctrl Pts',(0.,64.3047394448535,13.0188427665365));
#3175=CARTESIAN_POINT('Ctrl Pts',(0.,63.636634140293,12.8037570028563));
#3176=CARTESIAN_POINT('Ctrl Pts',(0.,62.9682689026993,12.5904134018134));
#3177=CARTESIAN_POINT('Ctrl Pts',(0.,62.2996482857283,12.3787935690932));
#3178=CARTESIAN_POINT('Ctrl Pts',(0.,61.6307769105428,12.1688792332106));
#3179=CARTESIAN_POINT('Ctrl Pts',(0.,60.9616593576448,11.9606525805214));
#3180=CARTESIAN_POINT('Ctrl Pts',(0.,60.2923001025795,11.7540964504315));
#3181=CARTESIAN_POINT('Ctrl Pts',(0.,59.6227034406974,11.5491945656578));
#3182=CARTESIAN_POINT('Ctrl Pts',(0.,58.9528733992288,11.3459318016355));
#3183=CARTESIAN_POINT('Ctrl Pts',(0.,58.2828137298438,11.144294204035));
#3184=CARTESIAN_POINT('Ctrl Pts',(0.,57.6125279661021,10.9442688030496));
#3185=CARTESIAN_POINT('Ctrl Pts',(0.,56.9420194633871,10.7458434822004));
#3186=CARTESIAN_POINT('Ctrl Pts',(0.,56.2712914428216,10.5490068349117));
#3187=CARTESIAN_POINT('Ctrl Pts',(0.,55.6003470416003,10.35374799985));
#3188=CARTESIAN_POINT('Ctrl Pts',(0.,54.9291893242509,10.1600566225445));
#3189=CARTESIAN_POINT('Ctrl Pts',(0.,54.2578212659202,9.96792290726408));
#3190=CARTESIAN_POINT('Ctrl Pts',(0.,53.5862457435174,9.7773376432626));
#3191=CARTESIAN_POINT('Ctrl Pts',(0.,52.9144655249091,9.58829223739796));
#3192=CARTESIAN_POINT('Ctrl Pts',(0.,52.2424832558572,9.40077875327027));
#3193=CARTESIAN_POINT('Ctrl Pts',(0.,51.570301462913,9.21478990138002));
#3194=CARTESIAN_POINT('Ctrl Pts',(0.,50.8979225661969,9.03031899886507));
#3195=CARTESIAN_POINT('Ctrl Pts',(0.,50.2253488894455,8.84735993727281));
#3196=CARTESIAN_POINT('Ctrl Pts',(0.,49.5525826706017,8.66590714896038));
#3197=CARTESIAN_POINT('Ctrl Pts',(0.,48.8796260737942,8.48595556790032));
#3198=CARTESIAN_POINT('Ctrl Pts',(0.,48.2064811925459,8.30750062278577));
#3199=CARTESIAN_POINT('Ctrl Pts',(0.,47.5331500485605,8.13053824620102));
#3200=CARTESIAN_POINT('Ctrl Pts',(0.,46.8596345918698,7.95506487868252));
#3201=CARTESIAN_POINT('Ctrl Pts',(0.,46.1859367006451,7.78107747380458));
#3202=CARTESIAN_POINT('Ctrl Pts',(0.,45.5120581807237,7.60857350431941));
#3203=CARTESIAN_POINT('Ctrl Pts',(0.,44.8380007680563,7.43755095670629));
#3204=CARTESIAN_POINT('Ctrl Pts',(0.,44.1637661323534,7.26800832110824));
#3205=CARTESIAN_POINT('Ctrl Pts',(0.,43.4893558804306,7.09994458188808));
#3206=CARTESIAN_POINT('Ctrl Pts',(0.,42.8147715595997,6.93335920881641));
#3207=CARTESIAN_POINT('Ctrl Pts',(0.,42.1400146614001,6.76825214438438));
#3208=CARTESIAN_POINT('Ctrl Pts',(0.,41.4650866230136,6.60462381472005));
#3209=CARTESIAN_POINT('Ctrl Pts',(0.,40.7899888280214,6.44247514684256));
#3210=CARTESIAN_POINT('Ctrl Pts',(0.,40.1147226074173,6.28180758393746));
#3211=CARTESIAN_POINT('Ctrl Pts',(0.,39.4392892405739,6.12262309997108));
#3212=CARTESIAN_POINT('Ctrl Pts',(0.,38.7636899562276,5.96492421717397));
#3213=CARTESIAN_POINT('Ctrl Pts',(0.,38.0879259339007,5.80871399591414));
#3214=CARTESIAN_POINT('Ctrl Pts',(0.,37.4119983054358,5.65399601950794));
#3215=CARTESIAN_POINT('Ctrl Pts',(0.,36.7359081565461,5.50077437948628));
#3216=CARTESIAN_POINT('Ctrl Pts',(0.,36.0596565283703,5.3490536624996));
#3217=CARTESIAN_POINT('Ctrl Pts',(0.,35.3832444191558,5.19883893029302));
#3218=CARTESIAN_POINT('Ctrl Pts',(0.,34.7066727846995,5.05013578441522));
#3219=CARTESIAN_POINT('Ctrl Pts',(0.,34.0299425386848,4.90295043939415));
#3220=CARTESIAN_POINT('Ctrl Pts',(0.,33.3530545530929,4.75728979308011));
#3221=CARTESIAN_POINT('Ctrl Pts',(0.,32.6760096586333,4.61316149664436));
#3222=CARTESIAN_POINT('Ctrl Pts',(0.,31.9988086451917,4.47057402776821));
#3223=CARTESIAN_POINT('Ctrl Pts',(0.,31.3214522631283,4.32953659584587));
#3224=CARTESIAN_POINT('Ctrl Pts',(0.,30.6439412246393,4.19005904077711));
#3225=CARTESIAN_POINT('Ctrl Pts',(0.,29.9662762051153,4.05215173673762));
#3226=CARTESIAN_POINT('Ctrl Pts',(0.,29.2884578445913,3.91582548669195));
#3227=CARTESIAN_POINT('Ctrl Pts',(0.,28.6104867490701,3.78109143927452));
#3228=CARTESIAN_POINT('Ctrl Pts',(0.,27.9323634888625,3.64796143471589));
#3229=CARTESIAN_POINT('Ctrl Pts',(0.,27.2540885970315,3.51644834123494));
#3230=CARTESIAN_POINT('Ctrl Pts',(0.,26.575662567943,3.38656637724988));
#3231=CARTESIAN_POINT('Ctrl Pts',(0.,25.8970858555706,3.25833148007696));
#3232=CARTESIAN_POINT('Ctrl Pts',(0.,25.2183588726471,3.13176153697233));
#3233=CARTESIAN_POINT('Ctrl Pts',(0.,24.5394819951987,3.00687571265083));
#3234=CARTESIAN_POINT('Ctrl Pts',(0.,23.860455566775,2.8836938351855));
#3235=CARTESIAN_POINT('Ctrl Pts',(0.,23.1812799023902,2.76223583066189));
#3236=CARTESIAN_POINT('Ctrl Pts',(0.,22.5019552936773,2.6425209687258));
#3237=CARTESIAN_POINT('Ctrl Pts',(0.,21.8224820103761,2.52456770009257));
#3238=CARTESIAN_POINT('Ctrl Pts',(0.,21.1428602889185,2.40839556474839));
#3239=CARTESIAN_POINT('Ctrl Pts',(0.,20.4630903224132,2.29402688209868));
#3240=CARTESIAN_POINT('Ctrl Pts',(0.,19.7831722515058,2.18148830186855));
#3241=CARTESIAN_POINT('Ctrl Pts',(0.,19.1031061516144,2.07081294857176));
#3242=CARTESIAN_POINT('Ctrl Pts',(0.,18.4228920324547,1.96204057622007));
#3243=CARTESIAN_POINT('Ctrl Pts',(0.,17.7425298633785,1.85521354208468));
#3244=CARTESIAN_POINT('Ctrl Pts',(0.,17.0620195954107,1.7503733184207));
#3245=CARTESIAN_POINT('Ctrl Pts',(0.,16.3813611805407,1.6475574582484));
#3246=CARTESIAN_POINT('Ctrl Pts',(0.,15.7005546021187,1.54679475517142));
#3247=CARTESIAN_POINT('Ctrl Pts',(0.,15.0195998653813,1.4481069067504));
#3248=CARTESIAN_POINT('Ctrl Pts',(0.,14.3384969348156,1.35151885502141));
#3249=CARTESIAN_POINT('Ctrl Pts',(0.,13.6572456797123,1.2570677850556));
#3250=CARTESIAN_POINT('Ctrl Pts',(0.,12.9758458268761,1.16481098811988));
#3251=CARTESIAN_POINT('Ctrl Pts',(0.,12.2942968847449,1.07483832568608));
#3252=CARTESIAN_POINT('Ctrl Pts',(0.,11.6125981826179,0.987266182564941));
#3253=CARTESIAN_POINT('Ctrl Pts',(0.,10.9307490075324,0.902215750475008));
#3254=CARTESIAN_POINT('Ctrl Pts',(0.,10.2487487249287,0.819793862322431));
#3255=CARTESIAN_POINT('Ctrl Pts',(0.,9.56659688188059,0.740076777485594));
#3256=CARTESIAN_POINT('Ctrl Pts',(0.,8.88429337817926,0.66308270714293));
#3257=CARTESIAN_POINT('Ctrl Pts',(0.,8.20183831606513,0.58879757937758));
#3258=CARTESIAN_POINT('Ctrl Pts',(0.,7.51923167789082,0.517229268216308));
#3259=CARTESIAN_POINT('Ctrl Pts',(0.,6.8364730414518,0.448455660522793));
#3260=CARTESIAN_POINT('Ctrl Pts',(0.,6.1535613141008,0.38266946115991));
#3261=CARTESIAN_POINT('Ctrl Pts',(0.,5.47049437043576,0.320239369421493));
#3262=CARTESIAN_POINT('Ctrl Pts',(0.,4.78726930744162,0.261666687030679));
#3263=CARTESIAN_POINT('Ctrl Pts',(0.,4.10388289224209,0.2075093157708));
#3264=CARTESIAN_POINT('Ctrl Pts',(0.,3.42033195354492,0.158315307448262));
#3265=CARTESIAN_POINT('Ctrl Pts',(0.,2.73661377845161,0.114555478643208));
#3266=CARTESIAN_POINT('Ctrl Pts',(0.,2.05272655538283,0.0765483097272224));
#3267=CARTESIAN_POINT('Ctrl Pts',(0.,1.36866923759876,0.0444820722298722));
#3268=CARTESIAN_POINT('Ctrl Pts',(0.,0.821286908072749,0.0236568642050194));
#3269=CARTESIAN_POINT('Ctrl Pts',(0.,0.410673330458401,0.010767146526085));
#3270=CARTESIAN_POINT('Ctrl Pts',(0.,0.136896800897225,0.00338689964992867));
#3271=CARTESIAN_POINT('Ctrl Pts',(0.,0.,0.));
#3272=UNCERTAINTY_MEASURE_WITH_UNIT(LENGTH_MEASURE(0.01),#3276,
'DISTANCE_ACCURACY_VALUE',
'Maximum model space distance between geometric entities at asserted c
onnectivities');
#3273=UNCERTAINTY_MEASURE_WITH_UNIT(LENGTH_MEASURE(0.01),#3276,
'DISTANCE_ACCURACY_VALUE',
'Maximum model space distance between geometric entities at asserted c
onnectivities');
#3274=(
GEOMETRIC_REPRESENTATION_CONTEXT(3)
GLOBAL_UNCERTAINTY_ASSIGNED_CONTEXT((#3272))
GLOBAL_UNIT_ASSIGNED_CONTEXT((#3276,#3278,#3279))
REPRESENTATION_CONTEXT('','3D')
);
#3275=(
GEOMETRIC_REPRESENTATION_CONTEXT(3)
GLOBAL_UNCERTAINTY_ASSIGNED_CONTEXT((#3273))
GLOBAL_UNIT_ASSIGNED_CONTEXT((#3276,#3278,#3279))
REPRESENTATION_CONTEXT('','3D')
);
#3276=(
LENGTH_UNIT()
NAMED_UNIT(*)
SI_UNIT(.MILLI.,.METRE.)
);
#3277=(
LENGTH_UNIT()
NAMED_UNIT(*)
SI_UNIT($,.METRE.)
);
#3278=(
NAMED_UNIT(*)
PLANE_ANGLE_UNIT()
SI_UNIT($,.RADIAN.)
);
#3279=(
NAMED_UNIT(*)
SI_UNIT($,.STERADIAN.)
SOLID_ANGLE_UNIT()
);
#3280=SHAPE_DEFINITION_REPRESENTATION(#3281,#3282);
#3281=PRODUCT_DEFINITION_SHAPE('',$,#3284);
#3282=SHAPE_REPRESENTATION('',(#112),#3274);
#3283=PRODUCT_DEFINITION_CONTEXT('part definition',#3288,'design');
#3284=PRODUCT_DEFINITION('2026-09-18-18-34-11-346','Nose Cone',#3285,#3283);
#3285=PRODUCT_DEFINITION_FORMATION('',$,#3290);
#3286=PRODUCT_RELATED_PRODUCT_CATEGORY('Nose Cone','Nose Cone',(#3290));
#3287=APPLICATION_PROTOCOL_DEFINITION('international standard',
'automotive_design',2009,#3288);
#3288=APPLICATION_CONTEXT(
'Core Data for Automotive Mechanical Design Process');
#3289=PRODUCT_CONTEXT('part definition',#3288,'mechanical');
#3290=PRODUCT('2026-09-18-18-34-11-346','Nose Cone',$,(#3289));
#3291=PRESENTATION_STYLE_ASSIGNMENT((#3292));
#3292=SURFACE_STYLE_USAGE(.BOTH.,#3293);
#3293=SURFACE_SIDE_STYLE('',(#3294));
#3294=SURFACE_STYLE_FILL_AREA(#3295);
#3295=FILL_AREA_STYLE('Steel - Satin',(#3296));
#3296=FILL_AREA_STYLE_COLOUR('Steel - Satin',#3297);
#3297=COLOUR_RGB('Steel - Satin',0.627450980392157,0.627450980392157,0.627450980392157);
ENDSEC;
END-ISO-10303-21;
